[0;34m[INFO][0m Requesting sudo authentication once for long benchmark run...
[0;34m[INFO][0m Starting benchmarks at Thu May  7 11:48:27 PM CEST 2026
[0;34m[INFO][0m Results will be saved to: results/2026-05-07_234827
[0;34m[INFO][0m HTTP client max workers: System default (column "HTTP Max Workers" in static/dynamic CSVs; set HTTP_MAX_WORKERS=100 for reproducible runs)

[0;34m──────────────── Run plan ─────────────────[0m
[0;34m[INFO][0m Log file (full output): logs/run_2026-05-07_234827.log
[0;34m[INFO][0m Results directory: results/2026-05-07_234827
[0;34m[INFO][0m Total measurement steps (each step = one HTTP or WebSocket measurement): [0;32m406[0m
[0;34m[INFO][0m   · Static HTTP:     11 containers × 13 levels = 143
[0;34m[INFO][0m   · Dynamic HTTP:    11 containers × 13 levels = 143
[0;34m[INFO][0m   · WebSocket grid:  5 × 18 (burst+stream invocations) = 90
[0;34m[INFO][0m   · WS concurrency:  5 × 3 = 15
[0;34m[INFO][0m   · WS payload:      5 × 3 = 15
[0;34m[INFO][0m Measurement output is compact (BENCH_MEASURE_QUIET=1): magenta [MEASURE] lines + load heartbeats every 60s for HTTP+WebSocket. BENCH_MEASURE_QUIET=0 or MEASURE_HEARTBEAT_SEC=3600 to reduce noise.
[0;34m[INFO][0m While running: [0;36mtail -f logs/run_2026-05-07_234827.log[0m
[0;34m[INFO][0m Milestones only: [0;36mgrep -F '[PROGRESS]' logs/run_2026-05-07_234827.log[0m
[0;34m────────────────────────────────────────────[0m

[0;34m[INFO][0m Running all benchmarks...

[0;34m=== Static Container Tests ===[0m
[0;34mRunning static tests for st-elixir-index-1-19-5 on port 8001[0m (1/11)
[0;36m[PROGRESS][0m 1/406 (0%) | elapsed 0s | ETA ~0s | remaining 405 | static HTTP | st-elixir-index-1-19-5 | level 1/13 | 100 requests
[0;35m[MEASURE][0m st-elixir-index-1-19-5 | Docker start + HTTP readiness wait …
[0;35m[MEASURE][0m st-elixir-index-1-19-5 | Scaphandre power sampling + HTTP load | 100 GET → http://localhost:8001/
[0;35m[MEASURE][0m st-elixir-index-1-19-5 | stopping Scaphandre + appending CSV …
[0;35m[MEASURE][0m st-elixir-index-1-19-5 | [0;32m100/100 ok[0m | 0.1s | 1053 req/s | results/2026-05-07_234827/static/st-elixir-index-1-19-5.csv
[0;36m[PROGRESS][0m 2/406 (0%) | elapsed 45s | ETA ~2h31m | remaining 404 | static HTTP | st-elixir-index-1-19-5 | level 2/13 | 1000 requests
[0;35m[MEASURE][0m st-elixir-index-1-19-5 | Docker start + HTTP readiness wait …
[0;35m[MEASURE][0m st-elixir-index-1-19-5 | Scaphandre power sampling + HTTP load | 1000 GET → http://localhost:8001/
[0;35m[MEASURE][0m st-elixir-index-1-19-5 | stopping Scaphandre + appending CSV …
[0;35m[MEASURE][0m st-elixir-index-1-19-5 | [0;32m1000/1000 ok[0m | 1.2s | 860 req/s | results/2026-05-07_234827/static/st-elixir-index-1-19-5.csv
[0;36m[PROGRESS][0m 3/406 (0%) | elapsed 1m33s | ETA ~3h28m | remaining 403 | static HTTP | st-elixir-index-1-19-5 | level 3/13 | 5000 requests
[0;35m[MEASURE][0m st-elixir-index-1-19-5 | Docker start + HTTP readiness wait …
[0;35m[MEASURE][0m st-elixir-index-1-19-5 | Scaphandre power sampling + HTTP load | 5000 GET → http://localhost:8001/
[0;35m[MEASURE][0m st-elixir-index-1-19-5 | stopping Scaphandre + appending CSV …
[0;35m[MEASURE][0m st-elixir-index-1-19-5 | [0;32m5000/5000 ok[0m | 3.2s | 1586 req/s | results/2026-05-07_234827/static/st-elixir-index-1-19-5.csv
[0;36m[PROGRESS][0m 4/406 (0%) | elapsed 2m20s | ETA ~3h54m | remaining 402 | static HTTP | st-elixir-index-1-19-5 | level 4/13 | 8000 requests
[0;35m[MEASURE][0m st-elixir-index-1-19-5 | Docker start + HTTP readiness wait …
[0;35m[MEASURE][0m st-elixir-index-1-19-5 | Scaphandre power sampling + HTTP load | 8000 GET → http://localhost:8001/
[0;35m[MEASURE][0m st-elixir-index-1-19-5 | stopping Scaphandre + appending CSV …
[0;35m[MEASURE][0m st-elixir-index-1-19-5 | [0;32m8000/8000 ok[0m | 5.1s | 1583 req/s | results/2026-05-07_234827/static/st-elixir-index-1-19-5.csv
[0;36m[PROGRESS][0m 5/406 (1%) | elapsed 3m09s | ETA ~4h12m | remaining 401 | static HTTP | st-elixir-index-1-19-5 | level 5/13 | 10000 requests
[0;35m[MEASURE][0m st-elixir-index-1-19-5 | Docker start + HTTP readiness wait …
[0;35m[MEASURE][0m st-elixir-index-1-19-5 | Scaphandre power sampling + HTTP load | 10000 GET → http://localhost:8001/
[0;35m[MEASURE][0m st-elixir-index-1-19-5 | stopping Scaphandre + appending CSV …
[0;35m[MEASURE][0m st-elixir-index-1-19-5 | [0;32m10000/10000 ok[0m | 6.3s | 1578 req/s | results/2026-05-07_234827/static/st-elixir-index-1-19-5.csv
[0;36m[PROGRESS][0m 6/406 (1%) | elapsed 4m01s | ETA ~4h27m | remaining 400 | static HTTP | st-elixir-index-1-19-5 | level 6/13 | 15000 requests
[0;35m[MEASURE][0m st-elixir-index-1-19-5 | Docker start + HTTP readiness wait …
[0;35m[MEASURE][0m st-elixir-index-1-19-5 | Scaphandre power sampling + HTTP load | 15000 GET → http://localhost:8001/
[0;35m[MEASURE][0m st-elixir-index-1-19-5 | stopping Scaphandre + appending CSV …
[0;35m[MEASURE][0m st-elixir-index-1-19-5 | [0;32m15000/15000 ok[0m | 9.5s | 1578 req/s | results/2026-05-07_234827/static/st-elixir-index-1-19-5.csv
[0;36m[PROGRESS][0m 7/406 (1%) | elapsed 4m54s | ETA ~4h39m | remaining 399 | static HTTP | st-elixir-index-1-19-5 | level 7/13 | 20000 requests
[0;35m[MEASURE][0m st-elixir-index-1-19-5 | Docker start + HTTP readiness wait …
[0;35m[MEASURE][0m st-elixir-index-1-19-5 | Scaphandre power sampling + HTTP load | 20000 GET → http://localhost:8001/
[0;35m[MEASURE][0m st-elixir-index-1-19-5 | stopping Scaphandre + appending CSV …
[0;35m[MEASURE][0m st-elixir-index-1-19-5 | [0;32m20000/20000 ok[0m | 13.1s | 1522 req/s | results/2026-05-07_234827/static/st-elixir-index-1-19-5.csv
[0;36m[PROGRESS][0m 8/406 (1%) | elapsed 5m52s | ETA ~4h51m | remaining 398 | static HTTP | st-elixir-index-1-19-5 | level 8/13 | 30000 requests
[0;35m[MEASURE][0m st-elixir-index-1-19-5 | Docker start + HTTP readiness wait …
[0;35m[MEASURE][0m st-elixir-index-1-19-5 | Scaphandre power sampling + HTTP load | 30000 GET → http://localhost:8001/
[0;35m[MEASURE][0m st-elixir-index-1-19-5 | stopping Scaphandre + appending CSV …
[0;35m[MEASURE][0m st-elixir-index-1-19-5 | [0;32m30000/30000 ok[0m | 20.5s | 1465 req/s | results/2026-05-07_234827/static/st-elixir-index-1-19-5.csv
[0;36m[PROGRESS][0m 9/406 (2%) | elapsed 6m58s | ETA ~5h07m | remaining 397 | static HTTP | st-elixir-index-1-19-5 | level 9/13 | 40000 requests
[0;35m[MEASURE][0m st-elixir-index-1-19-5 | Docker start + HTTP readiness wait …
[0;35m[MEASURE][0m st-elixir-index-1-19-5 | Scaphandre power sampling + HTTP load | 40000 GET → http://localhost:8001/
[0;35m[MEASURE][0m st-elixir-index-1-19-5 | stopping Scaphandre + appending CSV …
[0;35m[MEASURE][0m st-elixir-index-1-19-5 | [0;32m40000/40000 ok[0m | 27.2s | 1469 req/s | results/2026-05-07_234827/static/st-elixir-index-1-19-5.csv
[0;36m[PROGRESS][0m 10/406 (2%) | elapsed 8m10s | ETA ~5h23m | remaining 396 | static HTTP | st-elixir-index-1-19-5 | level 10/13 | 50000 requests
[0;35m[MEASURE][0m st-elixir-index-1-19-5 | Docker start + HTTP readiness wait …
[0;35m[MEASURE][0m st-elixir-index-1-19-5 | Scaphandre power sampling + HTTP load | 50000 GET → http://localhost:8001/
[0;35m[MEASURE][0m st-elixir-index-1-19-5 | stopping Scaphandre + appending CSV …
[0;35m[MEASURE][0m st-elixir-index-1-19-5 | [0;32m50000/50000 ok[0m | 35.6s | 1403 req/s | results/2026-05-07_234827/static/st-elixir-index-1-19-5.csv
[0;36m[PROGRESS][0m 11/406 (2%) | elapsed 9m32s | ETA ~5h42m | remaining 395 | static HTTP | st-elixir-index-1-19-5 | level 11/13 | 60000 requests
[0;35m[MEASURE][0m st-elixir-index-1-19-5 | Docker start + HTTP readiness wait …
[0;35m[MEASURE][0m st-elixir-index-1-19-5 | Scaphandre power sampling + HTTP load | 60000 GET → http://localhost:8001/
[0;35m[MEASURE][0m st-elixir-index-1-19-5 | stopping Scaphandre + appending CSV …
[0;35m[MEASURE][0m st-elixir-index-1-19-5 | [0;32m60000/60000 ok[0m | 43.3s | 1385 req/s | results/2026-05-07_234827/static/st-elixir-index-1-19-5.csv
[0;36m[PROGRESS][0m 12/406 (2%) | elapsed 11m00s | ETA ~6h01m | remaining 394 | static HTTP | st-elixir-index-1-19-5 | level 12/13 | 70000 requests
[0;35m[MEASURE][0m st-elixir-index-1-19-5 | Docker start + HTTP readiness wait …
[0;35m[MEASURE][0m st-elixir-index-1-19-5 | Scaphandre power sampling + HTTP load | 70000 GET → http://localhost:8001/
[0;35m[MEASURE][0m st-elixir-index-1-19-5 | stopping Scaphandre + appending CSV …
[0;35m[MEASURE][0m st-elixir-index-1-19-5 | [0;32m70000/70000 ok[0m | 51.9s | 1349 req/s | results/2026-05-07_234827/static/st-elixir-index-1-19-5.csv
[0;36m[PROGRESS][0m 13/406 (3%) | elapsed 12m39s | ETA ~6h22m | remaining 393 | static HTTP | st-elixir-index-1-19-5 | level 13/13 | 80000 requests
[0;35m[MEASURE][0m st-elixir-index-1-19-5 | Docker start + HTTP readiness wait …
[0;35m[MEASURE][0m st-elixir-index-1-19-5 | Scaphandre power sampling + HTTP load | 80000 GET → http://localhost:8001/
[0;35m[MEASURE][0m st-elixir-index-1-19-5 | stopping Scaphandre + appending CSV …
[0;35m[MEASURE][0m st-elixir-index-1-19-5 | [0;32m80000/80000 ok[0m | 59.5s | 1345 req/s | results/2026-05-07_234827/static/st-elixir-index-1-19-5.csv
[0;34mRunning static tests for st-elixir-cowboy-1-19-5 on port 8001[0m (2/11)
[0;36m[PROGRESS][0m 14/406 (3%) | elapsed 14m24s | ETA ~6h43m | remaining 392 | static HTTP | st-elixir-cowboy-1-19-5 | level 1/13 | 100 requests
[0;35m[MEASURE][0m st-elixir-cowboy-1-19-5 | Docker start + HTTP readiness wait …
[0;35m[MEASURE][0m st-elixir-cowboy-1-19-5 | Scaphandre power sampling + HTTP load | 100 GET → http://localhost:8001/
[0;35m[MEASURE][0m st-elixir-cowboy-1-19-5 | stopping Scaphandre + appending CSV …
[0;35m[MEASURE][0m st-elixir-cowboy-1-19-5 | [0;32m100/100 ok[0m | 0.1s | 750 req/s | results/2026-05-07_234827/static/st-elixir-cowboy-1-19-5.csv
[0;36m[PROGRESS][0m 15/406 (3%) | elapsed 15m11s | ETA ~6h35m | remaining 391 | static HTTP | st-elixir-cowboy-1-19-5 | level 2/13 | 1000 requests
[0;35m[MEASURE][0m st-elixir-cowboy-1-19-5 | Docker start + HTTP readiness wait …
[0;35m[MEASURE][0m st-elixir-cowboy-1-19-5 | Scaphandre power sampling + HTTP load | 1000 GET → http://localhost:8001/
[0;35m[MEASURE][0m st-elixir-cowboy-1-19-5 | stopping Scaphandre + appending CSV …
[0;35m[MEASURE][0m st-elixir-cowboy-1-19-5 | [0;32m1000/1000 ok[0m | 0.8s | 1242 req/s | results/2026-05-07_234827/static/st-elixir-cowboy-1-19-5.csv
[0;36m[PROGRESS][0m 16/406 (3%) | elapsed 15m59s | ETA ~6h29m | remaining 390 | static HTTP | st-elixir-cowboy-1-19-5 | level 3/13 | 5000 requests
[0;35m[MEASURE][0m st-elixir-cowboy-1-19-5 | Docker start + HTTP readiness wait …
[0;35m[MEASURE][0m st-elixir-cowboy-1-19-5 | Scaphandre power sampling + HTTP load | 5000 GET → http://localhost:8001/
[0;35m[MEASURE][0m st-elixir-cowboy-1-19-5 | stopping Scaphandre + appending CSV …
[0;35m[MEASURE][0m st-elixir-cowboy-1-19-5 | [0;32m5000/5000 ok[0m | 3.9s | 1293 req/s | results/2026-05-07_234827/static/st-elixir-cowboy-1-19-5.csv
[0;36m[PROGRESS][0m 17/406 (4%) | elapsed 16m48s | ETA ~6h24m | remaining 389 | static HTTP | st-elixir-cowboy-1-19-5 | level 4/13 | 8000 requests
[0;35m[MEASURE][0m st-elixir-cowboy-1-19-5 | Docker start + HTTP readiness wait …
[0;35m[MEASURE][0m st-elixir-cowboy-1-19-5 | Scaphandre power sampling + HTTP load | 8000 GET → http://localhost:8001/
[0;35m[MEASURE][0m st-elixir-cowboy-1-19-5 | stopping Scaphandre + appending CSV …
[0;35m[MEASURE][0m st-elixir-cowboy-1-19-5 | [0;32m8000/8000 ok[0m | 6.0s | 1330 req/s | results/2026-05-07_234827/static/st-elixir-cowboy-1-19-5.csv
[0;36m[PROGRESS][0m 18/406 (4%) | elapsed 17m40s | ETA ~6h20m | remaining 388 | static HTTP | st-elixir-cowboy-1-19-5 | level 5/13 | 10000 requests
[0;35m[MEASURE][0m st-elixir-cowboy-1-19-5 | Docker start + HTTP readiness wait …
[0;35m[MEASURE][0m st-elixir-cowboy-1-19-5 | Scaphandre power sampling + HTTP load | 10000 GET → http://localhost:8001/
[0;35m[MEASURE][0m st-elixir-cowboy-1-19-5 | stopping Scaphandre + appending CSV …
[0;35m[MEASURE][0m st-elixir-cowboy-1-19-5 | [0;32m10000/10000 ok[0m | 8.8s | 1134 req/s | results/2026-05-07_234827/static/st-elixir-cowboy-1-19-5.csv
[0;36m[PROGRESS][0m 19/406 (4%) | elapsed 18m33s | ETA ~6h17m | remaining 387 | static HTTP | st-elixir-cowboy-1-19-5 | level 6/13 | 15000 requests
[0;35m[MEASURE][0m st-elixir-cowboy-1-19-5 | Docker start + HTTP readiness wait …
[0;35m[MEASURE][0m st-elixir-cowboy-1-19-5 | Scaphandre power sampling + HTTP load | 15000 GET → http://localhost:8001/
[0;35m[MEASURE][0m st-elixir-cowboy-1-19-5 | stopping Scaphandre + appending CSV …
[0;35m[MEASURE][0m st-elixir-cowboy-1-19-5 | [0;32m15000/15000 ok[0m | 12.2s | 1230 req/s | results/2026-05-07_234827/static/st-elixir-cowboy-1-19-5.csv
[0;36m[PROGRESS][0m 20/406 (4%) | elapsed 19m31s | ETA ~6h16m | remaining 386 | static HTTP | st-elixir-cowboy-1-19-5 | level 7/13 | 20000 requests
[0;35m[MEASURE][0m st-elixir-cowboy-1-19-5 | Docker start + HTTP readiness wait …
[0;35m[MEASURE][0m st-elixir-cowboy-1-19-5 | Scaphandre power sampling + HTTP load | 20000 GET → http://localhost:8001/
[0;35m[MEASURE][0m st-elixir-cowboy-1-19-5 | stopping Scaphandre + appending CSV …
[0;35m[MEASURE][0m st-elixir-cowboy-1-19-5 | [0;32m20000/20000 ok[0m | 17.2s | 1162 req/s | results/2026-05-07_234827/static/st-elixir-cowboy-1-19-5.csv
[0;36m[PROGRESS][0m 21/406 (5%) | elapsed 20m33s | ETA ~6h16m | remaining 385 | static HTTP | st-elixir-cowboy-1-19-5 | level 8/13 | 30000 requests
[0;35m[MEASURE][0m st-elixir-cowboy-1-19-5 | Docker start + HTTP readiness wait …
[0;35m[MEASURE][0m st-elixir-cowboy-1-19-5 | Scaphandre power sampling + HTTP load | 30000 GET → http://localhost:8001/
[0;35m[MEASURE][0m st-elixir-cowboy-1-19-5 | stopping Scaphandre + appending CSV …
[0;35m[MEASURE][0m st-elixir-cowboy-1-19-5 | 28231/30000 | 31.1s | 965 req/s | results/2026-05-07_234827/static/st-elixir-cowboy-1-19-5.csv
[0;36m[PROGRESS][0m 22/406 (5%) | elapsed 21m49s | ETA ~6h20m | remaining 384 | static HTTP | st-elixir-cowboy-1-19-5 | level 9/13 | 40000 requests
[0;35m[MEASURE][0m st-elixir-cowboy-1-19-5 | Docker start + HTTP readiness wait …
[0;35m[MEASURE][0m st-elixir-cowboy-1-19-5 | Scaphandre power sampling + HTTP load | 40000 GET → http://localhost:8001/
[0;35m[MEASURE][0m st-elixir-cowboy-1-19-5 | stopping Scaphandre + appending CSV …
[0;35m[MEASURE][0m st-elixir-cowboy-1-19-5 | 28232/40000 | 57.9s | 691 req/s | results/2026-05-07_234827/static/st-elixir-cowboy-1-19-5.csv
[0;36m[PROGRESS][0m 23/406 (5%) | elapsed 23m35s | ETA ~6h32m | remaining 383 | static HTTP | st-elixir-cowboy-1-19-5 | level 10/13 | 50000 requests
[0;35m[MEASURE][0m st-elixir-cowboy-1-19-5 | Docker start + HTTP readiness wait …
[0;35m[MEASURE][0m st-elixir-cowboy-1-19-5 | Scaphandre power sampling + HTTP load | 50000 GET → http://localhost:8001/
[0;35m[MEASURE][0m st-elixir-cowboy-1-19-5 | HTTP requests 40742/50000 (60s elapsed)
[0;35m[MEASURE][0m st-elixir-cowboy-1-19-5 | stopping Scaphandre + appending CSV …
[0;35m[MEASURE][0m st-elixir-cowboy-1-19-5 | 36655/50000 | 69.3s | 722 req/s | results/2026-05-07_234827/static/st-elixir-cowboy-1-19-5.csv
[0;36m[PROGRESS][0m 24/406 (5%) | elapsed 25m30s | ETA ~6h45m | remaining 382 | static HTTP | st-elixir-cowboy-1-19-5 | level 11/13 | 60000 requests
[0;35m[MEASURE][0m st-elixir-cowboy-1-19-5 | Docker start + HTTP readiness wait …
[0;35m[MEASURE][0m st-elixir-cowboy-1-19-5 | Scaphandre power sampling + HTTP load | 60000 GET → http://localhost:8001/
[0;35m[MEASURE][0m st-elixir-cowboy-1-19-5 | HTTP requests 40640/60000 (60s elapsed)
[0;35m[MEASURE][0m st-elixir-cowboy-1-19-5 | stopping Scaphandre + appending CSV …
[0;35m[MEASURE][0m st-elixir-cowboy-1-19-5 | 46760/60000 | 78.9s | 760 req/s | results/2026-05-07_234827/static/st-elixir-cowboy-1-19-5.csv
[0;36m[PROGRESS][0m 25/406 (6%) | elapsed 27m36s | ETA ~7h00m | remaining 381 | static HTTP | st-elixir-cowboy-1-19-5 | level 12/13 | 70000 requests
[0;35m[MEASURE][0m st-elixir-cowboy-1-19-5 | Docker start + HTTP readiness wait …
[0;35m[MEASURE][0m st-elixir-cowboy-1-19-5 | Scaphandre power sampling + HTTP load | 70000 GET → http://localhost:8001/
[0;35m[MEASURE][0m st-elixir-cowboy-1-19-5 | HTTP requests 40392/70000 (60s elapsed)
[0;35m[MEASURE][0m st-elixir-cowboy-1-19-5 | stopping Scaphandre + appending CSV …
[0;35m[MEASURE][0m st-elixir-cowboy-1-19-5 | 56463/70000 | 92.2s | 759 req/s | results/2026-05-07_234827/static/st-elixir-cowboy-1-19-5.csv
[0;36m[PROGRESS][0m 26/406 (6%) | elapsed 29m54s | ETA ~7h17m | remaining 380 | static HTTP | st-elixir-cowboy-1-19-5 | level 13/13 | 80000 requests
[0;35m[MEASURE][0m st-elixir-cowboy-1-19-5 | Docker start + HTTP readiness wait …
[0;35m[MEASURE][0m st-elixir-cowboy-1-19-5 | Scaphandre power sampling + HTTP load | 80000 GET → http://localhost:8001/
[0;35m[MEASURE][0m st-elixir-cowboy-1-19-5 | HTTP requests 40435/80000 (60s elapsed)
[0;35m[MEASURE][0m st-elixir-cowboy-1-19-5 | HTTP requests 79740/80000 (120s elapsed)
[0;35m[MEASURE][0m st-elixir-cowboy-1-19-5 | stopping Scaphandre + appending CSV …
[0;35m[MEASURE][0m st-elixir-cowboy-1-19-5 | 56464/80000 | 120.7s | 663 req/s | results/2026-05-07_234827/static/st-elixir-cowboy-1-19-5.csv
[0;34mRunning static tests for st-elixir-phoenix-1-8-5 on port 8001[0m (3/11)
[0;36m[PROGRESS][0m 27/406 (6%) | elapsed 32m43s | ETA ~7h39m | remaining 379 | static HTTP | st-elixir-phoenix-1-8-5 | level 1/13 | 100 requests
[0;35m[MEASURE][0m st-elixir-phoenix-1-8-5 | Docker start + HTTP readiness wait …
[0;35m[MEASURE][0m st-elixir-phoenix-1-8-5 | Scaphandre power sampling + HTTP load | 100 GET → http://localhost:8001/
[0;35m[MEASURE][0m st-elixir-phoenix-1-8-5 | stopping Scaphandre + appending CSV …
[0;35m[MEASURE][0m st-elixir-phoenix-1-8-5 | [0;32m100/100 ok[0m | 0.1s | 1063 req/s | results/2026-05-07_234827/static/st-elixir-phoenix-1-8-5.csv
[0;36m[PROGRESS][0m 28/406 (6%) | elapsed 33m28s | ETA ~7h31m | remaining 378 | static HTTP | st-elixir-phoenix-1-8-5 | level 2/13 | 1000 requests
[0;35m[MEASURE][0m st-elixir-phoenix-1-8-5 | Docker start + HTTP readiness wait …
[0;35m[MEASURE][0m st-elixir-phoenix-1-8-5 | Scaphandre power sampling + HTTP load | 1000 GET → http://localhost:8001/
[0;35m[MEASURE][0m st-elixir-phoenix-1-8-5 | stopping Scaphandre + appending CSV …
[0;35m[MEASURE][0m st-elixir-phoenix-1-8-5 | [0;32m1000/1000 ok[0m | 0.8s | 1250 req/s | results/2026-05-07_234827/static/st-elixir-phoenix-1-8-5.csv
[0;36m[PROGRESS][0m 29/406 (7%) | elapsed 34m16s | ETA ~7h25m | remaining 377 | static HTTP | st-elixir-phoenix-1-8-5 | level 3/13 | 5000 requests
[0;35m[MEASURE][0m st-elixir-phoenix-1-8-5 | Docker start + HTTP readiness wait …
[0;35m[MEASURE][0m st-elixir-phoenix-1-8-5 | Scaphandre power sampling + HTTP load | 5000 GET → http://localhost:8001/
[0;35m[MEASURE][0m st-elixir-phoenix-1-8-5 | stopping Scaphandre + appending CSV …
[0;35m[MEASURE][0m st-elixir-phoenix-1-8-5 | [0;32m5000/5000 ok[0m | 3.8s | 1331 req/s | results/2026-05-07_234827/static/st-elixir-phoenix-1-8-5.csv
[0;36m[PROGRESS][0m 30/406 (7%) | elapsed 35m05s | ETA ~7h19m | remaining 376 | static HTTP | st-elixir-phoenix-1-8-5 | level 4/13 | 8000 requests
[0;35m[MEASURE][0m st-elixir-phoenix-1-8-5 | Docker start + HTTP readiness wait …
[0;35m[MEASURE][0m st-elixir-phoenix-1-8-5 | Scaphandre power sampling + HTTP load | 8000 GET → http://localhost:8001/
[0;35m[MEASURE][0m st-elixir-phoenix-1-8-5 | stopping Scaphandre + appending CSV …
[0;35m[MEASURE][0m st-elixir-phoenix-1-8-5 | [0;32m8000/8000 ok[0m | 6.2s | 1295 req/s | results/2026-05-07_234827/static/st-elixir-phoenix-1-8-5.csv
[0;36m[PROGRESS][0m 31/406 (7%) | elapsed 35m57s | ETA ~7h14m | remaining 375 | static HTTP | st-elixir-phoenix-1-8-5 | level 5/13 | 10000 requests
[0;35m[MEASURE][0m st-elixir-phoenix-1-8-5 | Docker start + HTTP readiness wait …
[0;35m[MEASURE][0m st-elixir-phoenix-1-8-5 | Scaphandre power sampling + HTTP load | 10000 GET → http://localhost:8001/
[0;35m[MEASURE][0m st-elixir-phoenix-1-8-5 | stopping Scaphandre + appending CSV …
[0;35m[MEASURE][0m st-elixir-phoenix-1-8-5 | [0;32m10000/10000 ok[0m | 8.8s | 1132 req/s | results/2026-05-07_234827/static/st-elixir-phoenix-1-8-5.csv
[0;36m[PROGRESS][0m 32/406 (7%) | elapsed 36m50s | ETA ~7h10m | remaining 374 | static HTTP | st-elixir-phoenix-1-8-5 | level 6/13 | 15000 requests
[0;35m[MEASURE][0m st-elixir-phoenix-1-8-5 | Docker start + HTTP readiness wait …
[0;35m[MEASURE][0m st-elixir-phoenix-1-8-5 | Scaphandre power sampling + HTTP load | 15000 GET → http://localhost:8001/
[0;35m[MEASURE][0m st-elixir-phoenix-1-8-5 | stopping Scaphandre + appending CSV …
[0;35m[MEASURE][0m st-elixir-phoenix-1-8-5 | [0;32m15000/15000 ok[0m | 12.2s | 1234 req/s | results/2026-05-07_234827/static/st-elixir-phoenix-1-8-5.csv
[0;36m[PROGRESS][0m 33/406 (8%) | elapsed 37m48s | ETA ~7h07m | remaining 373 | static HTTP | st-elixir-phoenix-1-8-5 | level 7/13 | 20000 requests
[0;35m[MEASURE][0m st-elixir-phoenix-1-8-5 | Docker start + HTTP readiness wait …
[0;35m[MEASURE][0m st-elixir-phoenix-1-8-5 | Scaphandre power sampling + HTTP load | 20000 GET → http://localhost:8001/
[0;35m[MEASURE][0m st-elixir-phoenix-1-8-5 | stopping Scaphandre + appending CSV …
[0;35m[MEASURE][0m st-elixir-phoenix-1-8-5 | [0;32m20000/20000 ok[0m | 17.3s | 1153 req/s | results/2026-05-07_234827/static/st-elixir-phoenix-1-8-5.csv
[0;36m[PROGRESS][0m 34/406 (8%) | elapsed 38m50s | ETA ~7h04m | remaining 372 | static HTTP | st-elixir-phoenix-1-8-5 | level 8/13 | 30000 requests
[0;35m[MEASURE][0m st-elixir-phoenix-1-8-5 | Docker start + HTTP readiness wait …
[0;35m[MEASURE][0m st-elixir-phoenix-1-8-5 | Scaphandre power sampling + HTTP load | 30000 GET → http://localhost:8001/
[0;35m[MEASURE][0m st-elixir-phoenix-1-8-5 | stopping Scaphandre + appending CSV …
[0;35m[MEASURE][0m st-elixir-phoenix-1-8-5 | 28231/30000 | 31.1s | 963 req/s | results/2026-05-07_234827/static/st-elixir-phoenix-1-8-5.csv
[0;36m[PROGRESS][0m 35/406 (8%) | elapsed 40m06s | ETA ~7h05m | remaining 371 | static HTTP | st-elixir-phoenix-1-8-5 | level 9/13 | 40000 requests
[0;35m[MEASURE][0m st-elixir-phoenix-1-8-5 | Docker start + HTTP readiness wait …
[0;35m[MEASURE][0m st-elixir-phoenix-1-8-5 | Scaphandre power sampling + HTTP load | 40000 GET → http://localhost:8001/
[0;35m[MEASURE][0m st-elixir-phoenix-1-8-5 | stopping Scaphandre + appending CSV …
[0;35m[MEASURE][0m st-elixir-phoenix-1-8-5 | 28232/40000 | 58.5s | 684 req/s | results/2026-05-07_234827/static/st-elixir-phoenix-1-8-5.csv
[0;36m[PROGRESS][0m 36/406 (8%) | elapsed 41m52s | ETA ~7h10m | remaining 370 | static HTTP | st-elixir-phoenix-1-8-5 | level 10/13 | 50000 requests
[0;35m[MEASURE][0m st-elixir-phoenix-1-8-5 | Docker start + HTTP readiness wait …
[0;35m[MEASURE][0m st-elixir-phoenix-1-8-5 | Scaphandre power sampling + HTTP load | 50000 GET → http://localhost:8001/
[0;35m[MEASURE][0m st-elixir-phoenix-1-8-5 | HTTP requests 40719/50000 (60s elapsed)
[0;35m[MEASURE][0m st-elixir-phoenix-1-8-5 | stopping Scaphandre + appending CSV …
[0;35m[MEASURE][0m st-elixir-phoenix-1-8-5 | 36703/50000 | 69.3s | 722 req/s | results/2026-05-07_234827/static/st-elixir-phoenix-1-8-5.csv
[0;36m[PROGRESS][0m 37/406 (9%) | elapsed 43m47s | ETA ~7h16m | remaining 369 | static HTTP | st-elixir-phoenix-1-8-5 | level 11/13 | 60000 requests
[0;35m[MEASURE][0m st-elixir-phoenix-1-8-5 | Docker start + HTTP readiness wait …
[0;35m[MEASURE][0m st-elixir-phoenix-1-8-5 | Scaphandre power sampling + HTTP load | 60000 GET → http://localhost:8001/
[0;35m[MEASURE][0m st-elixir-phoenix-1-8-5 | HTTP requests 40458/60000 (60s elapsed)
[0;35m[MEASURE][0m st-elixir-phoenix-1-8-5 | stopping Scaphandre + appending CSV …
[0;35m[MEASURE][0m st-elixir-phoenix-1-8-5 | 46909/60000 | 79.5s | 755 req/s | results/2026-05-07_234827/static/st-elixir-phoenix-1-8-5.csv
[0;36m[PROGRESS][0m 38/406 (9%) | elapsed 45m51s | ETA ~7h24m | remaining 368 | static HTTP | st-elixir-phoenix-1-8-5 | level 12/13 | 70000 requests
[0;35m[MEASURE][0m st-elixir-phoenix-1-8-5 | Docker start + HTTP readiness wait …
[0;35m[MEASURE][0m st-elixir-phoenix-1-8-5 | Scaphandre power sampling + HTTP load | 70000 GET → http://localhost:8001/
[0;35m[MEASURE][0m st-elixir-phoenix-1-8-5 | HTTP requests 40363/70000 (60s elapsed)
[0;35m[MEASURE][0m st-elixir-phoenix-1-8-5 | stopping Scaphandre + appending CSV …
[0;35m[MEASURE][0m st-elixir-phoenix-1-8-5 | 56463/70000 | 92.2s | 759 req/s | results/2026-05-07_234827/static/st-elixir-phoenix-1-8-5.csv
[0;36m[PROGRESS][0m 39/406 (9%) | elapsed 48m09s | ETA ~7h33m | remaining 367 | static HTTP | st-elixir-phoenix-1-8-5 | level 13/13 | 80000 requests
[0;35m[MEASURE][0m st-elixir-phoenix-1-8-5 | Docker start + HTTP readiness wait …
[0;35m[MEASURE][0m st-elixir-phoenix-1-8-5 | Scaphandre power sampling + HTTP load | 80000 GET → http://localhost:8001/
[0;35m[MEASURE][0m st-elixir-phoenix-1-8-5 | HTTP requests 40451/80000 (60s elapsed)
[0;35m[MEASURE][0m st-elixir-phoenix-1-8-5 | HTTP requests 79727/80000 (120s elapsed)
[0;35m[MEASURE][0m st-elixir-phoenix-1-8-5 | stopping Scaphandre + appending CSV …
[0;35m[MEASURE][0m st-elixir-phoenix-1-8-5 | 56464/80000 | 120.8s | 662 req/s | results/2026-05-07_234827/static/st-elixir-phoenix-1-8-5.csv
[0;34mRunning static tests for st-elixir-pure-1-19-5 on port 8001[0m (4/11)
[0;36m[PROGRESS][0m 40/406 (9%) | elapsed 50m58s | ETA ~7h46m | remaining 366 | static HTTP | st-elixir-pure-1-19-5 | level 1/13 | 100 requests
[0;35m[MEASURE][0m st-elixir-pure-1-19-5 | Docker start + HTTP readiness wait …
[0;35m[MEASURE][0m st-elixir-pure-1-19-5 | Scaphandre power sampling + HTTP load | 100 GET → http://localhost:8001/
[0;35m[MEASURE][0m st-elixir-pure-1-19-5 | stopping Scaphandre + appending CSV …
[0;35m[MEASURE][0m st-elixir-pure-1-19-5 | [0;32m100/100 ok[0m | 1.1s | 88 req/s | results/2026-05-07_234827/static/st-elixir-pure-1-19-5.csv
[0;36m[PROGRESS][0m 41/406 (10%) | elapsed 51m45s | ETA ~7h40m | remaining 365 | static HTTP | st-elixir-pure-1-19-5 | level 2/13 | 1000 requests
[0;35m[MEASURE][0m st-elixir-pure-1-19-5 | Docker start + HTTP readiness wait …
[0;35m[MEASURE][0m st-elixir-pure-1-19-5 | Scaphandre power sampling + HTTP load | 1000 GET → http://localhost:8001/
[0;35m[MEASURE][0m st-elixir-pure-1-19-5 | stopping Scaphandre + appending CSV …
[0;35m[MEASURE][0m st-elixir-pure-1-19-5 | [0;32m1000/1000 ok[0m | 1.1s | 906 req/s | results/2026-05-07_234827/static/st-elixir-pure-1-19-5.csv
[0;36m[PROGRESS][0m 42/406 (10%) | elapsed 52m30s | ETA ~7h35m | remaining 364 | static HTTP | st-elixir-pure-1-19-5 | level 3/13 | 5000 requests
[0;35m[MEASURE][0m st-elixir-pure-1-19-5 | Docker start + HTTP readiness wait …
[0;35m[MEASURE][0m st-elixir-pure-1-19-5 | Scaphandre power sampling + HTTP load | 5000 GET → http://localhost:8001/
[0;35m[MEASURE][0m st-elixir-pure-1-19-5 | stopping Scaphandre + appending CSV …
[0;35m[MEASURE][0m st-elixir-pure-1-19-5 | [0;32m5000/5000 ok[0m | 3.1s | 1596 req/s | results/2026-05-07_234827/static/st-elixir-pure-1-19-5.csv
[0;36m[PROGRESS][0m 43/406 (10%) | elapsed 53m18s | ETA ~7h29m | remaining 363 | static HTTP | st-elixir-pure-1-19-5 | level 4/13 | 8000 requests
[0;35m[MEASURE][0m st-elixir-pure-1-19-5 | Docker start + HTTP readiness wait …
[0;35m[MEASURE][0m st-elixir-pure-1-19-5 | Scaphandre power sampling + HTTP load | 8000 GET → http://localhost:8001/
[0;35m[MEASURE][0m st-elixir-pure-1-19-5 | stopping Scaphandre + appending CSV …
[0;35m[MEASURE][0m st-elixir-pure-1-19-5 | [0;32m8000/8000 ok[0m | 5.0s | 1605 req/s | results/2026-05-07_234827/static/st-elixir-pure-1-19-5.csv
[0;36m[PROGRESS][0m 44/406 (10%) | elapsed 54m07s | ETA ~7h25m | remaining 362 | static HTTP | st-elixir-pure-1-19-5 | level 5/13 | 10000 requests
[0;35m[MEASURE][0m st-elixir-pure-1-19-5 | Docker start + HTTP readiness wait …
[0;35m[MEASURE][0m st-elixir-pure-1-19-5 | Scaphandre power sampling + HTTP load | 10000 GET → http://localhost:8001/
[0;35m[MEASURE][0m st-elixir-pure-1-19-5 | stopping Scaphandre + appending CSV …
[0;35m[MEASURE][0m st-elixir-pure-1-19-5 | [0;32m10000/10000 ok[0m | 6.1s | 1630 req/s | results/2026-05-07_234827/static/st-elixir-pure-1-19-5.csv
[0;36m[PROGRESS][0m 45/406 (11%) | elapsed 54m59s | ETA ~7h21m | remaining 361 | static HTTP | st-elixir-pure-1-19-5 | level 6/13 | 15000 requests
[0;35m[MEASURE][0m st-elixir-pure-1-19-5 | Docker start + HTTP readiness wait …
[0;35m[MEASURE][0m st-elixir-pure-1-19-5 | Scaphandre power sampling + HTTP load | 15000 GET → http://localhost:8001/
[0;35m[MEASURE][0m st-elixir-pure-1-19-5 | stopping Scaphandre + appending CSV …
[0;35m[MEASURE][0m st-elixir-pure-1-19-5 | [0;32m15000/15000 ok[0m | 9.0s | 1668 req/s | results/2026-05-07_234827/static/st-elixir-pure-1-19-5.csv
[0;36m[PROGRESS][0m 46/406 (11%) | elapsed 55m52s | ETA ~7h17m | remaining 360 | static HTTP | st-elixir-pure-1-19-5 | level 7/13 | 20000 requests
[0;35m[MEASURE][0m st-elixir-pure-1-19-5 | Docker start + HTTP readiness wait …
[0;35m[MEASURE][0m st-elixir-pure-1-19-5 | Scaphandre power sampling + HTTP load | 20000 GET → http://localhost:8001/
[0;35m[MEASURE][0m st-elixir-pure-1-19-5 | stopping Scaphandre + appending CSV …
[0;35m[MEASURE][0m st-elixir-pure-1-19-5 | [0;32m20000/20000 ok[0m | 12.0s | 1661 req/s | results/2026-05-07_234827/static/st-elixir-pure-1-19-5.csv
[0;36m[PROGRESS][0m 47/406 (11%) | elapsed 56m50s | ETA ~7h14m | remaining 359 | static HTTP | st-elixir-pure-1-19-5 | level 8/13 | 30000 requests
[0;35m[MEASURE][0m st-elixir-pure-1-19-5 | Docker start + HTTP readiness wait …
[0;35m[MEASURE][0m st-elixir-pure-1-19-5 | Scaphandre power sampling + HTTP load | 30000 GET → http://localhost:8001/
[0;35m[MEASURE][0m st-elixir-pure-1-19-5 | stopping Scaphandre + appending CSV …
[0;35m[MEASURE][0m st-elixir-pure-1-19-5 | [0;32m30000/30000 ok[0m | 19.1s | 1573 req/s | results/2026-05-07_234827/static/st-elixir-pure-1-19-5.csv
[0;36m[PROGRESS][0m 48/406 (11%) | elapsed 57m54s | ETA ~7h11m | remaining 358 | static HTTP | st-elixir-pure-1-19-5 | level 9/13 | 40000 requests
[0;35m[MEASURE][0m st-elixir-pure-1-19-5 | Docker start + HTTP readiness wait …
[0;35m[MEASURE][0m st-elixir-pure-1-19-5 | Scaphandre power sampling + HTTP load | 40000 GET → http://localhost:8001/
[0;35m[MEASURE][0m st-elixir-pure-1-19-5 | stopping Scaphandre + appending CSV …
[0;35m[MEASURE][0m st-elixir-pure-1-19-5 | [0;32m40000/40000 ok[0m | 26.1s | 1531 req/s | results/2026-05-07_234827/static/st-elixir-pure-1-19-5.csv
[0;36m[PROGRESS][0m 49/406 (12%) | elapsed 59m06s | ETA ~7h10m | remaining 357 | static HTTP | st-elixir-pure-1-19-5 | level 10/13 | 50000 requests
[0;35m[MEASURE][0m st-elixir-pure-1-19-5 | Docker start + HTTP readiness wait …
[0;35m[MEASURE][0m st-elixir-pure-1-19-5 | Scaphandre power sampling + HTTP load | 50000 GET → http://localhost:8001/
[0;35m[MEASURE][0m st-elixir-pure-1-19-5 | stopping Scaphandre + appending CSV …
[0;35m[MEASURE][0m st-elixir-pure-1-19-5 | [0;32m50000/50000 ok[0m | 33.9s | 1475 req/s | results/2026-05-07_234827/static/st-elixir-pure-1-19-5.csv
[0;36m[PROGRESS][0m 50/406 (12%) | elapsed 1h00m | ETA ~7h10m | remaining 356 | static HTTP | st-elixir-pure-1-19-5 | level 11/13 | 60000 requests
[0;35m[MEASURE][0m st-elixir-pure-1-19-5 | Docker start + HTTP readiness wait …
[0;35m[MEASURE][0m st-elixir-pure-1-19-5 | Scaphandre power sampling + HTTP load | 60000 GET → http://localhost:8001/
[0;35m[MEASURE][0m st-elixir-pure-1-19-5 | stopping Scaphandre + appending CSV …
[0;35m[MEASURE][0m st-elixir-pure-1-19-5 | [0;32m60000/60000 ok[0m | 41.5s | 1446 req/s | results/2026-05-07_234827/static/st-elixir-pure-1-19-5.csv
[0;36m[PROGRESS][0m 51/406 (12%) | elapsed 1h01m | ETA ~7h10m | remaining 355 | static HTTP | st-elixir-pure-1-19-5 | level 12/13 | 70000 requests
[0;35m[MEASURE][0m st-elixir-pure-1-19-5 | Docker start + HTTP readiness wait …
[0;35m[MEASURE][0m st-elixir-pure-1-19-5 | Scaphandre power sampling + HTTP load | 70000 GET → http://localhost:8001/
[0;35m[MEASURE][0m st-elixir-pure-1-19-5 | stopping Scaphandre + appending CSV …
[0;35m[MEASURE][0m st-elixir-pure-1-19-5 | [0;32m70000/70000 ok[0m | 48.8s | 1433 req/s | results/2026-05-07_234827/static/st-elixir-pure-1-19-5.csv
[0;36m[PROGRESS][0m 52/406 (12%) | elapsed 1h03m | ETA ~7h11m | remaining 354 | static HTTP | st-elixir-pure-1-19-5 | level 13/13 | 80000 requests
[0;35m[MEASURE][0m st-elixir-pure-1-19-5 | Docker start + HTTP readiness wait …
[0;35m[MEASURE][0m st-elixir-pure-1-19-5 | Scaphandre power sampling + HTTP load | 80000 GET → http://localhost:8001/
[0;35m[MEASURE][0m st-elixir-pure-1-19-5 | stopping Scaphandre + appending CSV …
[0;35m[MEASURE][0m st-elixir-pure-1-19-5 | [0;32m80000/80000 ok[0m | 56.6s | 1413 req/s | results/2026-05-07_234827/static/st-elixir-pure-1-19-5.csv
[0;34mRunning static tests for st-gleam-index-1-15-2 on port 8001[0m (5/11)
[0;36m[PROGRESS][0m 53/406 (13%) | elapsed 1h05m | ETA ~7h14m | remaining 353 | static HTTP | st-gleam-index-1-15-2 | level 1/13 | 100 requests
[0;35m[MEASURE][0m st-gleam-index-1-15-2 | Docker start + HTTP readiness wait …
[0;35m[MEASURE][0m st-gleam-index-1-15-2 | Scaphandre power sampling + HTTP load | 100 GET → http://localhost:8001/
[0;35m[MEASURE][0m st-gleam-index-1-15-2 | stopping Scaphandre + appending CSV …
[0;35m[MEASURE][0m st-gleam-index-1-15-2 | [0;32m100/100 ok[0m | 0.2s | 561 req/s | results/2026-05-07_234827/static/st-gleam-index-1-15-2.csv
[0;36m[PROGRESS][0m 54/406 (13%) | elapsed 1h06m | ETA ~7h10m | remaining 352 | static HTTP | st-gleam-index-1-15-2 | level 2/13 | 1000 requests
[0;35m[MEASURE][0m st-gleam-index-1-15-2 | Docker start + HTTP readiness wait …
[0;35m[MEASURE][0m st-gleam-index-1-15-2 | Scaphandre power sampling + HTTP load | 1000 GET → http://localhost:8001/
[0;35m[MEASURE][0m st-gleam-index-1-15-2 | stopping Scaphandre + appending CSV …
[0;35m[MEASURE][0m st-gleam-index-1-15-2 | [0;32m1000/1000 ok[0m | 0.8s | 1216 req/s | results/2026-05-07_234827/static/st-gleam-index-1-15-2.csv
[0;36m[PROGRESS][0m 55/406 (13%) | elapsed 1h07m | ETA ~7h07m | remaining 351 | static HTTP | st-gleam-index-1-15-2 | level 3/13 | 5000 requests
[0;35m[MEASURE][0m st-gleam-index-1-15-2 | Docker start + HTTP readiness wait …
[0;35m[MEASURE][0m st-gleam-index-1-15-2 | Scaphandre power sampling + HTTP load | 5000 GET → http://localhost:8001/
[0;35m[MEASURE][0m st-gleam-index-1-15-2 | stopping Scaphandre + appending CSV …
[0;35m[MEASURE][0m st-gleam-index-1-15-2 | [0;32m5000/5000 ok[0m | 4.0s | 1265 req/s | results/2026-05-07_234827/static/st-gleam-index-1-15-2.csv
[0;36m[PROGRESS][0m 56/406 (13%) | elapsed 1h07m | ETA ~7h04m | remaining 350 | static HTTP | st-gleam-index-1-15-2 | level 4/13 | 8000 requests
[0;35m[MEASURE][0m st-gleam-index-1-15-2 | Docker start + HTTP readiness wait …
[0;35m[MEASURE][0m st-gleam-index-1-15-2 | Scaphandre power sampling + HTTP load | 8000 GET → http://localhost:8001/
[0;35m[MEASURE][0m st-gleam-index-1-15-2 | stopping Scaphandre + appending CSV …
[0;35m[MEASURE][0m st-gleam-index-1-15-2 | [0;32m8000/8000 ok[0m | 6.2s | 1281 req/s | results/2026-05-07_234827/static/st-gleam-index-1-15-2.csv
[0;36m[PROGRESS][0m 57/406 (14%) | elapsed 1h09m | ETA ~7h02m | remaining 349 | static HTTP | st-gleam-index-1-15-2 | level 5/13 | 10000 requests
[0;35m[MEASURE][0m st-gleam-index-1-15-2 | Docker start + HTTP readiness wait …
[0;35m[MEASURE][0m st-gleam-index-1-15-2 | Scaphandre power sampling + HTTP load | 10000 GET → http://localhost:8001/
[0;35m[MEASURE][0m st-gleam-index-1-15-2 | stopping Scaphandre + appending CSV …
[0;35m[MEASURE][0m st-gleam-index-1-15-2 | [0;32m10000/10000 ok[0m | 7.4s | 1348 req/s | results/2026-05-07_234827/static/st-gleam-index-1-15-2.csv
[0;36m[PROGRESS][0m 58/406 (14%) | elapsed 1h10m | ETA ~7h00m | remaining 348 | static HTTP | st-gleam-index-1-15-2 | level 6/13 | 15000 requests
[0;35m[MEASURE][0m st-gleam-index-1-15-2 | Docker start + HTTP readiness wait …
[0;35m[MEASURE][0m st-gleam-index-1-15-2 | Scaphandre power sampling + HTTP load | 15000 GET → http://localhost:8001/
[0;35m[MEASURE][0m st-gleam-index-1-15-2 | stopping Scaphandre + appending CSV …
[0;35m[MEASURE][0m st-gleam-index-1-15-2 | [0;32m15000/15000 ok[0m | 11.0s | 1362 req/s | results/2026-05-07_234827/static/st-gleam-index-1-15-2.csv
[0;36m[PROGRESS][0m 59/406 (14%) | elapsed 1h11m | ETA ~6h58m | remaining 347 | static HTTP | st-gleam-index-1-15-2 | level 7/13 | 20000 requests
[0;35m[MEASURE][0m st-gleam-index-1-15-2 | Docker start + HTTP readiness wait …
[0;35m[MEASURE][0m st-gleam-index-1-15-2 | Scaphandre power sampling + HTTP load | 20000 GET → http://localhost:8001/
[0;35m[MEASURE][0m st-gleam-index-1-15-2 | stopping Scaphandre + appending CSV …
[0;35m[MEASURE][0m st-gleam-index-1-15-2 | [0;32m20000/20000 ok[0m | 17.4s | 1148 req/s | results/2026-05-07_234827/static/st-gleam-index-1-15-2.csv
[0;36m[PROGRESS][0m 60/406 (14%) | elapsed 1h12m | ETA ~6h56m | remaining 346 | static HTTP | st-gleam-index-1-15-2 | level 8/13 | 30000 requests
[0;35m[MEASURE][0m st-gleam-index-1-15-2 | Docker start + HTTP readiness wait …
[0;35m[MEASURE][0m st-gleam-index-1-15-2 | Scaphandre power sampling + HTTP load | 30000 GET → http://localhost:8001/
[0;35m[MEASURE][0m st-gleam-index-1-15-2 | stopping Scaphandre + appending CSV …
[0;35m[MEASURE][0m st-gleam-index-1-15-2 | 28231/30000 | 31.1s | 966 req/s | results/2026-05-07_234827/static/st-gleam-index-1-15-2.csv
[0;36m[PROGRESS][0m 61/406 (15%) | elapsed 1h13m | ETA ~6h56m | remaining 345 | static HTTP | st-gleam-index-1-15-2 | level 9/13 | 40000 requests
[0;35m[MEASURE][0m st-gleam-index-1-15-2 | Docker start + HTTP readiness wait …
[0;35m[MEASURE][0m st-gleam-index-1-15-2 | Scaphandre power sampling + HTTP load | 40000 GET → http://localhost:8001/
[0;35m[MEASURE][0m st-gleam-index-1-15-2 | stopping Scaphandre + appending CSV …
[0;35m[MEASURE][0m st-gleam-index-1-15-2 | 28232/40000 | 58.1s | 688 req/s | results/2026-05-07_234827/static/st-gleam-index-1-15-2.csv
[0;36m[PROGRESS][0m 62/406 (15%) | elapsed 1h15m | ETA ~6h59m | remaining 344 | static HTTP | st-gleam-index-1-15-2 | level 10/13 | 50000 requests
[0;35m[MEASURE][0m st-gleam-index-1-15-2 | Docker start + HTTP readiness wait …
[0;35m[MEASURE][0m st-gleam-index-1-15-2 | Scaphandre power sampling + HTTP load | 50000 GET → http://localhost:8001/
[0;35m[MEASURE][0m st-gleam-index-1-15-2 | HTTP requests 40622/50000 (60s elapsed)
[0;35m[MEASURE][0m st-gleam-index-1-15-2 | stopping Scaphandre + appending CSV …
[0;35m[MEASURE][0m st-gleam-index-1-15-2 | 36784/50000 | 69.5s | 719 req/s | results/2026-05-07_234827/static/st-gleam-index-1-15-2.csv
[0;36m[PROGRESS][0m 63/406 (15%) | elapsed 1h17m | ETA ~7h02m | remaining 343 | static HTTP | st-gleam-index-1-15-2 | level 11/13 | 60000 requests
[0;35m[MEASURE][0m st-gleam-index-1-15-2 | Docker start + HTTP readiness wait …
[0;35m[MEASURE][0m st-gleam-index-1-15-2 | Scaphandre power sampling + HTTP load | 60000 GET → http://localhost:8001/
[0;35m[MEASURE][0m st-gleam-index-1-15-2 | HTTP requests 40462/60000 (60s elapsed)
[0;35m[MEASURE][0m st-gleam-index-1-15-2 | stopping Scaphandre + appending CSV …
[0;35m[MEASURE][0m st-gleam-index-1-15-2 | 46917/60000 | 79.6s | 754 req/s | results/2026-05-07_234827/static/st-gleam-index-1-15-2.csv
[0;36m[PROGRESS][0m 64/406 (15%) | elapsed 1h19m | ETA ~7h06m | remaining 342 | static HTTP | st-gleam-index-1-15-2 | level 12/13 | 70000 requests
[0;35m[MEASURE][0m st-gleam-index-1-15-2 | Docker start + HTTP readiness wait …
[0;35m[MEASURE][0m st-gleam-index-1-15-2 | Scaphandre power sampling + HTTP load | 70000 GET → http://localhost:8001/
[0;35m[MEASURE][0m st-gleam-index-1-15-2 | HTTP requests 40425/70000 (60s elapsed)
[0;35m[MEASURE][0m st-gleam-index-1-15-2 | stopping Scaphandre + appending CSV …
[0;35m[MEASURE][0m st-gleam-index-1-15-2 | 56463/70000 | 92.6s | 756 req/s | results/2026-05-07_234827/static/st-gleam-index-1-15-2.csv
[0;36m[PROGRESS][0m 65/406 (16%) | elapsed 1h22m | ETA ~7h11m | remaining 341 | static HTTP | st-gleam-index-1-15-2 | level 13/13 | 80000 requests
[0;35m[MEASURE][0m st-gleam-index-1-15-2 | Docker start + HTTP readiness wait …
[0;35m[MEASURE][0m st-gleam-index-1-15-2 | Scaphandre power sampling + HTTP load | 80000 GET → http://localhost:8001/
[0;35m[MEASURE][0m st-gleam-index-1-15-2 | HTTP requests 40445/80000 (60s elapsed)
[0;35m[MEASURE][0m st-gleam-index-1-15-2 | HTTP requests 79683/80000 (120s elapsed)
[0;35m[MEASURE][0m st-gleam-index-1-15-2 | stopping Scaphandre + appending CSV …
[0;35m[MEASURE][0m st-gleam-index-1-15-2 | 56464/80000 | 120.9s | 662 req/s | results/2026-05-07_234827/static/st-gleam-index-1-15-2.csv
[0;34mRunning static tests for st-gleam-pure-1-15-2 on port 8001[0m (6/11)
[0;36m[PROGRESS][0m 66/406 (16%) | elapsed 1h25m | ETA ~7h19m | remaining 340 | static HTTP | st-gleam-pure-1-15-2 | level 1/13 | 100 requests
[0;35m[MEASURE][0m st-gleam-pure-1-15-2 | Docker start + HTTP readiness wait …
[0;35m[MEASURE][0m st-gleam-pure-1-15-2 | Scaphandre power sampling + HTTP load | 100 GET → http://localhost:8001/
[0;35m[MEASURE][0m st-gleam-pure-1-15-2 | stopping Scaphandre + appending CSV …
[0;35m[MEASURE][0m st-gleam-pure-1-15-2 | [0;32m100/100 ok[0m | 0.1s | 978 req/s | results/2026-05-07_234827/static/st-gleam-pure-1-15-2.csv
[0;36m[PROGRESS][0m 67/406 (16%) | elapsed 1h26m | ETA ~7h16m | remaining 339 | static HTTP | st-gleam-pure-1-15-2 | level 2/13 | 1000 requests
[0;35m[MEASURE][0m st-gleam-pure-1-15-2 | Docker start + HTTP readiness wait …
[0;35m[MEASURE][0m st-gleam-pure-1-15-2 | Scaphandre power sampling + HTTP load | 1000 GET → http://localhost:8001/
[0;35m[MEASURE][0m st-gleam-pure-1-15-2 | stopping Scaphandre + appending CSV …
[0;35m[MEASURE][0m st-gleam-pure-1-15-2 | [0;32m1000/1000 ok[0m | 0.8s | 1274 req/s | results/2026-05-07_234827/static/st-gleam-pure-1-15-2.csv
[0;36m[PROGRESS][0m 68/406 (16%) | elapsed 1h27m | ETA ~7h13m | remaining 338 | static HTTP | st-gleam-pure-1-15-2 | level 3/13 | 5000 requests
[0;35m[MEASURE][0m st-gleam-pure-1-15-2 | Docker start + HTTP readiness wait …
[0;35m[MEASURE][0m st-gleam-pure-1-15-2 | Scaphandre power sampling + HTTP load | 5000 GET → http://localhost:8001/
[0;35m[MEASURE][0m st-gleam-pure-1-15-2 | stopping Scaphandre + appending CSV …
[0;35m[MEASURE][0m st-gleam-pure-1-15-2 | [0;32m5000/5000 ok[0m | 3.8s | 1319 req/s | results/2026-05-07_234827/static/st-gleam-pure-1-15-2.csv
[0;36m[PROGRESS][0m 69/406 (16%) | elapsed 1h28m | ETA ~7h10m | remaining 337 | static HTTP | st-gleam-pure-1-15-2 | level 4/13 | 8000 requests
[0;35m[MEASURE][0m st-gleam-pure-1-15-2 | Docker start + HTTP readiness wait …
[0;35m[MEASURE][0m st-gleam-pure-1-15-2 | Scaphandre power sampling + HTTP load | 8000 GET → http://localhost:8001/
[0;35m[MEASURE][0m st-gleam-pure-1-15-2 | stopping Scaphandre + appending CSV …
[0;35m[MEASURE][0m st-gleam-pure-1-15-2 | [0;32m8000/8000 ok[0m | 6.1s | 1307 req/s | results/2026-05-07_234827/static/st-gleam-pure-1-15-2.csv
[0;36m[PROGRESS][0m 70/406 (17%) | elapsed 1h29m | ETA ~7h07m | remaining 336 | static HTTP | st-gleam-pure-1-15-2 | level 5/13 | 10000 requests
[0;35m[MEASURE][0m st-gleam-pure-1-15-2 | Docker start + HTTP readiness wait …
[0;35m[MEASURE][0m st-gleam-pure-1-15-2 | Scaphandre power sampling + HTTP load | 10000 GET → http://localhost:8001/
[0;35m[MEASURE][0m st-gleam-pure-1-15-2 | stopping Scaphandre + appending CSV …
[0;35m[MEASURE][0m st-gleam-pure-1-15-2 | [0;32m10000/10000 ok[0m | 7.4s | 1352 req/s | results/2026-05-07_234827/static/st-gleam-pure-1-15-2.csv
[0;36m[PROGRESS][0m 71/406 (17%) | elapsed 1h30m | ETA ~7h05m | remaining 335 | static HTTP | st-gleam-pure-1-15-2 | level 6/13 | 15000 requests
[0;35m[MEASURE][0m st-gleam-pure-1-15-2 | Docker start + HTTP readiness wait …
[0;35m[MEASURE][0m st-gleam-pure-1-15-2 | Scaphandre power sampling + HTTP load | 15000 GET → http://localhost:8001/
[0;35m[MEASURE][0m st-gleam-pure-1-15-2 | stopping Scaphandre + appending CSV …
[0;35m[MEASURE][0m st-gleam-pure-1-15-2 | [0;32m15000/15000 ok[0m | 10.7s | 1406 req/s | results/2026-05-07_234827/static/st-gleam-pure-1-15-2.csv
[0;36m[PROGRESS][0m 72/406 (17%) | elapsed 1h31m | ETA ~7h03m | remaining 334 | static HTTP | st-gleam-pure-1-15-2 | level 7/13 | 20000 requests
[0;35m[MEASURE][0m st-gleam-pure-1-15-2 | Docker start + HTTP readiness wait …
[0;35m[MEASURE][0m st-gleam-pure-1-15-2 | Scaphandre power sampling + HTTP load | 20000 GET → http://localhost:8001/
[0;35m[MEASURE][0m st-gleam-pure-1-15-2 | stopping Scaphandre + appending CSV …
[0;35m[MEASURE][0m st-gleam-pure-1-15-2 | [0;32m20000/20000 ok[0m | 16.9s | 1186 req/s | results/2026-05-07_234827/static/st-gleam-pure-1-15-2.csv
[0;36m[PROGRESS][0m 73/406 (17%) | elapsed 1h32m | ETA ~7h01m | remaining 333 | static HTTP | st-gleam-pure-1-15-2 | level 8/13 | 30000 requests
[0;35m[MEASURE][0m st-gleam-pure-1-15-2 | Docker start + HTTP readiness wait …
[0;35m[MEASURE][0m st-gleam-pure-1-15-2 | Scaphandre power sampling + HTTP load | 30000 GET → http://localhost:8001/
[0;35m[MEASURE][0m st-gleam-pure-1-15-2 | stopping Scaphandre + appending CSV …
[0;35m[MEASURE][0m st-gleam-pure-1-15-2 | 28231/30000 | 30.5s | 984 req/s | results/2026-05-07_234827/static/st-gleam-pure-1-15-2.csv
[0;36m[PROGRESS][0m 74/406 (18%) | elapsed 1h33m | ETA ~7h01m | remaining 332 | static HTTP | st-gleam-pure-1-15-2 | level 9/13 | 40000 requests
[0;35m[MEASURE][0m st-gleam-pure-1-15-2 | Docker start + HTTP readiness wait …
[0;35m[MEASURE][0m st-gleam-pure-1-15-2 | Scaphandre power sampling + HTTP load | 40000 GET → http://localhost:8001/
[0;35m[MEASURE][0m st-gleam-pure-1-15-2 | stopping Scaphandre + appending CSV …
[0;35m[MEASURE][0m st-gleam-pure-1-15-2 | 28232/40000 | 56.7s | 706 req/s | results/2026-05-07_234827/static/st-gleam-pure-1-15-2.csv
[0;36m[PROGRESS][0m 75/406 (18%) | elapsed 1h35m | ETA ~7h02m | remaining 331 | static HTTP | st-gleam-pure-1-15-2 | level 10/13 | 50000 requests
[0;35m[MEASURE][0m st-gleam-pure-1-15-2 | Docker start + HTTP readiness wait …
[0;35m[MEASURE][0m st-gleam-pure-1-15-2 | Scaphandre power sampling + HTTP load | 50000 GET → http://localhost:8001/
[0;35m[MEASURE][0m st-gleam-pure-1-15-2 | HTTP requests 41013/50000 (60s elapsed)
[0;35m[MEASURE][0m st-gleam-pure-1-15-2 | stopping Scaphandre + appending CSV …
[0;35m[MEASURE][0m st-gleam-pure-1-15-2 | 36408/50000 | 68.9s | 726 req/s | results/2026-05-07_234827/static/st-gleam-pure-1-15-2.csv
[0;36m[PROGRESS][0m 76/406 (18%) | elapsed 1h37m | ETA ~7h04m | remaining 330 | static HTTP | st-gleam-pure-1-15-2 | level 11/13 | 60000 requests
[0;35m[MEASURE][0m st-gleam-pure-1-15-2 | Docker start + HTTP readiness wait …
[0;35m[MEASURE][0m st-gleam-pure-1-15-2 | Scaphandre power sampling + HTTP load | 60000 GET → http://localhost:8001/
[0;35m[MEASURE][0m st-gleam-pure-1-15-2 | HTTP requests 40919/60000 (60s elapsed)
[0;35m[MEASURE][0m st-gleam-pure-1-15-2 | stopping Scaphandre + appending CSV …
[0;35m[MEASURE][0m st-gleam-pure-1-15-2 | 46479/60000 | 78.3s | 766 req/s | results/2026-05-07_234827/static/st-gleam-pure-1-15-2.csv
[0;36m[PROGRESS][0m 77/406 (18%) | elapsed 1h40m | ETA ~7h07m | remaining 329 | static HTTP | st-gleam-pure-1-15-2 | level 12/13 | 70000 requests
[0;35m[MEASURE][0m st-gleam-pure-1-15-2 | Docker start + HTTP readiness wait …
[0;35m[MEASURE][0m st-gleam-pure-1-15-2 | Scaphandre power sampling + HTTP load | 70000 GET → http://localhost:8001/
[0;35m[MEASURE][0m st-gleam-pure-1-15-2 | HTTP requests 40933/70000 (60s elapsed)
[0;35m[MEASURE][0m st-gleam-pure-1-15-2 | stopping Scaphandre + appending CSV …
[0;35m[MEASURE][0m st-gleam-pure-1-15-2 | 56437/70000 | 89.8s | 779 req/s | results/2026-05-07_234827/static/st-gleam-pure-1-15-2.csv
[0;36m[PROGRESS][0m 78/406 (19%) | elapsed 1h42m | ETA ~7h10m | remaining 328 | static HTTP | st-gleam-pure-1-15-2 | level 13/13 | 80000 requests
[0;35m[MEASURE][0m st-gleam-pure-1-15-2 | Docker start + HTTP readiness wait …
[0;35m[MEASURE][0m st-gleam-pure-1-15-2 | Scaphandre power sampling + HTTP load | 80000 GET → http://localhost:8001/
[0;35m[MEASURE][0m st-gleam-pure-1-15-2 | HTTP requests 40924/80000 (60s elapsed)
[0;35m[MEASURE][0m st-gleam-pure-1-15-2 | stopping Scaphandre + appending CSV …
[0;35m[MEASURE][0m st-gleam-pure-1-15-2 | 56464/80000 | 118.1s | 677 req/s | results/2026-05-07_234827/static/st-gleam-pure-1-15-2.csv
[0;34mRunning static tests for st-gleam-mist-1-15-2 on port 8001[0m (7/11)
[0;36m[PROGRESS][0m 79/406 (19%) | elapsed 1h45m | ETA ~7h16m | remaining 327 | static HTTP | st-gleam-mist-1-15-2 | level 1/13 | 100 requests
[0;35m[MEASURE][0m st-gleam-mist-1-15-2 | Docker start + HTTP readiness wait …
[0;35m[MEASURE][0m st-gleam-mist-1-15-2 | Scaphandre power sampling + HTTP load | 100 GET → http://localhost:8001/
[0;35m[MEASURE][0m st-gleam-mist-1-15-2 | stopping Scaphandre + appending CSV …
[0;35m[MEASURE][0m st-gleam-mist-1-15-2 | [0;32m100/100 ok[0m | 0.1s | 769 req/s | results/2026-05-07_234827/static/st-gleam-mist-1-15-2.csv
[0;36m[PROGRESS][0m 80/406 (19%) | elapsed 1h46m | ETA ~7h13m | remaining 326 | static HTTP | st-gleam-mist-1-15-2 | level 2/13 | 1000 requests
[0;35m[MEASURE][0m st-gleam-mist-1-15-2 | Docker start + HTTP readiness wait …
[0;35m[MEASURE][0m st-gleam-mist-1-15-2 | Scaphandre power sampling + HTTP load | 1000 GET → http://localhost:8001/
[0;35m[MEASURE][0m st-gleam-mist-1-15-2 | stopping Scaphandre + appending CSV …
[0;35m[MEASURE][0m st-gleam-mist-1-15-2 | [0;32m1000/1000 ok[0m | 0.8s | 1286 req/s | results/2026-05-07_234827/static/st-gleam-mist-1-15-2.csv
[0;36m[PROGRESS][0m 81/406 (19%) | elapsed 1h47m | ETA ~7h10m | remaining 325 | static HTTP | st-gleam-mist-1-15-2 | level 3/13 | 5000 requests
[0;35m[MEASURE][0m st-gleam-mist-1-15-2 | Docker start + HTTP readiness wait …
[0;35m[MEASURE][0m st-gleam-mist-1-15-2 | Scaphandre power sampling + HTTP load | 5000 GET → http://localhost:8001/
[0;35m[MEASURE][0m st-gleam-mist-1-15-2 | stopping Scaphandre + appending CSV …
[0;35m[MEASURE][0m st-gleam-mist-1-15-2 | [0;32m5000/5000 ok[0m | 3.6s | 1379 req/s | results/2026-05-07_234827/static/st-gleam-mist-1-15-2.csv
[0;36m[PROGRESS][0m 82/406 (20%) | elapsed 1h48m | ETA ~7h07m | remaining 324 | static HTTP | st-gleam-mist-1-15-2 | level 4/13 | 8000 requests
[0;35m[MEASURE][0m st-gleam-mist-1-15-2 | Docker start + HTTP readiness wait …
[0;35m[MEASURE][0m st-gleam-mist-1-15-2 | Scaphandre power sampling + HTTP load | 8000 GET → http://localhost:8001/
[0;35m[MEASURE][0m st-gleam-mist-1-15-2 | stopping Scaphandre + appending CSV …
[0;35m[MEASURE][0m st-gleam-mist-1-15-2 | [0;32m8000/8000 ok[0m | 5.5s | 1461 req/s | results/2026-05-07_234827/static/st-gleam-mist-1-15-2.csv
[0;36m[PROGRESS][0m 83/406 (20%) | elapsed 1h49m | ETA ~7h04m | remaining 323 | static HTTP | st-gleam-mist-1-15-2 | level 5/13 | 10000 requests
[0;35m[MEASURE][0m st-gleam-mist-1-15-2 | Docker start + HTTP readiness wait …
[0;35m[MEASURE][0m st-gleam-mist-1-15-2 | Scaphandre power sampling + HTTP load | 10000 GET → http://localhost:8001/
[0;35m[MEASURE][0m st-gleam-mist-1-15-2 | stopping Scaphandre + appending CSV …
[0;35m[MEASURE][0m st-gleam-mist-1-15-2 | [0;32m10000/10000 ok[0m | 6.7s | 1494 req/s | results/2026-05-07_234827/static/st-gleam-mist-1-15-2.csv
[0;36m[PROGRESS][0m 84/406 (20%) | elapsed 1h50m | ETA ~7h02m | remaining 322 | static HTTP | st-gleam-mist-1-15-2 | level 6/13 | 15000 requests
[0;35m[MEASURE][0m st-gleam-mist-1-15-2 | Docker start + HTTP readiness wait …
[0;35m[MEASURE][0m st-gleam-mist-1-15-2 | Scaphandre power sampling + HTTP load | 15000 GET → http://localhost:8001/
[0;35m[MEASURE][0m st-gleam-mist-1-15-2 | stopping Scaphandre + appending CSV …
[0;35m[MEASURE][0m st-gleam-mist-1-15-2 | [0;32m15000/15000 ok[0m | 11.0s | 1368 req/s | results/2026-05-07_234827/static/st-gleam-mist-1-15-2.csv
[0;36m[PROGRESS][0m 85/406 (20%) | elapsed 1h51m | ETA ~7h00m | remaining 321 | static HTTP | st-gleam-mist-1-15-2 | level 7/13 | 20000 requests
[0;35m[MEASURE][0m st-gleam-mist-1-15-2 | Docker start + HTTP readiness wait …
[0;35m[MEASURE][0m st-gleam-mist-1-15-2 | Scaphandre power sampling + HTTP load | 20000 GET → http://localhost:8001/
[0;35m[MEASURE][0m st-gleam-mist-1-15-2 | stopping Scaphandre + appending CSV …
[0;35m[MEASURE][0m st-gleam-mist-1-15-2 | [0;32m20000/20000 ok[0m | 16.9s | 1181 req/s | results/2026-05-07_234827/static/st-gleam-mist-1-15-2.csv
[0;36m[PROGRESS][0m 86/406 (21%) | elapsed 1h52m | ETA ~6h58m | remaining 320 | static HTTP | st-gleam-mist-1-15-2 | level 8/13 | 30000 requests
[0;35m[MEASURE][0m st-gleam-mist-1-15-2 | Docker start + HTTP readiness wait …
[0;35m[MEASURE][0m st-gleam-mist-1-15-2 | Scaphandre power sampling + HTTP load | 30000 GET → http://localhost:8001/
[0;35m[MEASURE][0m st-gleam-mist-1-15-2 | stopping Scaphandre + appending CSV …
[0;35m[MEASURE][0m st-gleam-mist-1-15-2 | 28231/30000 | 29.9s | 1003 req/s | results/2026-05-07_234827/static/st-gleam-mist-1-15-2.csv
[0;36m[PROGRESS][0m 87/406 (21%) | elapsed 1h53m | ETA ~6h57m | remaining 319 | static HTTP | st-gleam-mist-1-15-2 | level 9/13 | 40000 requests
[0;35m[MEASURE][0m st-gleam-mist-1-15-2 | Docker start + HTTP readiness wait …
[0;35m[MEASURE][0m st-gleam-mist-1-15-2 | Scaphandre power sampling + HTTP load | 40000 GET → http://localhost:8001/
[0;35m[MEASURE][0m st-gleam-mist-1-15-2 | stopping Scaphandre + appending CSV …
[0;35m[MEASURE][0m st-gleam-mist-1-15-2 | 28232/40000 | 57.1s | 701 req/s | results/2026-05-07_234827/static/st-gleam-mist-1-15-2.csv
[0;36m[PROGRESS][0m 88/406 (21%) | elapsed 1h55m | ETA ~6h58m | remaining 318 | static HTTP | st-gleam-mist-1-15-2 | level 10/13 | 50000 requests
[0;35m[MEASURE][0m st-gleam-mist-1-15-2 | Docker start + HTTP readiness wait …
[0;35m[MEASURE][0m st-gleam-mist-1-15-2 | Scaphandre power sampling + HTTP load | 50000 GET → http://localhost:8001/
[0;35m[MEASURE][0m st-gleam-mist-1-15-2 | HTTP requests 41192/50000 (60s elapsed)
[0;35m[MEASURE][0m st-gleam-mist-1-15-2 | stopping Scaphandre + appending CSV …
[0;35m[MEASURE][0m st-gleam-mist-1-15-2 | 36192/50000 | 68.8s | 727 req/s | results/2026-05-07_234827/static/st-gleam-mist-1-15-2.csv
[0;36m[PROGRESS][0m 89/406 (21%) | elapsed 1h57m | ETA ~6h59m | remaining 317 | static HTTP | st-gleam-mist-1-15-2 | level 11/13 | 60000 requests
[0;35m[MEASURE][0m st-gleam-mist-1-15-2 | Docker start + HTTP readiness wait …
[0;35m[MEASURE][0m st-gleam-mist-1-15-2 | Scaphandre power sampling + HTTP load | 60000 GET → http://localhost:8001/
[0;35m[MEASURE][0m st-gleam-mist-1-15-2 | HTTP requests 40781/60000 (60s elapsed)
[0;35m[MEASURE][0m st-gleam-mist-1-15-2 | stopping Scaphandre + appending CSV …
[0;35m[MEASURE][0m st-gleam-mist-1-15-2 | 46578/60000 | 78.6s | 763 req/s | results/2026-05-07_234827/static/st-gleam-mist-1-15-2.csv
[0;36m[PROGRESS][0m 90/406 (22%) | elapsed 2h00m | ETA ~7h01m | remaining 316 | static HTTP | st-gleam-mist-1-15-2 | level 12/13 | 70000 requests
[0;35m[MEASURE][0m st-gleam-mist-1-15-2 | Docker start + HTTP readiness wait …
[0;35m[MEASURE][0m st-gleam-mist-1-15-2 | Scaphandre power sampling + HTTP load | 70000 GET → http://localhost:8001/
[0;35m[MEASURE][0m st-gleam-mist-1-15-2 | HTTP requests 40952/70000 (60s elapsed)
[0;35m[MEASURE][0m st-gleam-mist-1-15-2 | stopping Scaphandre + appending CSV …
[0;35m[MEASURE][0m st-gleam-mist-1-15-2 | 56395/70000 | 89.8s | 779 req/s | results/2026-05-07_234827/static/st-gleam-mist-1-15-2.csv
[0;36m[PROGRESS][0m 91/406 (22%) | elapsed 2h02m | ETA ~7h03m | remaining 315 | static HTTP | st-gleam-mist-1-15-2 | level 13/13 | 80000 requests
[0;35m[MEASURE][0m st-gleam-mist-1-15-2 | Docker start + HTTP readiness wait …
[0;35m[MEASURE][0m st-gleam-mist-1-15-2 | Scaphandre power sampling + HTTP load | 80000 GET → http://localhost:8001/
[0;35m[MEASURE][0m st-gleam-mist-1-15-2 | HTTP requests 40850/80000 (60s elapsed)
[0;35m[MEASURE][0m st-gleam-mist-1-15-2 | stopping Scaphandre + appending CSV …
[0;35m[MEASURE][0m st-gleam-mist-1-15-2 | 56464/80000 | 118.5s | 675 req/s | results/2026-05-07_234827/static/st-gleam-mist-1-15-2.csv
[0;34mRunning static tests for st-erlang-index-28-4-3 on port 8001[0m (8/11)
[0;36m[PROGRESS][0m 92/406 (22%) | elapsed 2h05m | ETA ~7h07m | remaining 314 | static HTTP | st-erlang-index-28-4-3 | level 1/13 | 100 requests
[0;35m[MEASURE][0m st-erlang-index-28-4-3 | Docker start + HTTP readiness wait …
[0;35m[MEASURE][0m st-erlang-index-28-4-3 | Scaphandre power sampling + HTTP load | 100 GET → http://localhost:8001/
[0;35m[MEASURE][0m st-erlang-index-28-4-3 | stopping Scaphandre + appending CSV …
[0;35m[MEASURE][0m st-erlang-index-28-4-3 | [0;32m100/100 ok[0m | 0.1s | 1103 req/s | results/2026-05-07_234827/static/st-erlang-index-28-4-3.csv
[0;36m[PROGRESS][0m 93/406 (22%) | elapsed 2h06m | ETA ~7h04m | remaining 313 | static HTTP | st-erlang-index-28-4-3 | level 2/13 | 1000 requests
[0;35m[MEASURE][0m st-erlang-index-28-4-3 | Docker start + HTTP readiness wait …
[0;35m[MEASURE][0m st-erlang-index-28-4-3 | Scaphandre power sampling + HTTP load | 1000 GET → http://localhost:8001/
[0;35m[MEASURE][0m st-erlang-index-28-4-3 | stopping Scaphandre + appending CSV …
[0;35m[MEASURE][0m st-erlang-index-28-4-3 | [0;32m1000/1000 ok[0m | 1.3s | 756 req/s | results/2026-05-07_234827/static/st-erlang-index-28-4-3.csv
[0;36m[PROGRESS][0m 94/406 (23%) | elapsed 2h06m | ETA ~7h01m | remaining 312 | static HTTP | st-erlang-index-28-4-3 | level 3/13 | 5000 requests
[0;35m[MEASURE][0m st-erlang-index-28-4-3 | Docker start + HTTP readiness wait …
[0;35m[MEASURE][0m st-erlang-index-28-4-3 | Scaphandre power sampling + HTTP load | 5000 GET → http://localhost:8001/
[0;35m[MEASURE][0m st-erlang-index-28-4-3 | stopping Scaphandre + appending CSV …
[0;35m[MEASURE][0m st-erlang-index-28-4-3 | [0;32m5000/5000 ok[0m | 3.2s | 1563 req/s | results/2026-05-07_234827/static/st-erlang-index-28-4-3.csv
[0;36m[PROGRESS][0m 95/406 (23%) | elapsed 2h07m | ETA ~6h58m | remaining 311 | static HTTP | st-erlang-index-28-4-3 | level 4/13 | 8000 requests
[0;35m[MEASURE][0m st-erlang-index-28-4-3 | Docker start + HTTP readiness wait …
[0;35m[MEASURE][0m st-erlang-index-28-4-3 | Scaphandre power sampling + HTTP load | 8000 GET → http://localhost:8001/
[0;35m[MEASURE][0m st-erlang-index-28-4-3 | stopping Scaphandre + appending CSV …
[0;35m[MEASURE][0m st-erlang-index-28-4-3 | [0;32m8000/8000 ok[0m | 5.5s | 1454 req/s | results/2026-05-07_234827/static/st-erlang-index-28-4-3.csv
[0;36m[PROGRESS][0m 96/406 (23%) | elapsed 2h08m | ETA ~6h55m | remaining 310 | static HTTP | st-erlang-index-28-4-3 | level 5/13 | 10000 requests
[0;35m[MEASURE][0m st-erlang-index-28-4-3 | Docker start + HTTP readiness wait …
[0;35m[MEASURE][0m st-erlang-index-28-4-3 | Scaphandre power sampling + HTTP load | 10000 GET → http://localhost:8001/
[0;35m[MEASURE][0m st-erlang-index-28-4-3 | stopping Scaphandre + appending CSV …
[0;35m[MEASURE][0m st-erlang-index-28-4-3 | [0;32m10000/10000 ok[0m | 7.1s | 1404 req/s | results/2026-05-07_234827/static/st-erlang-index-28-4-3.csv
[0;36m[PROGRESS][0m 97/406 (23%) | elapsed 2h09m | ETA ~6h52m | remaining 309 | static HTTP | st-erlang-index-28-4-3 | level 6/13 | 15000 requests
[0;35m[MEASURE][0m st-erlang-index-28-4-3 | Docker start + HTTP readiness wait …
[0;35m[MEASURE][0m st-erlang-index-28-4-3 | Scaphandre power sampling + HTTP load | 15000 GET → http://localhost:8001/
[0;35m[MEASURE][0m st-erlang-index-28-4-3 | stopping Scaphandre + appending CSV …
[0;35m[MEASURE][0m st-erlang-index-28-4-3 | [0;32m15000/15000 ok[0m | 11.1s | 1346 req/s | results/2026-05-07_234827/static/st-erlang-index-28-4-3.csv
[0;36m[PROGRESS][0m 98/406 (24%) | elapsed 2h10m | ETA ~6h49m | remaining 308 | static HTTP | st-erlang-index-28-4-3 | level 7/13 | 20000 requests
[0;35m[MEASURE][0m st-erlang-index-28-4-3 | Docker start + HTTP readiness wait …
[0;35m[MEASURE][0m st-erlang-index-28-4-3 | Scaphandre power sampling + HTTP load | 20000 GET → http://localhost:8001/
[0;35m[MEASURE][0m st-erlang-index-28-4-3 | stopping Scaphandre + appending CSV …
[0;35m[MEASURE][0m st-erlang-index-28-4-3 | [0;32m20000/20000 ok[0m | 15.5s | 1291 req/s | results/2026-05-07_234827/static/st-erlang-index-28-4-3.csv
[0;36m[PROGRESS][0m 99/406 (24%) | elapsed 2h11m | ETA ~6h47m | remaining 307 | static HTTP | st-erlang-index-28-4-3 | level 8/13 | 30000 requests
[0;35m[MEASURE][0m st-erlang-index-28-4-3 | Docker start + HTTP readiness wait …
[0;35m[MEASURE][0m st-erlang-index-28-4-3 | Scaphandre power sampling + HTTP load | 30000 GET → http://localhost:8001/
[0;35m[MEASURE][0m st-erlang-index-28-4-3 | stopping Scaphandre + appending CSV …
[0;35m[MEASURE][0m st-erlang-index-28-4-3 | [0;32m30000/30000 ok[0m | 24.8s | 1211 req/s | results/2026-05-07_234827/static/st-erlang-index-28-4-3.csv
[0;36m[PROGRESS][0m 100/406 (24%) | elapsed 2h12m | ETA ~6h45m | remaining 306 | static HTTP | st-erlang-index-28-4-3 | level 9/13 | 40000 requests
[0;35m[MEASURE][0m st-erlang-index-28-4-3 | Docker start + HTTP readiness wait …
[0;35m[MEASURE][0m st-erlang-index-28-4-3 | Scaphandre power sampling + HTTP load | 40000 GET → http://localhost:8001/
[0;35m[MEASURE][0m st-erlang-index-28-4-3 | stopping Scaphandre + appending CSV …
[0;35m[MEASURE][0m st-erlang-index-28-4-3 | [0;32m40000/40000 ok[0m | 33.1s | 1210 req/s | results/2026-05-07_234827/static/st-erlang-index-28-4-3.csv
[0;36m[PROGRESS][0m 101/406 (24%) | elapsed 2h13m | ETA ~6h44m | remaining 305 | static HTTP | st-erlang-index-28-4-3 | level 10/13 | 50000 requests
[0;35m[MEASURE][0m st-erlang-index-28-4-3 | Docker start + HTTP readiness wait …
[0;35m[MEASURE][0m st-erlang-index-28-4-3 | Scaphandre power sampling + HTTP load | 50000 GET → http://localhost:8001/
[0;35m[MEASURE][0m st-erlang-index-28-4-3 | stopping Scaphandre + appending CSV …
[0;35m[MEASURE][0m st-erlang-index-28-4-3 | 49999/50000 | 43.3s | 1155 req/s | results/2026-05-07_234827/static/st-erlang-index-28-4-3.csv
[0;36m[PROGRESS][0m 102/406 (25%) | elapsed 2h15m | ETA ~6h43m | remaining 304 | static HTTP | st-erlang-index-28-4-3 | level 11/13 | 60000 requests
[0;35m[MEASURE][0m st-erlang-index-28-4-3 | Docker start + HTTP readiness wait …
[0;35m[MEASURE][0m st-erlang-index-28-4-3 | Scaphandre power sampling + HTTP load | 60000 GET → http://localhost:8001/
[0;35m[MEASURE][0m st-erlang-index-28-4-3 | stopping Scaphandre + appending CSV …
[0;35m[MEASURE][0m st-erlang-index-28-4-3 | [0;32m60000/60000 ok[0m | 55.0s | 1091 req/s | results/2026-05-07_234827/static/st-erlang-index-28-4-3.csv
[0;36m[PROGRESS][0m 103/406 (25%) | elapsed 2h16m | ETA ~6h42m | remaining 303 | static HTTP | st-erlang-index-28-4-3 | level 12/13 | 70000 requests
[0;35m[MEASURE][0m st-erlang-index-28-4-3 | Docker start + HTTP readiness wait …
[0;35m[MEASURE][0m st-erlang-index-28-4-3 | Scaphandre power sampling + HTTP load | 70000 GET → http://localhost:8001/
[0;35m[MEASURE][0m st-erlang-index-28-4-3 | HTTP requests 63899/70000 (60s elapsed)
[0;35m[MEASURE][0m st-erlang-index-28-4-3 | stopping Scaphandre + appending CSV …
[0;35m[MEASURE][0m st-erlang-index-28-4-3 | [0;32m70000/70000 ok[0m | 69.9s | 1002 req/s | results/2026-05-07_234827/static/st-erlang-index-28-4-3.csv
[0;36m[PROGRESS][0m 104/406 (25%) | elapsed 2h18m | ETA ~6h43m | remaining 302 | static HTTP | st-erlang-index-28-4-3 | level 13/13 | 80000 requests
[0;35m[MEASURE][0m st-erlang-index-28-4-3 | Docker start + HTTP readiness wait …
[0;35m[MEASURE][0m st-erlang-index-28-4-3 | Scaphandre power sampling + HTTP load | 80000 GET → http://localhost:8001/
[0;35m[MEASURE][0m st-erlang-index-28-4-3 | HTTP requests 63830/80000 (60s elapsed)
[0;35m[MEASURE][0m st-erlang-index-28-4-3 | stopping Scaphandre + appending CSV …
[0;35m[MEASURE][0m st-erlang-index-28-4-3 | [0;32m80000/80000 ok[0m | 87.1s | 918 req/s | results/2026-05-07_234827/static/st-erlang-index-28-4-3.csv
[0;34mRunning static tests for st-erlang-yaws-28-4-3 on port 8001[0m (9/11)
[0;36m[PROGRESS][0m 105/406 (25%) | elapsed 2h21m | ETA ~6h44m | remaining 301 | static HTTP | st-erlang-yaws-28-4-3 | level 1/13 | 100 requests
[0;35m[MEASURE][0m st-erlang-yaws-28-4-3 | Docker start + HTTP readiness wait …
[0;35m[MEASURE][0m st-erlang-yaws-28-4-3 | Scaphandre power sampling + HTTP load | 100 GET → http://localhost:8001/
[0;35m[MEASURE][0m st-erlang-yaws-28-4-3 | stopping Scaphandre + appending CSV …
[0;35m[MEASURE][0m st-erlang-yaws-28-4-3 | [0;32m100/100 ok[0m | 0.1s | 747 req/s | results/2026-05-07_234827/static/st-erlang-yaws-28-4-3.csv
[0;36m[PROGRESS][0m 106/406 (26%) | elapsed 2h22m | ETA ~6h42m | remaining 300 | static HTTP | st-erlang-yaws-28-4-3 | level 2/13 | 1000 requests
[0;35m[MEASURE][0m st-erlang-yaws-28-4-3 | Docker start + HTTP readiness wait …
[0;35m[MEASURE][0m st-erlang-yaws-28-4-3 | Scaphandre power sampling + HTTP load | 1000 GET → http://localhost:8001/
[0;35m[MEASURE][0m st-erlang-yaws-28-4-3 | stopping Scaphandre + appending CSV …
[0;35m[MEASURE][0m st-erlang-yaws-28-4-3 | [0;32m1000/1000 ok[0m | 0.7s | 1455 req/s | results/2026-05-07_234827/static/st-erlang-yaws-28-4-3.csv
[0;36m[PROGRESS][0m 107/406 (26%) | elapsed 2h22m | ETA ~6h39m | remaining 299 | static HTTP | st-erlang-yaws-28-4-3 | level 3/13 | 5000 requests
[0;35m[MEASURE][0m st-erlang-yaws-28-4-3 | Docker start + HTTP readiness wait …
[0;35m[MEASURE][0m st-erlang-yaws-28-4-3 | Scaphandre power sampling + HTTP load | 5000 GET → http://localhost:8001/
[0;35m[MEASURE][0m st-erlang-yaws-28-4-3 | stopping Scaphandre + appending CSV …
[0;35m[MEASURE][0m st-erlang-yaws-28-4-3 | [0;32m5000/5000 ok[0m | 3.3s | 1516 req/s | results/2026-05-07_234827/static/st-erlang-yaws-28-4-3.csv
[0;36m[PROGRESS][0m 108/406 (26%) | elapsed 2h23m | ETA ~6h37m | remaining 298 | static HTTP | st-erlang-yaws-28-4-3 | level 4/13 | 8000 requests
[0;35m[MEASURE][0m st-erlang-yaws-28-4-3 | Docker start + HTTP readiness wait …
[0;35m[MEASURE][0m st-erlang-yaws-28-4-3 | Scaphandre power sampling + HTTP load | 8000 GET → http://localhost:8001/
[0;35m[MEASURE][0m st-erlang-yaws-28-4-3 | stopping Scaphandre + appending CSV …
[0;35m[MEASURE][0m st-erlang-yaws-28-4-3 | [0;32m8000/8000 ok[0m | 5.1s | 1558 req/s | results/2026-05-07_234827/static/st-erlang-yaws-28-4-3.csv
[0;36m[PROGRESS][0m 109/406 (26%) | elapsed 2h24m | ETA ~6h34m | remaining 297 | static HTTP | st-erlang-yaws-28-4-3 | level 5/13 | 10000 requests
[0;35m[MEASURE][0m st-erlang-yaws-28-4-3 | Docker start + HTTP readiness wait …
[0;35m[MEASURE][0m st-erlang-yaws-28-4-3 | Scaphandre power sampling + HTTP load | 10000 GET → http://localhost:8001/
[0;35m[MEASURE][0m st-erlang-yaws-28-4-3 | stopping Scaphandre + appending CSV …
[0;35m[MEASURE][0m st-erlang-yaws-28-4-3 | [0;32m10000/10000 ok[0m | 6.7s | 1499 req/s | results/2026-05-07_234827/static/st-erlang-yaws-28-4-3.csv
[0;36m[PROGRESS][0m 110/406 (27%) | elapsed 2h25m | ETA ~6h32m | remaining 296 | static HTTP | st-erlang-yaws-28-4-3 | level 6/13 | 15000 requests
[0;35m[MEASURE][0m st-erlang-yaws-28-4-3 | Docker start + HTTP readiness wait …
[0;35m[MEASURE][0m st-erlang-yaws-28-4-3 | Scaphandre power sampling + HTTP load | 15000 GET → http://localhost:8001/
[0;35m[MEASURE][0m st-erlang-yaws-28-4-3 | stopping Scaphandre + appending CSV …
[0;35m[MEASURE][0m st-erlang-yaws-28-4-3 | [0;32m15000/15000 ok[0m | 10.6s | 1420 req/s | results/2026-05-07_234827/static/st-erlang-yaws-28-4-3.csv
[0;36m[PROGRESS][0m 111/406 (27%) | elapsed 2h26m | ETA ~6h30m | remaining 295 | static HTTP | st-erlang-yaws-28-4-3 | level 7/13 | 20000 requests
[0;35m[MEASURE][0m st-erlang-yaws-28-4-3 | Docker start + HTTP readiness wait …
[0;35m[MEASURE][0m st-erlang-yaws-28-4-3 | Scaphandre power sampling + HTTP load | 20000 GET → http://localhost:8001/
[0;35m[MEASURE][0m st-erlang-yaws-28-4-3 | stopping Scaphandre + appending CSV …
[0;35m[MEASURE][0m st-erlang-yaws-28-4-3 | [0;32m20000/20000 ok[0m | 15.8s | 1268 req/s | results/2026-05-07_234827/static/st-erlang-yaws-28-4-3.csv
[0;36m[PROGRESS][0m 112/406 (27%) | elapsed 2h28m | ETA ~6h28m | remaining 294 | static HTTP | st-erlang-yaws-28-4-3 | level 8/13 | 30000 requests
[0;35m[MEASURE][0m st-erlang-yaws-28-4-3 | Docker start + HTTP readiness wait …
[0;35m[MEASURE][0m st-erlang-yaws-28-4-3 | Scaphandre power sampling + HTTP load | 30000 GET → http://localhost:8001/
[0;35m[MEASURE][0m st-erlang-yaws-28-4-3 | stopping Scaphandre + appending CSV …
[0;35m[MEASURE][0m st-erlang-yaws-28-4-3 | 28231/30000 | 30.1s | 995 req/s | results/2026-05-07_234827/static/st-erlang-yaws-28-4-3.csv
[0;36m[PROGRESS][0m 113/406 (27%) | elapsed 2h29m | ETA ~6h27m | remaining 293 | static HTTP | st-erlang-yaws-28-4-3 | level 9/13 | 40000 requests
[0;35m[MEASURE][0m st-erlang-yaws-28-4-3 | Docker start + HTTP readiness wait …
[0;35m[MEASURE][0m st-erlang-yaws-28-4-3 | Scaphandre power sampling + HTTP load | 40000 GET → http://localhost:8001/
[0;35m[MEASURE][0m st-erlang-yaws-28-4-3 | stopping Scaphandre + appending CSV …
[0;35m[MEASURE][0m st-erlang-yaws-28-4-3 | 28232/40000 | 56.3s | 711 req/s | results/2026-05-07_234827/static/st-erlang-yaws-28-4-3.csv
[0;36m[PROGRESS][0m 114/406 (28%) | elapsed 2h31m | ETA ~6h27m | remaining 292 | static HTTP | st-erlang-yaws-28-4-3 | level 10/13 | 50000 requests
[0;35m[MEASURE][0m st-erlang-yaws-28-4-3 | Docker start + HTTP readiness wait …
[0;35m[MEASURE][0m st-erlang-yaws-28-4-3 | Scaphandre power sampling + HTTP load | 50000 GET → http://localhost:8001/
[0;35m[MEASURE][0m st-erlang-yaws-28-4-3 | HTTP requests 41299/50000 (60s elapsed)
[0;35m[MEASURE][0m st-erlang-yaws-28-4-3 | stopping Scaphandre + appending CSV …
[0;35m[MEASURE][0m st-erlang-yaws-28-4-3 | 36120/50000 | 69.0s | 725 req/s | results/2026-05-07_234827/static/st-erlang-yaws-28-4-3.csv
[0;36m[PROGRESS][0m 115/406 (28%) | elapsed 2h33m | ETA ~6h28m | remaining 291 | static HTTP | st-erlang-yaws-28-4-3 | level 11/13 | 60000 requests
[0;35m[MEASURE][0m st-erlang-yaws-28-4-3 | Docker start + HTTP readiness wait …
[0;35m[MEASURE][0m st-erlang-yaws-28-4-3 | Scaphandre power sampling + HTTP load | 60000 GET → http://localhost:8001/
[0;35m[MEASURE][0m st-erlang-yaws-28-4-3 | HTTP requests 41237/60000 (60s elapsed)
[0;35m[MEASURE][0m st-erlang-yaws-28-4-3 | stopping Scaphandre + appending CSV …
[0;35m[MEASURE][0m st-erlang-yaws-28-4-3 | 46226/60000 | 78.5s | 764 req/s | results/2026-05-07_234827/static/st-erlang-yaws-28-4-3.csv
[0;36m[PROGRESS][0m 116/406 (28%) | elapsed 2h35m | ETA ~6h29m | remaining 290 | static HTTP | st-erlang-yaws-28-4-3 | level 12/13 | 70000 requests
[0;35m[MEASURE][0m st-erlang-yaws-28-4-3 | Docker start + HTTP readiness wait …
[0;35m[MEASURE][0m st-erlang-yaws-28-4-3 | Scaphandre power sampling + HTTP load | 70000 GET → http://localhost:8001/
[0;35m[MEASURE][0m st-erlang-yaws-28-4-3 | HTTP requests 41028/70000 (60s elapsed)
[0;35m[MEASURE][0m st-erlang-yaws-28-4-3 | stopping Scaphandre + appending CSV …
[0;35m[MEASURE][0m st-erlang-yaws-28-4-3 | 56461/70000 | 91.3s | 767 req/s | results/2026-05-07_234827/static/st-erlang-yaws-28-4-3.csv
[0;36m[PROGRESS][0m 117/406 (28%) | elapsed 2h38m | ETA ~6h30m | remaining 289 | static HTTP | st-erlang-yaws-28-4-3 | level 13/13 | 80000 requests
[0;35m[MEASURE][0m st-erlang-yaws-28-4-3 | Docker start + HTTP readiness wait …
[0;35m[MEASURE][0m st-erlang-yaws-28-4-3 | Scaphandre power sampling + HTTP load | 80000 GET → http://localhost:8001/
[0;35m[MEASURE][0m st-erlang-yaws-28-4-3 | HTTP requests 41128/80000 (60s elapsed)
[0;35m[MEASURE][0m st-erlang-yaws-28-4-3 | stopping Scaphandre + appending CSV …
[0;35m[MEASURE][0m st-erlang-yaws-28-4-3 | 56464/80000 | 119.0s | 672 req/s | results/2026-05-07_234827/static/st-erlang-yaws-28-4-3.csv
[0;34mRunning static tests for st-erlang-cowboy-28-4-3 on port 8001[0m (10/11)
[0;36m[PROGRESS][0m 118/406 (29%) | elapsed 2h41m | ETA ~6h33m | remaining 288 | static HTTP | st-erlang-cowboy-28-4-3 | level 1/13 | 100 requests
[0;35m[MEASURE][0m st-erlang-cowboy-28-4-3 | Docker start + HTTP readiness wait …
[0;35m[MEASURE][0m st-erlang-cowboy-28-4-3 | Scaphandre power sampling + HTTP load | 100 GET → http://localhost:8001/
[0;35m[MEASURE][0m st-erlang-cowboy-28-4-3 | stopping Scaphandre + appending CSV …
[0;35m[MEASURE][0m st-erlang-cowboy-28-4-3 | [0;32m100/100 ok[0m | 0.1s | 826 req/s | results/2026-05-07_234827/static/st-erlang-cowboy-28-4-3.csv
[0;36m[PROGRESS][0m 119/406 (29%) | elapsed 2h41m | ETA ~6h30m | remaining 287 | static HTTP | st-erlang-cowboy-28-4-3 | level 2/13 | 1000 requests
[0;35m[MEASURE][0m st-erlang-cowboy-28-4-3 | Docker start + HTTP readiness wait …
[0;35m[MEASURE][0m st-erlang-cowboy-28-4-3 | Scaphandre power sampling + HTTP load | 1000 GET → http://localhost:8001/
[0;35m[MEASURE][0m st-erlang-cowboy-28-4-3 | stopping Scaphandre + appending CSV …
[0;35m[MEASURE][0m st-erlang-cowboy-28-4-3 | [0;32m1000/1000 ok[0m | 0.9s | 1155 req/s | results/2026-05-07_234827/static/st-erlang-cowboy-28-4-3.csv
[0;36m[PROGRESS][0m 120/406 (29%) | elapsed 2h42m | ETA ~6h27m | remaining 286 | static HTTP | st-erlang-cowboy-28-4-3 | level 3/13 | 5000 requests
[0;35m[MEASURE][0m st-erlang-cowboy-28-4-3 | Docker start + HTTP readiness wait …
[0;35m[MEASURE][0m st-erlang-cowboy-28-4-3 | Scaphandre power sampling + HTTP load | 5000 GET → http://localhost:8001/
[0;35m[MEASURE][0m st-erlang-cowboy-28-4-3 | stopping Scaphandre + appending CSV …
[0;35m[MEASURE][0m st-erlang-cowboy-28-4-3 | [0;32m5000/5000 ok[0m | 3.8s | 1314 req/s | results/2026-05-07_234827/static/st-erlang-cowboy-28-4-3.csv
[0;36m[PROGRESS][0m 121/406 (29%) | elapsed 2h43m | ETA ~6h25m | remaining 285 | static HTTP | st-erlang-cowboy-28-4-3 | level 4/13 | 8000 requests
[0;35m[MEASURE][0m st-erlang-cowboy-28-4-3 | Docker start + HTTP readiness wait …
[0;35m[MEASURE][0m st-erlang-cowboy-28-4-3 | Scaphandre power sampling + HTTP load | 8000 GET → http://localhost:8001/
[0;35m[MEASURE][0m st-erlang-cowboy-28-4-3 | stopping Scaphandre + appending CSV …
[0;35m[MEASURE][0m st-erlang-cowboy-28-4-3 | [0;32m8000/8000 ok[0m | 5.6s | 1433 req/s | results/2026-05-07_234827/static/st-erlang-cowboy-28-4-3.csv
[0;36m[PROGRESS][0m 122/406 (30%) | elapsed 2h44m | ETA ~6h22m | remaining 284 | static HTTP | st-erlang-cowboy-28-4-3 | level 5/13 | 10000 requests
[0;35m[MEASURE][0m st-erlang-cowboy-28-4-3 | Docker start + HTTP readiness wait …
[0;35m[MEASURE][0m st-erlang-cowboy-28-4-3 | Scaphandre power sampling + HTTP load | 10000 GET → http://localhost:8001/
[0;35m[MEASURE][0m st-erlang-cowboy-28-4-3 | stopping Scaphandre + appending CSV …
[0;35m[MEASURE][0m st-erlang-cowboy-28-4-3 | [0;32m10000/10000 ok[0m | 8.5s | 1173 req/s | results/2026-05-07_234827/static/st-erlang-cowboy-28-4-3.csv
[0;36m[PROGRESS][0m 123/406 (30%) | elapsed 2h45m | ETA ~6h20m | remaining 283 | static HTTP | st-erlang-cowboy-28-4-3 | level 6/13 | 15000 requests
[0;35m[MEASURE][0m st-erlang-cowboy-28-4-3 | Docker start + HTTP readiness wait …
[0;35m[MEASURE][0m st-erlang-cowboy-28-4-3 | Scaphandre power sampling + HTTP load | 15000 GET → http://localhost:8001/
[0;35m[MEASURE][0m st-erlang-cowboy-28-4-3 | stopping Scaphandre + appending CSV …
[0;35m[MEASURE][0m st-erlang-cowboy-28-4-3 | [0;32m15000/15000 ok[0m | 11.3s | 1328 req/s | results/2026-05-07_234827/static/st-erlang-cowboy-28-4-3.csv
[0;36m[PROGRESS][0m 124/406 (30%) | elapsed 2h46m | ETA ~6h17m | remaining 282 | static HTTP | st-erlang-cowboy-28-4-3 | level 7/13 | 20000 requests
[0;35m[MEASURE][0m st-erlang-cowboy-28-4-3 | Docker start + HTTP readiness wait …
[0;35m[MEASURE][0m st-erlang-cowboy-28-4-3 | Scaphandre power sampling + HTTP load | 20000 GET → http://localhost:8001/
[0;35m[MEASURE][0m st-erlang-cowboy-28-4-3 | stopping Scaphandre + appending CSV …
[0;35m[MEASURE][0m st-erlang-cowboy-28-4-3 | [0;32m20000/20000 ok[0m | 17.1s | 1170 req/s | results/2026-05-07_234827/static/st-erlang-cowboy-28-4-3.csv
[0;36m[PROGRESS][0m 125/406 (30%) | elapsed 2h47m | ETA ~6h15m | remaining 281 | static HTTP | st-erlang-cowboy-28-4-3 | level 8/13 | 30000 requests
[0;35m[MEASURE][0m st-erlang-cowboy-28-4-3 | Docker start + HTTP readiness wait …
[0;35m[MEASURE][0m st-erlang-cowboy-28-4-3 | Scaphandre power sampling + HTTP load | 30000 GET → http://localhost:8001/
[0;35m[MEASURE][0m st-erlang-cowboy-28-4-3 | stopping Scaphandre + appending CSV …
[0;35m[MEASURE][0m st-erlang-cowboy-28-4-3 | 28231/30000 | 30.5s | 983 req/s | results/2026-05-07_234827/static/st-erlang-cowboy-28-4-3.csv
[0;36m[PROGRESS][0m 126/406 (31%) | elapsed 2h48m | ETA ~6h14m | remaining 280 | static HTTP | st-erlang-cowboy-28-4-3 | level 9/13 | 40000 requests
[0;35m[MEASURE][0m st-erlang-cowboy-28-4-3 | Docker start + HTTP readiness wait …
[0;35m[MEASURE][0m st-erlang-cowboy-28-4-3 | Scaphandre power sampling + HTTP load | 40000 GET → http://localhost:8001/
[0;35m[MEASURE][0m st-erlang-cowboy-28-4-3 | stopping Scaphandre + appending CSV …
[0;35m[MEASURE][0m st-erlang-cowboy-28-4-3 | 28232/40000 | 57.3s | 698 req/s | results/2026-05-07_234827/static/st-erlang-cowboy-28-4-3.csv
[0;36m[PROGRESS][0m 127/406 (31%) | elapsed 2h50m | ETA ~6h13m | remaining 279 | static HTTP | st-erlang-cowboy-28-4-3 | level 10/13 | 50000 requests
[0;35m[MEASURE][0m st-erlang-cowboy-28-4-3 | Docker start + HTTP readiness wait …
[0;35m[MEASURE][0m st-erlang-cowboy-28-4-3 | Scaphandre power sampling + HTTP load | 50000 GET → http://localhost:8001/
[0;35m[MEASURE][0m st-erlang-cowboy-28-4-3 | HTTP requests 40941/50000 (60s elapsed)
[0;35m[MEASURE][0m st-erlang-cowboy-28-4-3 | stopping Scaphandre + appending CSV …
[0;35m[MEASURE][0m st-erlang-cowboy-28-4-3 | 36484/50000 | 68.9s | 726 req/s | results/2026-05-07_234827/static/st-erlang-cowboy-28-4-3.csv
[0;36m[PROGRESS][0m 128/406 (31%) | elapsed 2h52m | ETA ~6h13m | remaining 278 | static HTTP | st-erlang-cowboy-28-4-3 | level 11/13 | 60000 requests
[0;35m[MEASURE][0m st-erlang-cowboy-28-4-3 | Docker start + HTTP readiness wait …
[0;35m[MEASURE][0m st-erlang-cowboy-28-4-3 | Scaphandre power sampling + HTTP load | 60000 GET → http://localhost:8001/
[0;35m[MEASURE][0m st-erlang-cowboy-28-4-3 | HTTP requests 40751/60000 (60s elapsed)
[0;35m[MEASURE][0m st-erlang-cowboy-28-4-3 | stopping Scaphandre + appending CSV …
[0;35m[MEASURE][0m st-erlang-cowboy-28-4-3 | 46623/60000 | 78.6s | 763 req/s | results/2026-05-07_234827/static/st-erlang-cowboy-28-4-3.csv
[0;36m[PROGRESS][0m 129/406 (31%) | elapsed 2h54m | ETA ~6h14m | remaining 277 | static HTTP | st-erlang-cowboy-28-4-3 | level 12/13 | 70000 requests
[0;35m[MEASURE][0m st-erlang-cowboy-28-4-3 | Docker start + HTTP readiness wait …
[0;35m[MEASURE][0m st-erlang-cowboy-28-4-3 | Scaphandre power sampling + HTTP load | 70000 GET → http://localhost:8001/
[0;35m[MEASURE][0m st-erlang-cowboy-28-4-3 | HTTP requests 40674/70000 (60s elapsed)
[0;35m[MEASURE][0m st-erlang-cowboy-28-4-3 | stopping Scaphandre + appending CSV …
[0;35m[MEASURE][0m st-erlang-cowboy-28-4-3 | 56463/70000 | 90.4s | 774 req/s | results/2026-05-07_234827/static/st-erlang-cowboy-28-4-3.csv
[0;36m[PROGRESS][0m 130/406 (32%) | elapsed 2h56m | ETA ~6h14m | remaining 276 | static HTTP | st-erlang-cowboy-28-4-3 | level 13/13 | 80000 requests
[0;35m[MEASURE][0m st-erlang-cowboy-28-4-3 | Docker start + HTTP readiness wait …
[0;35m[MEASURE][0m st-erlang-cowboy-28-4-3 | Scaphandre power sampling + HTTP load | 80000 GET → http://localhost:8001/
[0;35m[MEASURE][0m st-erlang-cowboy-28-4-3 | HTTP requests 40828/80000 (60s elapsed)
[0;35m[MEASURE][0m st-erlang-cowboy-28-4-3 | stopping Scaphandre + appending CSV …
[0;35m[MEASURE][0m st-erlang-cowboy-28-4-3 | 56464/80000 | 118.4s | 675 req/s | results/2026-05-07_234827/static/st-erlang-cowboy-28-4-3.csv
[0;34mRunning static tests for st-erlang-pure-28-4-3 on port 8001[0m (11/11)
[0;36m[PROGRESS][0m 131/406 (32%) | elapsed 2h59m | ETA ~6h16m | remaining 275 | static HTTP | st-erlang-pure-28-4-3 | level 1/13 | 100 requests
[0;35m[MEASURE][0m st-erlang-pure-28-4-3 | Docker start + HTTP readiness wait …
[0;35m[MEASURE][0m st-erlang-pure-28-4-3 | Scaphandre power sampling + HTTP load | 100 GET → http://localhost:8001/
[0;35m[MEASURE][0m st-erlang-pure-28-4-3 | stopping Scaphandre + appending CSV …
[0;35m[MEASURE][0m st-erlang-pure-28-4-3 | [0;32m100/100 ok[0m | 0.1s | 1068 req/s | results/2026-05-07_234827/static/st-erlang-pure-28-4-3.csv
[0;36m[PROGRESS][0m 132/406 (32%) | elapsed 3h00m | ETA ~6h13m | remaining 274 | static HTTP | st-erlang-pure-28-4-3 | level 2/13 | 1000 requests
[0;35m[MEASURE][0m st-erlang-pure-28-4-3 | Docker start + HTTP readiness wait …
[0;35m[MEASURE][0m st-erlang-pure-28-4-3 | Scaphandre power sampling + HTTP load | 1000 GET → http://localhost:8001/
[0;35m[MEASURE][0m st-erlang-pure-28-4-3 | stopping Scaphandre + appending CSV …
[0;35m[MEASURE][0m st-erlang-pure-28-4-3 | [0;32m1000/1000 ok[0m | 1.5s | 649 req/s | results/2026-05-07_234827/static/st-erlang-pure-28-4-3.csv
[0;36m[PROGRESS][0m 133/406 (32%) | elapsed 3h00m | ETA ~6h11m | remaining 273 | static HTTP | st-erlang-pure-28-4-3 | level 3/13 | 5000 requests
[0;35m[MEASURE][0m st-erlang-pure-28-4-3 | Docker start + HTTP readiness wait …
[0;35m[MEASURE][0m st-erlang-pure-28-4-3 | Scaphandre power sampling + HTTP load | 5000 GET → http://localhost:8001/
[0;35m[MEASURE][0m st-erlang-pure-28-4-3 | stopping Scaphandre + appending CSV …
[0;35m[MEASURE][0m st-erlang-pure-28-4-3 | [0;32m5000/5000 ok[0m | 3.1s | 1616 req/s | results/2026-05-07_234827/static/st-erlang-pure-28-4-3.csv
[0;36m[PROGRESS][0m 134/406 (33%) | elapsed 3h01m | ETA ~6h08m | remaining 272 | static HTTP | st-erlang-pure-28-4-3 | level 4/13 | 8000 requests
[0;35m[MEASURE][0m st-erlang-pure-28-4-3 | Docker start + HTTP readiness wait …
[0;35m[MEASURE][0m st-erlang-pure-28-4-3 | Scaphandre power sampling + HTTP load | 8000 GET → http://localhost:8001/
[0;35m[MEASURE][0m st-erlang-pure-28-4-3 | stopping Scaphandre + appending CSV …
[0;35m[MEASURE][0m st-erlang-pure-28-4-3 | [0;32m8000/8000 ok[0m | 5.2s | 1525 req/s | results/2026-05-07_234827/static/st-erlang-pure-28-4-3.csv
[0;36m[PROGRESS][0m 135/406 (33%) | elapsed 3h02m | ETA ~6h06m | remaining 271 | static HTTP | st-erlang-pure-28-4-3 | level 5/13 | 10000 requests
[0;35m[MEASURE][0m st-erlang-pure-28-4-3 | Docker start + HTTP readiness wait …
[0;35m[MEASURE][0m st-erlang-pure-28-4-3 | Scaphandre power sampling + HTTP load | 10000 GET → http://localhost:8001/
[0;35m[MEASURE][0m st-erlang-pure-28-4-3 | stopping Scaphandre + appending CSV …
[0;35m[MEASURE][0m st-erlang-pure-28-4-3 | [0;32m10000/10000 ok[0m | 7.4s | 1345 req/s | results/2026-05-07_234827/static/st-erlang-pure-28-4-3.csv
[0;36m[PROGRESS][0m 136/406 (33%) | elapsed 3h03m | ETA ~6h03m | remaining 270 | static HTTP | st-erlang-pure-28-4-3 | level 6/13 | 15000 requests
[0;35m[MEASURE][0m st-erlang-pure-28-4-3 | Docker start + HTTP readiness wait …
[0;35m[MEASURE][0m st-erlang-pure-28-4-3 | Scaphandre power sampling + HTTP load | 15000 GET → http://localhost:8001/
[0;35m[MEASURE][0m st-erlang-pure-28-4-3 | stopping Scaphandre + appending CSV …
[0;35m[MEASURE][0m st-erlang-pure-28-4-3 | [0;32m15000/15000 ok[0m | 10.6s | 1411 req/s | results/2026-05-07_234827/static/st-erlang-pure-28-4-3.csv
[0;36m[PROGRESS][0m 137/406 (33%) | elapsed 3h04m | ETA ~6h01m | remaining 269 | static HTTP | st-erlang-pure-28-4-3 | level 7/13 | 20000 requests
[0;35m[MEASURE][0m st-erlang-pure-28-4-3 | Docker start + HTTP readiness wait …
[0;35m[MEASURE][0m st-erlang-pure-28-4-3 | Scaphandre power sampling + HTTP load | 20000 GET → http://localhost:8001/
[0;35m[MEASURE][0m st-erlang-pure-28-4-3 | stopping Scaphandre + appending CSV …
[0;35m[MEASURE][0m st-erlang-pure-28-4-3 | [0;32m20000/20000 ok[0m | 15.0s | 1332 req/s | results/2026-05-07_234827/static/st-erlang-pure-28-4-3.csv
[0;36m[PROGRESS][0m 138/406 (33%) | elapsed 3h05m | ETA ~5h59m | remaining 268 | static HTTP | st-erlang-pure-28-4-3 | level 8/13 | 30000 requests
[0;35m[MEASURE][0m st-erlang-pure-28-4-3 | Docker start + HTTP readiness wait …
[0;35m[MEASURE][0m st-erlang-pure-28-4-3 | Scaphandre power sampling + HTTP load | 30000 GET → http://localhost:8001/
[0;35m[MEASURE][0m st-erlang-pure-28-4-3 | stopping Scaphandre + appending CSV …
[0;35m[MEASURE][0m st-erlang-pure-28-4-3 | [0;32m30000/30000 ok[0m | 23.1s | 1297 req/s | results/2026-05-07_234827/static/st-erlang-pure-28-4-3.csv
[0;36m[PROGRESS][0m 139/406 (34%) | elapsed 3h06m | ETA ~5h58m | remaining 267 | static HTTP | st-erlang-pure-28-4-3 | level 9/13 | 40000 requests
[0;35m[MEASURE][0m st-erlang-pure-28-4-3 | Docker start + HTTP readiness wait …
[0;35m[MEASURE][0m st-erlang-pure-28-4-3 | Scaphandre power sampling + HTTP load | 40000 GET → http://localhost:8001/
[0;35m[MEASURE][0m st-erlang-pure-28-4-3 | stopping Scaphandre + appending CSV …
[0;35m[MEASURE][0m st-erlang-pure-28-4-3 | [0;32m40000/40000 ok[0m | 30.9s | 1295 req/s | results/2026-05-07_234827/static/st-erlang-pure-28-4-3.csv
[0;36m[PROGRESS][0m 140/406 (34%) | elapsed 3h07m | ETA ~5h56m | remaining 266 | static HTTP | st-erlang-pure-28-4-3 | level 10/13 | 50000 requests
[0;35m[MEASURE][0m st-erlang-pure-28-4-3 | Docker start + HTTP readiness wait …
[0;35m[MEASURE][0m st-erlang-pure-28-4-3 | Scaphandre power sampling + HTTP load | 50000 GET → http://localhost:8001/
[0;35m[MEASURE][0m st-erlang-pure-28-4-3 | stopping Scaphandre + appending CSV …
[0;35m[MEASURE][0m st-erlang-pure-28-4-3 | [0;32m50000/50000 ok[0m | 39.8s | 1255 req/s | results/2026-05-07_234827/static/st-erlang-pure-28-4-3.csv
[0;36m[PROGRESS][0m 141/406 (34%) | elapsed 3h09m | ETA ~5h55m | remaining 265 | static HTTP | st-erlang-pure-28-4-3 | level 11/13 | 60000 requests
[0;35m[MEASURE][0m st-erlang-pure-28-4-3 | Docker start + HTTP readiness wait …
[0;35m[MEASURE][0m st-erlang-pure-28-4-3 | Scaphandre power sampling + HTTP load | 60000 GET → http://localhost:8001/
[0;35m[MEASURE][0m st-erlang-pure-28-4-3 | stopping Scaphandre + appending CSV …
[0;35m[MEASURE][0m st-erlang-pure-28-4-3 | [0;32m60000/60000 ok[0m | 48.5s | 1236 req/s | results/2026-05-07_234827/static/st-erlang-pure-28-4-3.csv
[0;36m[PROGRESS][0m 142/406 (34%) | elapsed 3h10m | ETA ~5h54m | remaining 264 | static HTTP | st-erlang-pure-28-4-3 | level 12/13 | 70000 requests
[0;35m[MEASURE][0m st-erlang-pure-28-4-3 | Docker start + HTTP readiness wait …
[0;35m[MEASURE][0m st-erlang-pure-28-4-3 | Scaphandre power sampling + HTTP load | 70000 GET → http://localhost:8001/
[0;35m[MEASURE][0m st-erlang-pure-28-4-3 | stopping Scaphandre + appending CSV …
[0;35m[MEASURE][0m st-erlang-pure-28-4-3 | [0;32m70000/70000 ok[0m | 58.7s | 1193 req/s | results/2026-05-07_234827/static/st-erlang-pure-28-4-3.csv
[0;36m[PROGRESS][0m 143/406 (35%) | elapsed 3h12m | ETA ~5h53m | remaining 263 | static HTTP | st-erlang-pure-28-4-3 | level 13/13 | 80000 requests
[0;35m[MEASURE][0m st-erlang-pure-28-4-3 | Docker start + HTTP readiness wait …
[0;35m[MEASURE][0m st-erlang-pure-28-4-3 | Scaphandre power sampling + HTTP load | 80000 GET → http://localhost:8001/
[0;35m[MEASURE][0m st-erlang-pure-28-4-3 | HTTP requests 71249/80000 (60s elapsed)
[0;35m[MEASURE][0m st-erlang-pure-28-4-3 | stopping Scaphandre + appending CSV …
[0;35m[MEASURE][0m st-erlang-pure-28-4-3 | [0;32m80000/80000 ok[0m | 71.6s | 1118 req/s | results/2026-05-07_234827/static/st-erlang-pure-28-4-3.csv

[0;34m=== Dynamic Container Tests ===[0m
[0;34mRunning dynamic tests for dy-elixir-index-1-19-5 on port 8001[0m (1/11)
[0;36m[PROGRESS][0m 144/406 (35%) | elapsed 3h14m | ETA ~5h53m | remaining 262 | dynamic HTTP | dy-elixir-index-1-19-5 | level 1/13 | 100 requests
[0;35m[MEASURE][0m dy-elixir-index-1-19-5 | Docker start + HTTP readiness wait …
[0;35m[MEASURE][0m dy-elixir-index-1-19-5 | Scaphandre power sampling + HTTP load | 100 GET → http://localhost:8001/
[0;35m[MEASURE][0m dy-elixir-index-1-19-5 | stopping Scaphandre + appending CSV …
[0;35m[MEASURE][0m dy-elixir-index-1-19-5 | [0;32m100/100 ok[0m | 0.1s | 1007 req/s | results/2026-05-07_234827/dynamic/dy-elixir-index-1-19-5.csv
[0;36m[PROGRESS][0m 145/406 (35%) | elapsed 3h15m | ETA ~5h51m | remaining 261 | dynamic HTTP | dy-elixir-index-1-19-5 | level 2/13 | 1000 requests
[0;35m[MEASURE][0m dy-elixir-index-1-19-5 | Docker start + HTTP readiness wait …
[0;35m[MEASURE][0m dy-elixir-index-1-19-5 | Scaphandre power sampling + HTTP load | 1000 GET → http://localhost:8001/
[0;35m[MEASURE][0m dy-elixir-index-1-19-5 | stopping Scaphandre + appending CSV …
[0;35m[MEASURE][0m dy-elixir-index-1-19-5 | [0;32m1000/1000 ok[0m | 1.1s | 871 req/s | results/2026-05-07_234827/dynamic/dy-elixir-index-1-19-5.csv
[0;36m[PROGRESS][0m 146/406 (35%) | elapsed 3h15m | ETA ~5h48m | remaining 260 | dynamic HTTP | dy-elixir-index-1-19-5 | level 3/13 | 5000 requests
[0;35m[MEASURE][0m dy-elixir-index-1-19-5 | Docker start + HTTP readiness wait …
[0;35m[MEASURE][0m dy-elixir-index-1-19-5 | Scaphandre power sampling + HTTP load | 5000 GET → http://localhost:8001/
[0;35m[MEASURE][0m dy-elixir-index-1-19-5 | stopping Scaphandre + appending CSV …
[0;35m[MEASURE][0m dy-elixir-index-1-19-5 | [0;32m5000/5000 ok[0m | 3.1s | 1606 req/s | results/2026-05-07_234827/dynamic/dy-elixir-index-1-19-5.csv
[0;36m[PROGRESS][0m 147/406 (36%) | elapsed 3h16m | ETA ~5h46m | remaining 259 | dynamic HTTP | dy-elixir-index-1-19-5 | level 4/13 | 8000 requests
[0;35m[MEASURE][0m dy-elixir-index-1-19-5 | Docker start + HTTP readiness wait …
[0;35m[MEASURE][0m dy-elixir-index-1-19-5 | Scaphandre power sampling + HTTP load | 8000 GET → http://localhost:8001/
[0;35m[MEASURE][0m dy-elixir-index-1-19-5 | stopping Scaphandre + appending CSV …
[0;35m[MEASURE][0m dy-elixir-index-1-19-5 | [0;32m8000/8000 ok[0m | 5.0s | 1591 req/s | results/2026-05-07_234827/dynamic/dy-elixir-index-1-19-5.csv
[0;36m[PROGRESS][0m 148/406 (36%) | elapsed 3h17m | ETA ~5h44m | remaining 258 | dynamic HTTP | dy-elixir-index-1-19-5 | level 5/13 | 10000 requests
[0;35m[MEASURE][0m dy-elixir-index-1-19-5 | Docker start + HTTP readiness wait …
[0;35m[MEASURE][0m dy-elixir-index-1-19-5 | Scaphandre power sampling + HTTP load | 10000 GET → http://localhost:8001/
[0;35m[MEASURE][0m dy-elixir-index-1-19-5 | stopping Scaphandre + appending CSV …
[0;35m[MEASURE][0m dy-elixir-index-1-19-5 | [0;32m10000/10000 ok[0m | 6.4s | 1574 req/s | results/2026-05-07_234827/dynamic/dy-elixir-index-1-19-5.csv
[0;36m[PROGRESS][0m 149/406 (36%) | elapsed 3h18m | ETA ~5h42m | remaining 257 | dynamic HTTP | dy-elixir-index-1-19-5 | level 6/13 | 15000 requests
[0;35m[MEASURE][0m dy-elixir-index-1-19-5 | Docker start + HTTP readiness wait …
[0;35m[MEASURE][0m dy-elixir-index-1-19-5 | Scaphandre power sampling + HTTP load | 15000 GET → http://localhost:8001/
[0;35m[MEASURE][0m dy-elixir-index-1-19-5 | stopping Scaphandre + appending CSV …
[0;35m[MEASURE][0m dy-elixir-index-1-19-5 | [0;32m15000/15000 ok[0m | 9.7s | 1551 req/s | results/2026-05-07_234827/dynamic/dy-elixir-index-1-19-5.csv
[0;36m[PROGRESS][0m 150/406 (36%) | elapsed 3h19m | ETA ~5h40m | remaining 256 | dynamic HTTP | dy-elixir-index-1-19-5 | level 7/13 | 20000 requests
[0;35m[MEASURE][0m dy-elixir-index-1-19-5 | Docker start + HTTP readiness wait …
[0;35m[MEASURE][0m dy-elixir-index-1-19-5 | Scaphandre power sampling + HTTP load | 20000 GET → http://localhost:8001/
[0;35m[MEASURE][0m dy-elixir-index-1-19-5 | stopping Scaphandre + appending CSV …
[0;35m[MEASURE][0m dy-elixir-index-1-19-5 | [0;32m20000/20000 ok[0m | 13.2s | 1519 req/s | results/2026-05-07_234827/dynamic/dy-elixir-index-1-19-5.csv
[0;36m[PROGRESS][0m 151/406 (37%) | elapsed 3h20m | ETA ~5h38m | remaining 255 | dynamic HTTP | dy-elixir-index-1-19-5 | level 8/13 | 30000 requests
[0;35m[MEASURE][0m dy-elixir-index-1-19-5 | Docker start + HTTP readiness wait …
[0;35m[MEASURE][0m dy-elixir-index-1-19-5 | Scaphandre power sampling + HTTP load | 30000 GET → http://localhost:8001/
[0;35m[MEASURE][0m dy-elixir-index-1-19-5 | stopping Scaphandre + appending CSV …
[0;35m[MEASURE][0m dy-elixir-index-1-19-5 | [0;32m30000/30000 ok[0m | 21.2s | 1412 req/s | results/2026-05-07_234827/dynamic/dy-elixir-index-1-19-5.csv
[0;36m[PROGRESS][0m 152/406 (37%) | elapsed 3h21m | ETA ~5h36m | remaining 254 | dynamic HTTP | dy-elixir-index-1-19-5 | level 9/13 | 40000 requests
[0;35m[MEASURE][0m dy-elixir-index-1-19-5 | Docker start + HTTP readiness wait …
[0;35m[MEASURE][0m dy-elixir-index-1-19-5 | Scaphandre power sampling + HTTP load | 40000 GET → http://localhost:8001/
[0;35m[MEASURE][0m dy-elixir-index-1-19-5 | stopping Scaphandre + appending CSV …
[0;35m[MEASURE][0m dy-elixir-index-1-19-5 | [0;32m40000/40000 ok[0m | 27.8s | 1440 req/s | results/2026-05-07_234827/dynamic/dy-elixir-index-1-19-5.csv
[0;36m[PROGRESS][0m 153/406 (37%) | elapsed 3h22m | ETA ~5h35m | remaining 253 | dynamic HTTP | dy-elixir-index-1-19-5 | level 10/13 | 50000 requests
[0;35m[MEASURE][0m dy-elixir-index-1-19-5 | Docker start + HTTP readiness wait …
[0;35m[MEASURE][0m dy-elixir-index-1-19-5 | Scaphandre power sampling + HTTP load | 50000 GET → http://localhost:8001/
[0;35m[MEASURE][0m dy-elixir-index-1-19-5 | stopping Scaphandre + appending CSV …
[0;35m[MEASURE][0m dy-elixir-index-1-19-5 | [0;32m50000/50000 ok[0m | 35.9s | 1394 req/s | results/2026-05-07_234827/dynamic/dy-elixir-index-1-19-5.csv
[0;36m[PROGRESS][0m 154/406 (37%) | elapsed 3h24m | ETA ~5h33m | remaining 252 | dynamic HTTP | dy-elixir-index-1-19-5 | level 11/13 | 60000 requests
[0;35m[MEASURE][0m dy-elixir-index-1-19-5 | Docker start + HTTP readiness wait …
[0;35m[MEASURE][0m dy-elixir-index-1-19-5 | Scaphandre power sampling + HTTP load | 60000 GET → http://localhost:8001/
[0;35m[MEASURE][0m dy-elixir-index-1-19-5 | stopping Scaphandre + appending CSV …
[0;35m[MEASURE][0m dy-elixir-index-1-19-5 | [0;32m60000/60000 ok[0m | 43.9s | 1366 req/s | results/2026-05-07_234827/dynamic/dy-elixir-index-1-19-5.csv
[0;36m[PROGRESS][0m 155/406 (38%) | elapsed 3h25m | ETA ~5h32m | remaining 251 | dynamic HTTP | dy-elixir-index-1-19-5 | level 12/13 | 70000 requests
[0;35m[MEASURE][0m dy-elixir-index-1-19-5 | Docker start + HTTP readiness wait …
[0;35m[MEASURE][0m dy-elixir-index-1-19-5 | Scaphandre power sampling + HTTP load | 70000 GET → http://localhost:8001/
[0;35m[MEASURE][0m dy-elixir-index-1-19-5 | stopping Scaphandre + appending CSV …
[0;35m[MEASURE][0m dy-elixir-index-1-19-5 | [0;32m70000/70000 ok[0m | 51.5s | 1360 req/s | results/2026-05-07_234827/dynamic/dy-elixir-index-1-19-5.csv
[0;36m[PROGRESS][0m 156/406 (38%) | elapsed 3h27m | ETA ~5h31m | remaining 250 | dynamic HTTP | dy-elixir-index-1-19-5 | level 13/13 | 80000 requests
[0;35m[MEASURE][0m dy-elixir-index-1-19-5 | Docker start + HTTP readiness wait …
[0;35m[MEASURE][0m dy-elixir-index-1-19-5 | Scaphandre power sampling + HTTP load | 80000 GET → http://localhost:8001/
[0;35m[MEASURE][0m dy-elixir-index-1-19-5 | stopping Scaphandre + appending CSV …
[0;35m[MEASURE][0m dy-elixir-index-1-19-5 | [0;32m80000/80000 ok[0m | 59.2s | 1352 req/s | results/2026-05-07_234827/dynamic/dy-elixir-index-1-19-5.csv
[0;34mRunning dynamic tests for dy-elixir-cowboy-1-19-5 on port 8001[0m (2/11)
[0;36m[PROGRESS][0m 157/406 (38%) | elapsed 3h28m | ETA ~5h31m | remaining 249 | dynamic HTTP | dy-elixir-cowboy-1-19-5 | level 1/13 | 100 requests
[0;35m[MEASURE][0m dy-elixir-cowboy-1-19-5 | Docker start + HTTP readiness wait …
[0;35m[MEASURE][0m dy-elixir-cowboy-1-19-5 | Scaphandre power sampling + HTTP load | 100 GET → http://localhost:8001/
[0;35m[MEASURE][0m dy-elixir-cowboy-1-19-5 | stopping Scaphandre + appending CSV …
[0;35m[MEASURE][0m dy-elixir-cowboy-1-19-5 | [0;32m100/100 ok[0m | 0.1s | 903 req/s | results/2026-05-07_234827/dynamic/dy-elixir-cowboy-1-19-5.csv
[0;36m[PROGRESS][0m 158/406 (38%) | elapsed 3h29m | ETA ~5h29m | remaining 248 | dynamic HTTP | dy-elixir-cowboy-1-19-5 | level 2/13 | 1000 requests
[0;35m[MEASURE][0m dy-elixir-cowboy-1-19-5 | Docker start + HTTP readiness wait …
[0;35m[MEASURE][0m dy-elixir-cowboy-1-19-5 | Scaphandre power sampling + HTTP load | 1000 GET → http://localhost:8001/
[0;35m[MEASURE][0m dy-elixir-cowboy-1-19-5 | stopping Scaphandre + appending CSV …
[0;35m[MEASURE][0m dy-elixir-cowboy-1-19-5 | [0;32m1000/1000 ok[0m | 0.8s | 1267 req/s | results/2026-05-07_234827/dynamic/dy-elixir-cowboy-1-19-5.csv
[0;36m[PROGRESS][0m 159/406 (39%) | elapsed 3h30m | ETA ~5h26m | remaining 247 | dynamic HTTP | dy-elixir-cowboy-1-19-5 | level 3/13 | 5000 requests
[0;35m[MEASURE][0m dy-elixir-cowboy-1-19-5 | Docker start + HTTP readiness wait …
[0;35m[MEASURE][0m dy-elixir-cowboy-1-19-5 | Scaphandre power sampling + HTTP load | 5000 GET → http://localhost:8001/
[0;35m[MEASURE][0m dy-elixir-cowboy-1-19-5 | stopping Scaphandre + appending CSV …
[0;35m[MEASURE][0m dy-elixir-cowboy-1-19-5 | [0;32m5000/5000 ok[0m | 3.9s | 1288 req/s | results/2026-05-07_234827/dynamic/dy-elixir-cowboy-1-19-5.csv
[0;36m[PROGRESS][0m 160/406 (39%) | elapsed 3h31m | ETA ~5h24m | remaining 246 | dynamic HTTP | dy-elixir-cowboy-1-19-5 | level 4/13 | 8000 requests
[0;35m[MEASURE][0m dy-elixir-cowboy-1-19-5 | Docker start + HTTP readiness wait …
[0;35m[MEASURE][0m dy-elixir-cowboy-1-19-5 | Scaphandre power sampling + HTTP load | 8000 GET → http://localhost:8001/
[0;35m[MEASURE][0m dy-elixir-cowboy-1-19-5 | stopping Scaphandre + appending CSV …
[0;35m[MEASURE][0m dy-elixir-cowboy-1-19-5 | [0;32m8000/8000 ok[0m | 6.3s | 1277 req/s | results/2026-05-07_234827/dynamic/dy-elixir-cowboy-1-19-5.csv
[0;36m[PROGRESS][0m 161/406 (39%) | elapsed 3h32m | ETA ~5h22m | remaining 245 | dynamic HTTP | dy-elixir-cowboy-1-19-5 | level 5/13 | 10000 requests
[0;35m[MEASURE][0m dy-elixir-cowboy-1-19-5 | Docker start + HTTP readiness wait …
[0;35m[MEASURE][0m dy-elixir-cowboy-1-19-5 | Scaphandre power sampling + HTTP load | 10000 GET → http://localhost:8001/
[0;35m[MEASURE][0m dy-elixir-cowboy-1-19-5 | stopping Scaphandre + appending CSV …
[0;35m[MEASURE][0m dy-elixir-cowboy-1-19-5 | [0;32m10000/10000 ok[0m | 9.0s | 1111 req/s | results/2026-05-07_234827/dynamic/dy-elixir-cowboy-1-19-5.csv
[0;36m[PROGRESS][0m 162/406 (39%) | elapsed 3h33m | ETA ~5h20m | remaining 244 | dynamic HTTP | dy-elixir-cowboy-1-19-5 | level 6/13 | 15000 requests
[0;35m[MEASURE][0m dy-elixir-cowboy-1-19-5 | Docker start + HTTP readiness wait …
[0;35m[MEASURE][0m dy-elixir-cowboy-1-19-5 | Scaphandre power sampling + HTTP load | 15000 GET → http://localhost:8001/
[0;35m[MEASURE][0m dy-elixir-cowboy-1-19-5 | stopping Scaphandre + appending CSV …
[0;35m[MEASURE][0m dy-elixir-cowboy-1-19-5 | [0;32m15000/15000 ok[0m | 11.6s | 1298 req/s | results/2026-05-07_234827/dynamic/dy-elixir-cowboy-1-19-5.csv
[0;36m[PROGRESS][0m 163/406 (40%) | elapsed 3h33m | ETA ~5h18m | remaining 243 | dynamic HTTP | dy-elixir-cowboy-1-19-5 | level 7/13 | 20000 requests
[0;35m[MEASURE][0m dy-elixir-cowboy-1-19-5 | Docker start + HTTP readiness wait …
[0;35m[MEASURE][0m dy-elixir-cowboy-1-19-5 | Scaphandre power sampling + HTTP load | 20000 GET → http://localhost:8001/
[0;35m[MEASURE][0m dy-elixir-cowboy-1-19-5 | stopping Scaphandre + appending CSV …
[0;35m[MEASURE][0m dy-elixir-cowboy-1-19-5 | [0;32m20000/20000 ok[0m | 17.4s | 1149 req/s | results/2026-05-07_234827/dynamic/dy-elixir-cowboy-1-19-5.csv
[0;36m[PROGRESS][0m 164/406 (40%) | elapsed 3h35m | ETA ~5h17m | remaining 242 | dynamic HTTP | dy-elixir-cowboy-1-19-5 | level 8/13 | 30000 requests
[0;35m[MEASURE][0m dy-elixir-cowboy-1-19-5 | Docker start + HTTP readiness wait …
[0;35m[MEASURE][0m dy-elixir-cowboy-1-19-5 | Scaphandre power sampling + HTTP load | 30000 GET → http://localhost:8001/
[0;35m[MEASURE][0m dy-elixir-cowboy-1-19-5 | stopping Scaphandre + appending CSV …
[0;35m[MEASURE][0m dy-elixir-cowboy-1-19-5 | 28231/30000 | 31.0s | 967 req/s | results/2026-05-07_234827/dynamic/dy-elixir-cowboy-1-19-5.csv
[0;36m[PROGRESS][0m 165/406 (40%) | elapsed 3h36m | ETA ~5h15m | remaining 241 | dynamic HTTP | dy-elixir-cowboy-1-19-5 | level 9/13 | 40000 requests
[0;35m[MEASURE][0m dy-elixir-cowboy-1-19-5 | Docker start + HTTP readiness wait …
[0;35m[MEASURE][0m dy-elixir-cowboy-1-19-5 | Scaphandre power sampling + HTTP load | 40000 GET → http://localhost:8001/
[0;35m[MEASURE][0m dy-elixir-cowboy-1-19-5 | stopping Scaphandre + appending CSV …
[0;35m[MEASURE][0m dy-elixir-cowboy-1-19-5 | 28232/40000 | 57.8s | 692 req/s | results/2026-05-07_234827/dynamic/dy-elixir-cowboy-1-19-5.csv
[0;36m[PROGRESS][0m 166/406 (40%) | elapsed 3h38m | ETA ~5h15m | remaining 240 | dynamic HTTP | dy-elixir-cowboy-1-19-5 | level 10/13 | 50000 requests
[0;35m[MEASURE][0m dy-elixir-cowboy-1-19-5 | Docker start + HTTP readiness wait …
[0;35m[MEASURE][0m dy-elixir-cowboy-1-19-5 | Scaphandre power sampling + HTTP load | 50000 GET → http://localhost:8001/
[0;35m[MEASURE][0m dy-elixir-cowboy-1-19-5 | HTTP requests 40689/50000 (60s elapsed)
[0;35m[MEASURE][0m dy-elixir-cowboy-1-19-5 | stopping Scaphandre + appending CSV …
[0;35m[MEASURE][0m dy-elixir-cowboy-1-19-5 | 36729/50000 | 69.4s | 721 req/s | results/2026-05-07_234827/dynamic/dy-elixir-cowboy-1-19-5.csv
[0;36m[PROGRESS][0m 167/406 (41%) | elapsed 3h39m | ETA ~5h14m | remaining 239 | dynamic HTTP | dy-elixir-cowboy-1-19-5 | level 11/13 | 60000 requests
[0;35m[MEASURE][0m dy-elixir-cowboy-1-19-5 | Docker start + HTTP readiness wait …
[0;35m[MEASURE][0m dy-elixir-cowboy-1-19-5 | Scaphandre power sampling + HTTP load | 60000 GET → http://localhost:8001/
[0;35m[MEASURE][0m dy-elixir-cowboy-1-19-5 | HTTP requests 40425/60000 (60s elapsed)
[0;35m[MEASURE][0m dy-elixir-cowboy-1-19-5 | stopping Scaphandre + appending CSV …
[0;35m[MEASURE][0m dy-elixir-cowboy-1-19-5 | 46933/60000 | 79.5s | 755 req/s | results/2026-05-07_234827/dynamic/dy-elixir-cowboy-1-19-5.csv
[0;36m[PROGRESS][0m 168/406 (41%) | elapsed 3h42m | ETA ~5h14m | remaining 238 | dynamic HTTP | dy-elixir-cowboy-1-19-5 | level 12/13 | 70000 requests
[0;35m[MEASURE][0m dy-elixir-cowboy-1-19-5 | Docker start + HTTP readiness wait …
[0;35m[MEASURE][0m dy-elixir-cowboy-1-19-5 | Scaphandre power sampling + HTTP load | 70000 GET → http://localhost:8001/
[0;35m[MEASURE][0m dy-elixir-cowboy-1-19-5 | HTTP requests 40243/70000 (60s elapsed)
[0;35m[MEASURE][0m dy-elixir-cowboy-1-19-5 | stopping Scaphandre + appending CSV …
[0;35m[MEASURE][0m dy-elixir-cowboy-1-19-5 | 56463/70000 | 92.8s | 754 req/s | results/2026-05-07_234827/dynamic/dy-elixir-cowboy-1-19-5.csv
[0;36m[PROGRESS][0m 169/406 (41%) | elapsed 3h44m | ETA ~5h14m | remaining 237 | dynamic HTTP | dy-elixir-cowboy-1-19-5 | level 13/13 | 80000 requests
[0;35m[MEASURE][0m dy-elixir-cowboy-1-19-5 | Docker start + HTTP readiness wait …
[0;35m[MEASURE][0m dy-elixir-cowboy-1-19-5 | Scaphandre power sampling + HTTP load | 80000 GET → http://localhost:8001/
[0;35m[MEASURE][0m dy-elixir-cowboy-1-19-5 | HTTP requests 40425/80000 (60s elapsed)
[0;35m[MEASURE][0m dy-elixir-cowboy-1-19-5 | HTTP requests 79720/80000 (120s elapsed)
[0;35m[MEASURE][0m dy-elixir-cowboy-1-19-5 | stopping Scaphandre + appending CSV …
[0;35m[MEASURE][0m dy-elixir-cowboy-1-19-5 | 56464/80000 | 120.8s | 662 req/s | results/2026-05-07_234827/dynamic/dy-elixir-cowboy-1-19-5.csv
[0;34mRunning dynamic tests for dy-elixir-phoenix-1-8-5 on port 8001[0m (3/11)
[0;36m[PROGRESS][0m 170/406 (41%) | elapsed 3h47m | ETA ~5h15m | remaining 236 | dynamic HTTP | dy-elixir-phoenix-1-8-5 | level 1/13 | 100 requests
[0;35m[MEASURE][0m dy-elixir-phoenix-1-8-5 | Docker start + HTTP readiness wait …
[0;35m[MEASURE][0m dy-elixir-phoenix-1-8-5 | Scaphandre power sampling + HTTP load | 100 GET → http://localhost:8001/
[0;35m[MEASURE][0m dy-elixir-phoenix-1-8-5 | stopping Scaphandre + appending CSV …
[0;35m[MEASURE][0m dy-elixir-phoenix-1-8-5 | [0;32m100/100 ok[0m | 0.2s | 594 req/s | results/2026-05-07_234827/dynamic/dy-elixir-phoenix-1-8-5.csv
[0;36m[PROGRESS][0m 171/406 (42%) | elapsed 3h47m | ETA ~5h13m | remaining 235 | dynamic HTTP | dy-elixir-phoenix-1-8-5 | level 2/13 | 1000 requests
[0;35m[MEASURE][0m dy-elixir-phoenix-1-8-5 | Docker start + HTTP readiness wait …
[0;35m[MEASURE][0m dy-elixir-phoenix-1-8-5 | Scaphandre power sampling + HTTP load | 1000 GET → http://localhost:8001/
[0;35m[MEASURE][0m dy-elixir-phoenix-1-8-5 | stopping Scaphandre + appending CSV …
[0;35m[MEASURE][0m dy-elixir-phoenix-1-8-5 | [0;32m1000/1000 ok[0m | 0.8s | 1204 req/s | results/2026-05-07_234827/dynamic/dy-elixir-phoenix-1-8-5.csv
[0;36m[PROGRESS][0m 172/406 (42%) | elapsed 3h48m | ETA ~5h11m | remaining 234 | dynamic HTTP | dy-elixir-phoenix-1-8-5 | level 3/13 | 5000 requests
[0;35m[MEASURE][0m dy-elixir-phoenix-1-8-5 | Docker start + HTTP readiness wait …
[0;35m[MEASURE][0m dy-elixir-phoenix-1-8-5 | Scaphandre power sampling + HTTP load | 5000 GET → http://localhost:8001/
[0;35m[MEASURE][0m dy-elixir-phoenix-1-8-5 | stopping Scaphandre + appending CSV …
[0;35m[MEASURE][0m dy-elixir-phoenix-1-8-5 | [0;32m5000/5000 ok[0m | 3.9s | 1280 req/s | results/2026-05-07_234827/dynamic/dy-elixir-phoenix-1-8-5.csv
[0;36m[PROGRESS][0m 173/406 (42%) | elapsed 3h49m | ETA ~5h09m | remaining 233 | dynamic HTTP | dy-elixir-phoenix-1-8-5 | level 4/13 | 8000 requests
[0;35m[MEASURE][0m dy-elixir-phoenix-1-8-5 | Docker start + HTTP readiness wait …
[0;35m[MEASURE][0m dy-elixir-phoenix-1-8-5 | Scaphandre power sampling + HTTP load | 8000 GET → http://localhost:8001/
[0;35m[MEASURE][0m dy-elixir-phoenix-1-8-5 | stopping Scaphandre + appending CSV …
[0;35m[MEASURE][0m dy-elixir-phoenix-1-8-5 | [0;32m8000/8000 ok[0m | 6.2s | 1282 req/s | results/2026-05-07_234827/dynamic/dy-elixir-phoenix-1-8-5.csv
[0;36m[PROGRESS][0m 174/406 (42%) | elapsed 3h50m | ETA ~5h07m | remaining 232 | dynamic HTTP | dy-elixir-phoenix-1-8-5 | level 5/13 | 10000 requests
[0;35m[MEASURE][0m dy-elixir-phoenix-1-8-5 | Docker start + HTTP readiness wait …
[0;35m[MEASURE][0m dy-elixir-phoenix-1-8-5 | Scaphandre power sampling + HTTP load | 10000 GET → http://localhost:8001/
[0;35m[MEASURE][0m dy-elixir-phoenix-1-8-5 | stopping Scaphandre + appending CSV …
[0;35m[MEASURE][0m dy-elixir-phoenix-1-8-5 | [0;32m10000/10000 ok[0m | 9.0s | 1115 req/s | results/2026-05-07_234827/dynamic/dy-elixir-phoenix-1-8-5.csv
[0;36m[PROGRESS][0m 175/406 (43%) | elapsed 3h51m | ETA ~5h05m | remaining 231 | dynamic HTTP | dy-elixir-phoenix-1-8-5 | level 6/13 | 15000 requests
[0;35m[MEASURE][0m dy-elixir-phoenix-1-8-5 | Docker start + HTTP readiness wait …
[0;35m[MEASURE][0m dy-elixir-phoenix-1-8-5 | Scaphandre power sampling + HTTP load | 15000 GET → http://localhost:8001/
[0;35m[MEASURE][0m dy-elixir-phoenix-1-8-5 | stopping Scaphandre + appending CSV …
[0;35m[MEASURE][0m dy-elixir-phoenix-1-8-5 | [0;32m15000/15000 ok[0m | 12.3s | 1219 req/s | results/2026-05-07_234827/dynamic/dy-elixir-phoenix-1-8-5.csv
[0;36m[PROGRESS][0m 176/406 (43%) | elapsed 3h52m | ETA ~5h03m | remaining 230 | dynamic HTTP | dy-elixir-phoenix-1-8-5 | level 7/13 | 20000 requests
[0;35m[MEASURE][0m dy-elixir-phoenix-1-8-5 | Docker start + HTTP readiness wait …
[0;35m[MEASURE][0m dy-elixir-phoenix-1-8-5 | Scaphandre power sampling + HTTP load | 20000 GET → http://localhost:8001/
[0;35m[MEASURE][0m dy-elixir-phoenix-1-8-5 | stopping Scaphandre + appending CSV …
[0;35m[MEASURE][0m dy-elixir-phoenix-1-8-5 | [0;32m20000/20000 ok[0m | 17.4s | 1148 req/s | results/2026-05-07_234827/dynamic/dy-elixir-phoenix-1-8-5.csv
[0;36m[PROGRESS][0m 177/406 (43%) | elapsed 3h53m | ETA ~5h01m | remaining 229 | dynamic HTTP | dy-elixir-phoenix-1-8-5 | level 8/13 | 30000 requests
[0;35m[MEASURE][0m dy-elixir-phoenix-1-8-5 | Docker start + HTTP readiness wait …
[0;35m[MEASURE][0m dy-elixir-phoenix-1-8-5 | Scaphandre power sampling + HTTP load | 30000 GET → http://localhost:8001/
[0;35m[MEASURE][0m dy-elixir-phoenix-1-8-5 | stopping Scaphandre + appending CSV …
[0;35m[MEASURE][0m dy-elixir-phoenix-1-8-5 | 28231/30000 | 31.3s | 958 req/s | results/2026-05-07_234827/dynamic/dy-elixir-phoenix-1-8-5.csv
[0;36m[PROGRESS][0m 178/406 (43%) | elapsed 3h54m | ETA ~5h00m | remaining 228 | dynamic HTTP | dy-elixir-phoenix-1-8-5 | level 9/13 | 40000 requests
[0;35m[MEASURE][0m dy-elixir-phoenix-1-8-5 | Docker start + HTTP readiness wait …
[0;35m[MEASURE][0m dy-elixir-phoenix-1-8-5 | Scaphandre power sampling + HTTP load | 40000 GET → http://localhost:8001/
[0;35m[MEASURE][0m dy-elixir-phoenix-1-8-5 | stopping Scaphandre + appending CSV …
[0;35m[MEASURE][0m dy-elixir-phoenix-1-8-5 | 28232/40000 | 58.2s | 687 req/s | results/2026-05-07_234827/dynamic/dy-elixir-phoenix-1-8-5.csv
[0;36m[PROGRESS][0m 179/406 (44%) | elapsed 3h56m | ETA ~4h59m | remaining 227 | dynamic HTTP | dy-elixir-phoenix-1-8-5 | level 10/13 | 50000 requests
[0;35m[MEASURE][0m dy-elixir-phoenix-1-8-5 | Docker start + HTTP readiness wait …
[0;35m[MEASURE][0m dy-elixir-phoenix-1-8-5 | Scaphandre power sampling + HTTP load | 50000 GET → http://localhost:8001/
[0;35m[MEASURE][0m dy-elixir-phoenix-1-8-5 | HTTP requests 40774/50000 (60s elapsed)
[0;35m[MEASURE][0m dy-elixir-phoenix-1-8-5 | stopping Scaphandre + appending CSV …
[0;35m[MEASURE][0m dy-elixir-phoenix-1-8-5 | 36649/50000 | 69.2s | 723 req/s | results/2026-05-07_234827/dynamic/dy-elixir-phoenix-1-8-5.csv
[0;36m[PROGRESS][0m 180/406 (44%) | elapsed 3h58m | ETA ~4h59m | remaining 226 | dynamic HTTP | dy-elixir-phoenix-1-8-5 | level 11/13 | 60000 requests
[0;35m[MEASURE][0m dy-elixir-phoenix-1-8-5 | Docker start + HTTP readiness wait …
[0;35m[MEASURE][0m dy-elixir-phoenix-1-8-5 | Scaphandre power sampling + HTTP load | 60000 GET → http://localhost:8001/
[0;35m[MEASURE][0m dy-elixir-phoenix-1-8-5 | HTTP requests 40477/60000 (60s elapsed)
[0;35m[MEASURE][0m dy-elixir-phoenix-1-8-5 | stopping Scaphandre + appending CSV …
[0;35m[MEASURE][0m dy-elixir-phoenix-1-8-5 | 46889/60000 | 79.5s | 755 req/s | results/2026-05-07_234827/dynamic/dy-elixir-phoenix-1-8-5.csv
[0;36m[PROGRESS][0m 181/406 (44%) | elapsed 4h00m | ETA ~4h58m | remaining 225 | dynamic HTTP | dy-elixir-phoenix-1-8-5 | level 12/13 | 70000 requests
[0;35m[MEASURE][0m dy-elixir-phoenix-1-8-5 | Docker start + HTTP readiness wait …
[0;35m[MEASURE][0m dy-elixir-phoenix-1-8-5 | Scaphandre power sampling + HTTP load | 70000 GET → http://localhost:8001/
[0;35m[MEASURE][0m dy-elixir-phoenix-1-8-5 | HTTP requests 40293/70000 (60s elapsed)
[0;35m[MEASURE][0m dy-elixir-phoenix-1-8-5 | stopping Scaphandre + appending CSV …
[0;35m[MEASURE][0m dy-elixir-phoenix-1-8-5 | 56463/70000 | 92.7s | 755 req/s | results/2026-05-07_234827/dynamic/dy-elixir-phoenix-1-8-5.csv
[0;36m[PROGRESS][0m 182/406 (44%) | elapsed 4h02m | ETA ~4h58m | remaining 224 | dynamic HTTP | dy-elixir-phoenix-1-8-5 | level 13/13 | 80000 requests
[0;35m[MEASURE][0m dy-elixir-phoenix-1-8-5 | Docker start + HTTP readiness wait …
[0;35m[MEASURE][0m dy-elixir-phoenix-1-8-5 | Scaphandre power sampling + HTTP load | 80000 GET → http://localhost:8001/
[0;35m[MEASURE][0m dy-elixir-phoenix-1-8-5 | HTTP requests 40442/80000 (60s elapsed)
[0;35m[MEASURE][0m dy-elixir-phoenix-1-8-5 | HTTP requests 79729/80000 (120s elapsed)
[0;35m[MEASURE][0m dy-elixir-phoenix-1-8-5 | stopping Scaphandre + appending CSV …
[0;35m[MEASURE][0m dy-elixir-phoenix-1-8-5 | 56464/80000 | 120.8s | 662 req/s | results/2026-05-07_234827/dynamic/dy-elixir-phoenix-1-8-5.csv
[0;34mRunning dynamic tests for dy-elixir-pure-1-19-5 on port 8001[0m (4/11)
[0;36m[PROGRESS][0m 183/406 (45%) | elapsed 4h05m | ETA ~4h59m | remaining 223 | dynamic HTTP | dy-elixir-pure-1-19-5 | level 1/13 | 100 requests
[0;35m[MEASURE][0m dy-elixir-pure-1-19-5 | Docker start + HTTP readiness wait …
[0;35m[MEASURE][0m dy-elixir-pure-1-19-5 | Scaphandre power sampling + HTTP load | 100 GET → http://localhost:8001/
[0;35m[MEASURE][0m dy-elixir-pure-1-19-5 | stopping Scaphandre + appending CSV …
[0;35m[MEASURE][0m dy-elixir-pure-1-19-5 | [0;32m100/100 ok[0m | 1.1s | 93 req/s | results/2026-05-07_234827/dynamic/dy-elixir-pure-1-19-5.csv
[0;36m[PROGRESS][0m 184/406 (45%) | elapsed 4h06m | ETA ~4h57m | remaining 222 | dynamic HTTP | dy-elixir-pure-1-19-5 | level 2/13 | 1000 requests
[0;35m[MEASURE][0m dy-elixir-pure-1-19-5 | Docker start + HTTP readiness wait …
[0;35m[MEASURE][0m dy-elixir-pure-1-19-5 | Scaphandre power sampling + HTTP load | 1000 GET → http://localhost:8001/
[0;35m[MEASURE][0m dy-elixir-pure-1-19-5 | stopping Scaphandre + appending CSV …
[0;35m[MEASURE][0m dy-elixir-pure-1-19-5 | [0;32m1000/1000 ok[0m | 0.6s | 1561 req/s | results/2026-05-07_234827/dynamic/dy-elixir-pure-1-19-5.csv
[0;36m[PROGRESS][0m 185/406 (45%) | elapsed 4h07m | ETA ~4h55m | remaining 221 | dynamic HTTP | dy-elixir-pure-1-19-5 | level 3/13 | 5000 requests
[0;35m[MEASURE][0m dy-elixir-pure-1-19-5 | Docker start + HTTP readiness wait …
[0;35m[MEASURE][0m dy-elixir-pure-1-19-5 | Scaphandre power sampling + HTTP load | 5000 GET → http://localhost:8001/
[0;35m[MEASURE][0m dy-elixir-pure-1-19-5 | stopping Scaphandre + appending CSV …
[0;35m[MEASURE][0m dy-elixir-pure-1-19-5 | [0;32m5000/5000 ok[0m | 3.1s | 1601 req/s | results/2026-05-07_234827/dynamic/dy-elixir-pure-1-19-5.csv
[0;36m[PROGRESS][0m 186/406 (45%) | elapsed 4h07m | ETA ~4h53m | remaining 220 | dynamic HTTP | dy-elixir-pure-1-19-5 | level 4/13 | 8000 requests
[0;35m[MEASURE][0m dy-elixir-pure-1-19-5 | Docker start + HTTP readiness wait …
[0;35m[MEASURE][0m dy-elixir-pure-1-19-5 | Scaphandre power sampling + HTTP load | 8000 GET → http://localhost:8001/
[0;35m[MEASURE][0m dy-elixir-pure-1-19-5 | stopping Scaphandre + appending CSV …
[0;35m[MEASURE][0m dy-elixir-pure-1-19-5 | [0;32m8000/8000 ok[0m | 4.9s | 1628 req/s | results/2026-05-07_234827/dynamic/dy-elixir-pure-1-19-5.csv
[0;36m[PROGRESS][0m 187/406 (46%) | elapsed 4h08m | ETA ~4h51m | remaining 219 | dynamic HTTP | dy-elixir-pure-1-19-5 | level 5/13 | 10000 requests
[0;35m[MEASURE][0m dy-elixir-pure-1-19-5 | Docker start + HTTP readiness wait …
[0;35m[MEASURE][0m dy-elixir-pure-1-19-5 | Scaphandre power sampling + HTTP load | 10000 GET → http://localhost:8001/
[0;35m[MEASURE][0m dy-elixir-pure-1-19-5 | stopping Scaphandre + appending CSV …
[0;35m[MEASURE][0m dy-elixir-pure-1-19-5 | [0;32m10000/10000 ok[0m | 6.5s | 1547 req/s | results/2026-05-07_234827/dynamic/dy-elixir-pure-1-19-5.csv
[0;36m[PROGRESS][0m 188/406 (46%) | elapsed 4h09m | ETA ~4h49m | remaining 218 | dynamic HTTP | dy-elixir-pure-1-19-5 | level 6/13 | 15000 requests
[0;35m[MEASURE][0m dy-elixir-pure-1-19-5 | Docker start + HTTP readiness wait …
[0;35m[MEASURE][0m dy-elixir-pure-1-19-5 | Scaphandre power sampling + HTTP load | 15000 GET → http://localhost:8001/
[0;35m[MEASURE][0m dy-elixir-pure-1-19-5 | stopping Scaphandre + appending CSV …
[0;35m[MEASURE][0m dy-elixir-pure-1-19-5 | [0;32m15000/15000 ok[0m | 9.3s | 1621 req/s | results/2026-05-07_234827/dynamic/dy-elixir-pure-1-19-5.csv
[0;36m[PROGRESS][0m 189/406 (46%) | elapsed 4h10m | ETA ~4h47m | remaining 217 | dynamic HTTP | dy-elixir-pure-1-19-5 | level 7/13 | 20000 requests
[0;35m[MEASURE][0m dy-elixir-pure-1-19-5 | Docker start + HTTP readiness wait …
[0;35m[MEASURE][0m dy-elixir-pure-1-19-5 | Scaphandre power sampling + HTTP load | 20000 GET → http://localhost:8001/
[0;35m[MEASURE][0m dy-elixir-pure-1-19-5 | stopping Scaphandre + appending CSV …
[0;35m[MEASURE][0m dy-elixir-pure-1-19-5 | [0;32m20000/20000 ok[0m | 12.7s | 1576 req/s | results/2026-05-07_234827/dynamic/dy-elixir-pure-1-19-5.csv
[0;36m[PROGRESS][0m 190/406 (46%) | elapsed 4h11m | ETA ~4h45m | remaining 216 | dynamic HTTP | dy-elixir-pure-1-19-5 | level 8/13 | 30000 requests
[0;35m[MEASURE][0m dy-elixir-pure-1-19-5 | Docker start + HTTP readiness wait …
[0;35m[MEASURE][0m dy-elixir-pure-1-19-5 | Scaphandre power sampling + HTTP load | 30000 GET → http://localhost:8001/
[0;35m[MEASURE][0m dy-elixir-pure-1-19-5 | stopping Scaphandre + appending CSV …
[0;35m[MEASURE][0m dy-elixir-pure-1-19-5 | [0;32m30000/30000 ok[0m | 19.3s | 1555 req/s | results/2026-05-07_234827/dynamic/dy-elixir-pure-1-19-5.csv
[0;36m[PROGRESS][0m 191/406 (47%) | elapsed 4h12m | ETA ~4h44m | remaining 215 | dynamic HTTP | dy-elixir-pure-1-19-5 | level 9/13 | 40000 requests
[0;35m[MEASURE][0m dy-elixir-pure-1-19-5 | Docker start + HTTP readiness wait …
[0;35m[MEASURE][0m dy-elixir-pure-1-19-5 | Scaphandre power sampling + HTTP load | 40000 GET → http://localhost:8001/
[0;35m[MEASURE][0m dy-elixir-pure-1-19-5 | stopping Scaphandre + appending CSV …
[0;35m[MEASURE][0m dy-elixir-pure-1-19-5 | [0;32m40000/40000 ok[0m | 26.4s | 1517 req/s | results/2026-05-07_234827/dynamic/dy-elixir-pure-1-19-5.csv
[0;36m[PROGRESS][0m 192/406 (47%) | elapsed 4h13m | ETA ~4h42m | remaining 214 | dynamic HTTP | dy-elixir-pure-1-19-5 | level 10/13 | 50000 requests
[0;35m[MEASURE][0m dy-elixir-pure-1-19-5 | Docker start + HTTP readiness wait …
[0;35m[MEASURE][0m dy-elixir-pure-1-19-5 | Scaphandre power sampling + HTTP load | 50000 GET → http://localhost:8001/
[0;35m[MEASURE][0m dy-elixir-pure-1-19-5 | stopping Scaphandre + appending CSV …
[0;35m[MEASURE][0m dy-elixir-pure-1-19-5 | [0;32m50000/50000 ok[0m | 33.8s | 1478 req/s | results/2026-05-07_234827/dynamic/dy-elixir-pure-1-19-5.csv
[0;36m[PROGRESS][0m 193/406 (47%) | elapsed 4h14m | ETA ~4h41m | remaining 213 | dynamic HTTP | dy-elixir-pure-1-19-5 | level 11/13 | 60000 requests
[0;35m[MEASURE][0m dy-elixir-pure-1-19-5 | Docker start + HTTP readiness wait …
[0;35m[MEASURE][0m dy-elixir-pure-1-19-5 | Scaphandre power sampling + HTTP load | 60000 GET → http://localhost:8001/
[0;35m[MEASURE][0m dy-elixir-pure-1-19-5 | stopping Scaphandre + appending CSV …
[0;35m[MEASURE][0m dy-elixir-pure-1-19-5 | [0;32m60000/60000 ok[0m | 41.2s | 1455 req/s | results/2026-05-07_234827/dynamic/dy-elixir-pure-1-19-5.csv
[0;36m[PROGRESS][0m 194/406 (47%) | elapsed 4h16m | ETA ~4h40m | remaining 212 | dynamic HTTP | dy-elixir-pure-1-19-5 | level 12/13 | 70000 requests
[0;35m[MEASURE][0m dy-elixir-pure-1-19-5 | Docker start + HTTP readiness wait …
[0;35m[MEASURE][0m dy-elixir-pure-1-19-5 | Scaphandre power sampling + HTTP load | 70000 GET → http://localhost:8001/
[0;35m[MEASURE][0m dy-elixir-pure-1-19-5 | stopping Scaphandre + appending CSV …
[0;35m[MEASURE][0m dy-elixir-pure-1-19-5 | [0;32m70000/70000 ok[0m | 49.3s | 1420 req/s | results/2026-05-07_234827/dynamic/dy-elixir-pure-1-19-5.csv
[0;36m[PROGRESS][0m 195/406 (48%) | elapsed 4h17m | ETA ~4h39m | remaining 211 | dynamic HTTP | dy-elixir-pure-1-19-5 | level 13/13 | 80000 requests
[0;35m[MEASURE][0m dy-elixir-pure-1-19-5 | Docker start + HTTP readiness wait …
[0;35m[MEASURE][0m dy-elixir-pure-1-19-5 | Scaphandre power sampling + HTTP load | 80000 GET → http://localhost:8001/
[0;35m[MEASURE][0m dy-elixir-pure-1-19-5 | stopping Scaphandre + appending CSV …
[0;35m[MEASURE][0m dy-elixir-pure-1-19-5 | [0;32m80000/80000 ok[0m | 57.0s | 1404 req/s | results/2026-05-07_234827/dynamic/dy-elixir-pure-1-19-5.csv
[0;34mRunning dynamic tests for dy-gleam-index-1-15-2 on port 8001[0m (5/11)
[0;36m[PROGRESS][0m 196/406 (48%) | elapsed 4h19m | ETA ~4h38m | remaining 210 | dynamic HTTP | dy-gleam-index-1-15-2 | level 1/13 | 100 requests
[0;35m[MEASURE][0m dy-gleam-index-1-15-2 | Docker start + HTTP readiness wait …
[0;35m[MEASURE][0m dy-gleam-index-1-15-2 | Scaphandre power sampling + HTTP load | 100 GET → http://localhost:8001/
[0;35m[MEASURE][0m dy-gleam-index-1-15-2 | stopping Scaphandre + appending CSV …
[0;35m[MEASURE][0m dy-gleam-index-1-15-2 | [0;32m100/100 ok[0m | 0.1s | 878 req/s | results/2026-05-07_234827/dynamic/dy-gleam-index-1-15-2.csv
[0;36m[PROGRESS][0m 197/406 (48%) | elapsed 4h20m | ETA ~4h36m | remaining 209 | dynamic HTTP | dy-gleam-index-1-15-2 | level 2/13 | 1000 requests
[0;35m[MEASURE][0m dy-gleam-index-1-15-2 | Docker start + HTTP readiness wait …
[0;35m[MEASURE][0m dy-gleam-index-1-15-2 | Scaphandre power sampling + HTTP load | 1000 GET → http://localhost:8001/
[0;35m[MEASURE][0m dy-gleam-index-1-15-2 | stopping Scaphandre + appending CSV …
[0;35m[MEASURE][0m dy-gleam-index-1-15-2 | [0;32m1000/1000 ok[0m | 0.8s | 1250 req/s | results/2026-05-07_234827/dynamic/dy-gleam-index-1-15-2.csv
[0;36m[PROGRESS][0m 198/406 (48%) | elapsed 4h21m | ETA ~4h34m | remaining 208 | dynamic HTTP | dy-gleam-index-1-15-2 | level 3/13 | 5000 requests
[0;35m[MEASURE][0m dy-gleam-index-1-15-2 | Docker start + HTTP readiness wait …
[0;35m[MEASURE][0m dy-gleam-index-1-15-2 | Scaphandre power sampling + HTTP load | 5000 GET → http://localhost:8001/
[0;35m[MEASURE][0m dy-gleam-index-1-15-2 | stopping Scaphandre + appending CSV …
[0;35m[MEASURE][0m dy-gleam-index-1-15-2 | [0;32m5000/5000 ok[0m | 3.9s | 1272 req/s | results/2026-05-07_234827/dynamic/dy-gleam-index-1-15-2.csv
[0;36m[PROGRESS][0m 199/406 (49%) | elapsed 4h22m | ETA ~4h33m | remaining 207 | dynamic HTTP | dy-gleam-index-1-15-2 | level 4/13 | 8000 requests
[0;35m[MEASURE][0m dy-gleam-index-1-15-2 | Docker start + HTTP readiness wait …
[0;35m[MEASURE][0m dy-gleam-index-1-15-2 | Scaphandre power sampling + HTTP load | 8000 GET → http://localhost:8001/
[0;35m[MEASURE][0m dy-gleam-index-1-15-2 | stopping Scaphandre + appending CSV …
[0;35m[MEASURE][0m dy-gleam-index-1-15-2 | [0;32m8000/8000 ok[0m | 6.3s | 1276 req/s | results/2026-05-07_234827/dynamic/dy-gleam-index-1-15-2.csv
[0;36m[PROGRESS][0m 200/406 (49%) | elapsed 4h23m | ETA ~4h31m | remaining 206 | dynamic HTTP | dy-gleam-index-1-15-2 | level 5/13 | 10000 requests
[0;35m[MEASURE][0m dy-gleam-index-1-15-2 | Docker start + HTTP readiness wait …
[0;35m[MEASURE][0m dy-gleam-index-1-15-2 | Scaphandre power sampling + HTTP load | 10000 GET → http://localhost:8001/
[0;35m[MEASURE][0m dy-gleam-index-1-15-2 | stopping Scaphandre + appending CSV …
[0;35m[MEASURE][0m dy-gleam-index-1-15-2 | [0;32m10000/10000 ok[0m | 7.8s | 1279 req/s | results/2026-05-07_234827/dynamic/dy-gleam-index-1-15-2.csv
[0;36m[PROGRESS][0m 201/406 (49%) | elapsed 4h24m | ETA ~4h29m | remaining 205 | dynamic HTTP | dy-gleam-index-1-15-2 | level 6/13 | 15000 requests
[0;35m[MEASURE][0m dy-gleam-index-1-15-2 | Docker start + HTTP readiness wait …
[0;35m[MEASURE][0m dy-gleam-index-1-15-2 | Scaphandre power sampling + HTTP load | 15000 GET → http://localhost:8001/
[0;35m[MEASURE][0m dy-gleam-index-1-15-2 | stopping Scaphandre + appending CSV …
[0;35m[MEASURE][0m dy-gleam-index-1-15-2 | [0;32m15000/15000 ok[0m | 11.0s | 1358 req/s | results/2026-05-07_234827/dynamic/dy-gleam-index-1-15-2.csv
[0;36m[PROGRESS][0m 202/406 (49%) | elapsed 4h25m | ETA ~4h28m | remaining 204 | dynamic HTTP | dy-gleam-index-1-15-2 | level 7/13 | 20000 requests
[0;35m[MEASURE][0m dy-gleam-index-1-15-2 | Docker start + HTTP readiness wait …
[0;35m[MEASURE][0m dy-gleam-index-1-15-2 | Scaphandre power sampling + HTTP load | 20000 GET → http://localhost:8001/
[0;35m[MEASURE][0m dy-gleam-index-1-15-2 | stopping Scaphandre + appending CSV …
[0;35m[MEASURE][0m dy-gleam-index-1-15-2 | [0;32m20000/20000 ok[0m | 17.1s | 1170 req/s | results/2026-05-07_234827/dynamic/dy-gleam-index-1-15-2.csv
[0;36m[PROGRESS][0m 203/406 (50%) | elapsed 4h26m | ETA ~4h26m | remaining 203 | dynamic HTTP | dy-gleam-index-1-15-2 | level 8/13 | 30000 requests
[0;35m[MEASURE][0m dy-gleam-index-1-15-2 | Docker start + HTTP readiness wait …
[0;35m[MEASURE][0m dy-gleam-index-1-15-2 | Scaphandre power sampling + HTTP load | 30000 GET → http://localhost:8001/
[0;35m[MEASURE][0m dy-gleam-index-1-15-2 | stopping Scaphandre + appending CSV …
[0;35m[MEASURE][0m dy-gleam-index-1-15-2 | 28231/30000 | 30.7s | 978 req/s | results/2026-05-07_234827/dynamic/dy-gleam-index-1-15-2.csv
[0;36m[PROGRESS][0m 204/406 (50%) | elapsed 4h28m | ETA ~4h25m | remaining 202 | dynamic HTTP | dy-gleam-index-1-15-2 | level 9/13 | 40000 requests
[0;35m[MEASURE][0m dy-gleam-index-1-15-2 | Docker start + HTTP readiness wait …
[0;35m[MEASURE][0m dy-gleam-index-1-15-2 | Scaphandre power sampling + HTTP load | 40000 GET → http://localhost:8001/
[0;35m[MEASURE][0m dy-gleam-index-1-15-2 | stopping Scaphandre + appending CSV …
[0;35m[MEASURE][0m dy-gleam-index-1-15-2 | 28232/40000 | 58.0s | 690 req/s | results/2026-05-07_234827/dynamic/dy-gleam-index-1-15-2.csv
[0;36m[PROGRESS][0m 205/406 (50%) | elapsed 4h30m | ETA ~4h24m | remaining 201 | dynamic HTTP | dy-gleam-index-1-15-2 | level 10/13 | 50000 requests
[0;35m[MEASURE][0m dy-gleam-index-1-15-2 | Docker start + HTTP readiness wait …
[0;35m[MEASURE][0m dy-gleam-index-1-15-2 | Scaphandre power sampling + HTTP load | 50000 GET → http://localhost:8001/
[0;35m[MEASURE][0m dy-gleam-index-1-15-2 | HTTP requests 40609/50000 (60s elapsed)
[0;35m[MEASURE][0m dy-gleam-index-1-15-2 | stopping Scaphandre + appending CSV …
[0;35m[MEASURE][0m dy-gleam-index-1-15-2 | 36813/50000 | 69.5s | 719 req/s | results/2026-05-07_234827/dynamic/dy-gleam-index-1-15-2.csv
[0;36m[PROGRESS][0m 206/406 (50%) | elapsed 4h32m | ETA ~4h24m | remaining 200 | dynamic HTTP | dy-gleam-index-1-15-2 | level 11/13 | 60000 requests
[0;35m[MEASURE][0m dy-gleam-index-1-15-2 | Docker start + HTTP readiness wait …
[0;35m[MEASURE][0m dy-gleam-index-1-15-2 | Scaphandre power sampling + HTTP load | 60000 GET → http://localhost:8001/
[0;35m[MEASURE][0m dy-gleam-index-1-15-2 | HTTP requests 40560/60000 (60s elapsed)
[0;35m[MEASURE][0m dy-gleam-index-1-15-2 | stopping Scaphandre + appending CSV …
[0;35m[MEASURE][0m dy-gleam-index-1-15-2 | 46841/60000 | 79.4s | 756 req/s | results/2026-05-07_234827/dynamic/dy-gleam-index-1-15-2.csv
[0;36m[PROGRESS][0m 207/406 (50%) | elapsed 4h34m | ETA ~4h23m | remaining 199 | dynamic HTTP | dy-gleam-index-1-15-2 | level 12/13 | 70000 requests
[0;35m[MEASURE][0m dy-gleam-index-1-15-2 | Docker start + HTTP readiness wait …
[0;35m[MEASURE][0m dy-gleam-index-1-15-2 | Scaphandre power sampling + HTTP load | 70000 GET → http://localhost:8001/
[0;35m[MEASURE][0m dy-gleam-index-1-15-2 | HTTP requests 40721/70000 (60s elapsed)
[0;35m[MEASURE][0m dy-gleam-index-1-15-2 | stopping Scaphandre + appending CSV …
[0;35m[MEASURE][0m dy-gleam-index-1-15-2 | 56463/70000 | 91.1s | 768 req/s | results/2026-05-07_234827/dynamic/dy-gleam-index-1-15-2.csv
[0;36m[PROGRESS][0m 208/406 (51%) | elapsed 4h36m | ETA ~4h23m | remaining 198 | dynamic HTTP | dy-gleam-index-1-15-2 | level 13/13 | 80000 requests
[0;35m[MEASURE][0m dy-gleam-index-1-15-2 | Docker start + HTTP readiness wait …
[0;35m[MEASURE][0m dy-gleam-index-1-15-2 | Scaphandre power sampling + HTTP load | 80000 GET → http://localhost:8001/
[0;35m[MEASURE][0m dy-gleam-index-1-15-2 | HTTP requests 40417/80000 (60s elapsed)
[0;35m[MEASURE][0m dy-gleam-index-1-15-2 | HTTP requests 79670/80000 (120s elapsed)
[0;35m[MEASURE][0m dy-gleam-index-1-15-2 | stopping Scaphandre + appending CSV …
[0;35m[MEASURE][0m dy-gleam-index-1-15-2 | 56464/80000 | 120.9s | 662 req/s | results/2026-05-07_234827/dynamic/dy-gleam-index-1-15-2.csv
[0;34mRunning dynamic tests for dy-gleam-pure-1-15-2 on port 8001[0m (6/11)
[0;36m[PROGRESS][0m 209/406 (51%) | elapsed 4h39m | ETA ~4h23m | remaining 197 | dynamic HTTP | dy-gleam-pure-1-15-2 | level 1/13 | 100 requests
[0;35m[MEASURE][0m dy-gleam-pure-1-15-2 | Docker start + HTTP readiness wait …
[0;35m[MEASURE][0m dy-gleam-pure-1-15-2 | Scaphandre power sampling + HTTP load | 100 GET → http://localhost:8001/
[0;35m[MEASURE][0m dy-gleam-pure-1-15-2 | stopping Scaphandre + appending CSV …
[0;35m[MEASURE][0m dy-gleam-pure-1-15-2 | [0;32m100/100 ok[0m | 0.1s | 1072 req/s | results/2026-05-07_234827/dynamic/dy-gleam-pure-1-15-2.csv
[0;36m[PROGRESS][0m 210/406 (51%) | elapsed 4h40m | ETA ~4h22m | remaining 196 | dynamic HTTP | dy-gleam-pure-1-15-2 | level 2/13 | 1000 requests
[0;35m[MEASURE][0m dy-gleam-pure-1-15-2 | Docker start + HTTP readiness wait …
[0;35m[MEASURE][0m dy-gleam-pure-1-15-2 | Scaphandre power sampling + HTTP load | 1000 GET → http://localhost:8001/
[0;35m[MEASURE][0m dy-gleam-pure-1-15-2 | stopping Scaphandre + appending CSV …
[0;35m[MEASURE][0m dy-gleam-pure-1-15-2 | [0;32m1000/1000 ok[0m | 0.7s | 1389 req/s | results/2026-05-07_234827/dynamic/dy-gleam-pure-1-15-2.csv
[0;36m[PROGRESS][0m 211/406 (51%) | elapsed 4h41m | ETA ~4h20m | remaining 195 | dynamic HTTP | dy-gleam-pure-1-15-2 | level 3/13 | 5000 requests
[0;35m[MEASURE][0m dy-gleam-pure-1-15-2 | Docker start + HTTP readiness wait …
[0;35m[MEASURE][0m dy-gleam-pure-1-15-2 | Scaphandre power sampling + HTTP load | 5000 GET → http://localhost:8001/
[0;35m[MEASURE][0m dy-gleam-pure-1-15-2 | stopping Scaphandre + appending CSV …
[0;35m[MEASURE][0m dy-gleam-pure-1-15-2 | [0;32m5000/5000 ok[0m | 3.8s | 1323 req/s | results/2026-05-07_234827/dynamic/dy-gleam-pure-1-15-2.csv
[0;36m[PROGRESS][0m 212/406 (52%) | elapsed 4h42m | ETA ~4h18m | remaining 194 | dynamic HTTP | dy-gleam-pure-1-15-2 | level 4/13 | 8000 requests
[0;35m[MEASURE][0m dy-gleam-pure-1-15-2 | Docker start + HTTP readiness wait …
[0;35m[MEASURE][0m dy-gleam-pure-1-15-2 | Scaphandre power sampling + HTTP load | 8000 GET → http://localhost:8001/
[0;35m[MEASURE][0m dy-gleam-pure-1-15-2 | stopping Scaphandre + appending CSV …
[0;35m[MEASURE][0m dy-gleam-pure-1-15-2 | [0;32m8000/8000 ok[0m | 6.1s | 1318 req/s | results/2026-05-07_234827/dynamic/dy-gleam-pure-1-15-2.csv
[0;36m[PROGRESS][0m 213/406 (52%) | elapsed 4h43m | ETA ~4h17m | remaining 193 | dynamic HTTP | dy-gleam-pure-1-15-2 | level 5/13 | 10000 requests
[0;35m[MEASURE][0m dy-gleam-pure-1-15-2 | Docker start + HTTP readiness wait …
[0;35m[MEASURE][0m dy-gleam-pure-1-15-2 | Scaphandre power sampling + HTTP load | 10000 GET → http://localhost:8001/
[0;35m[MEASURE][0m dy-gleam-pure-1-15-2 | stopping Scaphandre + appending CSV …
[0;35m[MEASURE][0m dy-gleam-pure-1-15-2 | [0;32m10000/10000 ok[0m | 7.6s | 1318 req/s | results/2026-05-07_234827/dynamic/dy-gleam-pure-1-15-2.csv
[0;36m[PROGRESS][0m 214/406 (52%) | elapsed 4h44m | ETA ~4h15m | remaining 192 | dynamic HTTP | dy-gleam-pure-1-15-2 | level 6/13 | 15000 requests
[0;35m[MEASURE][0m dy-gleam-pure-1-15-2 | Docker start + HTTP readiness wait …
[0;35m[MEASURE][0m dy-gleam-pure-1-15-2 | Scaphandre power sampling + HTTP load | 15000 GET → http://localhost:8001/
[0;35m[MEASURE][0m dy-gleam-pure-1-15-2 | stopping Scaphandre + appending CSV …
[0;35m[MEASURE][0m dy-gleam-pure-1-15-2 | [0;32m15000/15000 ok[0m | 10.4s | 1436 req/s | results/2026-05-07_234827/dynamic/dy-gleam-pure-1-15-2.csv
[0;36m[PROGRESS][0m 215/406 (52%) | elapsed 4h45m | ETA ~4h13m | remaining 191 | dynamic HTTP | dy-gleam-pure-1-15-2 | level 7/13 | 20000 requests
[0;35m[MEASURE][0m dy-gleam-pure-1-15-2 | Docker start + HTTP readiness wait …
[0;35m[MEASURE][0m dy-gleam-pure-1-15-2 | Scaphandre power sampling + HTTP load | 20000 GET → http://localhost:8001/
[0;35m[MEASURE][0m dy-gleam-pure-1-15-2 | stopping Scaphandre + appending CSV …
[0;35m[MEASURE][0m dy-gleam-pure-1-15-2 | [0;32m20000/20000 ok[0m | 16.6s | 1203 req/s | results/2026-05-07_234827/dynamic/dy-gleam-pure-1-15-2.csv
[0;36m[PROGRESS][0m 216/406 (53%) | elapsed 4h46m | ETA ~4h12m | remaining 190 | dynamic HTTP | dy-gleam-pure-1-15-2 | level 8/13 | 30000 requests
[0;35m[MEASURE][0m dy-gleam-pure-1-15-2 | Docker start + HTTP readiness wait …
[0;35m[MEASURE][0m dy-gleam-pure-1-15-2 | Scaphandre power sampling + HTTP load | 30000 GET → http://localhost:8001/
[0;35m[MEASURE][0m dy-gleam-pure-1-15-2 | stopping Scaphandre + appending CSV …
[0;35m[MEASURE][0m dy-gleam-pure-1-15-2 | 28231/30000 | 30.2s | 992 req/s | results/2026-05-07_234827/dynamic/dy-gleam-pure-1-15-2.csv
[0;36m[PROGRESS][0m 217/406 (53%) | elapsed 4h48m | ETA ~4h11m | remaining 189 | dynamic HTTP | dy-gleam-pure-1-15-2 | level 9/13 | 40000 requests
[0;35m[MEASURE][0m dy-gleam-pure-1-15-2 | Docker start + HTTP readiness wait …
[0;35m[MEASURE][0m dy-gleam-pure-1-15-2 | Scaphandre power sampling + HTTP load | 40000 GET → http://localhost:8001/
[0;35m[MEASURE][0m dy-gleam-pure-1-15-2 | stopping Scaphandre + appending CSV …
[0;35m[MEASURE][0m dy-gleam-pure-1-15-2 | 28232/40000 | 57.1s | 700 req/s | results/2026-05-07_234827/dynamic/dy-gleam-pure-1-15-2.csv
[0;36m[PROGRESS][0m 218/406 (53%) | elapsed 4h50m | ETA ~4h10m | remaining 188 | dynamic HTTP | dy-gleam-pure-1-15-2 | level 10/13 | 50000 requests
[0;35m[MEASURE][0m dy-gleam-pure-1-15-2 | Docker start + HTTP readiness wait …
[0;35m[MEASURE][0m dy-gleam-pure-1-15-2 | Scaphandre power sampling + HTTP load | 50000 GET → http://localhost:8001/
[0;35m[MEASURE][0m dy-gleam-pure-1-15-2 | HTTP requests 41034/50000 (60s elapsed)
[0;35m[MEASURE][0m dy-gleam-pure-1-15-2 | stopping Scaphandre + appending CSV …
[0;35m[MEASURE][0m dy-gleam-pure-1-15-2 | 36355/50000 | 68.9s | 725 req/s | results/2026-05-07_234827/dynamic/dy-gleam-pure-1-15-2.csv
[0;36m[PROGRESS][0m 219/406 (53%) | elapsed 4h52m | ETA ~4h09m | remaining 187 | dynamic HTTP | dy-gleam-pure-1-15-2 | level 11/13 | 60000 requests
[0;35m[MEASURE][0m dy-gleam-pure-1-15-2 | Docker start + HTTP readiness wait …
[0;35m[MEASURE][0m dy-gleam-pure-1-15-2 | Scaphandre power sampling + HTTP load | 60000 GET → http://localhost:8001/
[0;35m[MEASURE][0m dy-gleam-pure-1-15-2 | HTTP requests 40874/60000 (60s elapsed)
[0;35m[MEASURE][0m dy-gleam-pure-1-15-2 | stopping Scaphandre + appending CSV …
[0;35m[MEASURE][0m dy-gleam-pure-1-15-2 | 46484/60000 | 78.5s | 764 req/s | results/2026-05-07_234827/dynamic/dy-gleam-pure-1-15-2.csv
[0;36m[PROGRESS][0m 220/406 (54%) | elapsed 4h54m | ETA ~4h09m | remaining 186 | dynamic HTTP | dy-gleam-pure-1-15-2 | level 12/13 | 70000 requests
[0;35m[MEASURE][0m dy-gleam-pure-1-15-2 | Docker start + HTTP readiness wait …
[0;35m[MEASURE][0m dy-gleam-pure-1-15-2 | Scaphandre power sampling + HTTP load | 70000 GET → http://localhost:8001/
[0;35m[MEASURE][0m dy-gleam-pure-1-15-2 | HTTP requests 41275/70000 (60s elapsed)
[0;35m[MEASURE][0m dy-gleam-pure-1-15-2 | stopping Scaphandre + appending CSV …
[0;35m[MEASURE][0m dy-gleam-pure-1-15-2 | 56063/70000 | 89.0s | 787 req/s | results/2026-05-07_234827/dynamic/dy-gleam-pure-1-15-2.csv
[0;36m[PROGRESS][0m 221/406 (54%) | elapsed 4h56m | ETA ~4h08m | remaining 185 | dynamic HTTP | dy-gleam-pure-1-15-2 | level 13/13 | 80000 requests
[0;35m[MEASURE][0m dy-gleam-pure-1-15-2 | Docker start + HTTP readiness wait …
[0;35m[MEASURE][0m dy-gleam-pure-1-15-2 | Scaphandre power sampling + HTTP load | 80000 GET → http://localhost:8001/
[0;35m[MEASURE][0m dy-gleam-pure-1-15-2 | HTTP requests 40760/80000 (60s elapsed)
[0;35m[MEASURE][0m dy-gleam-pure-1-15-2 | stopping Scaphandre + appending CSV …
[0;35m[MEASURE][0m dy-gleam-pure-1-15-2 | 56464/80000 | 119.1s | 672 req/s | results/2026-05-07_234827/dynamic/dy-gleam-pure-1-15-2.csv
[0;34mRunning dynamic tests for dy-gleam-mist-1-15-2 on port 8001[0m (7/11)
[0;36m[PROGRESS][0m 222/406 (54%) | elapsed 4h59m | ETA ~4h08m | remaining 184 | dynamic HTTP | dy-gleam-mist-1-15-2 | level 1/13 | 100 requests
[0;35m[MEASURE][0m dy-gleam-mist-1-15-2 | Docker start + HTTP readiness wait …
[0;35m[MEASURE][0m dy-gleam-mist-1-15-2 | Scaphandre power sampling + HTTP load | 100 GET → http://localhost:8001/
[0;35m[MEASURE][0m dy-gleam-mist-1-15-2 | stopping Scaphandre + appending CSV …
[0;35m[MEASURE][0m dy-gleam-mist-1-15-2 | [0;32m100/100 ok[0m | 0.2s | 618 req/s | results/2026-05-07_234827/dynamic/dy-gleam-mist-1-15-2.csv
[0;36m[PROGRESS][0m 223/406 (54%) | elapsed 5h00m | ETA ~4h06m | remaining 183 | dynamic HTTP | dy-gleam-mist-1-15-2 | level 2/13 | 1000 requests
[0;35m[MEASURE][0m dy-gleam-mist-1-15-2 | Docker start + HTTP readiness wait …
[0;35m[MEASURE][0m dy-gleam-mist-1-15-2 | Scaphandre power sampling + HTTP load | 1000 GET → http://localhost:8001/
[0;35m[MEASURE][0m dy-gleam-mist-1-15-2 | stopping Scaphandre + appending CSV …
[0;35m[MEASURE][0m dy-gleam-mist-1-15-2 | [0;32m1000/1000 ok[0m | 0.9s | 1174 req/s | results/2026-05-07_234827/dynamic/dy-gleam-mist-1-15-2.csv
[0;36m[PROGRESS][0m 224/406 (55%) | elapsed 5h01m | ETA ~4h05m | remaining 182 | dynamic HTTP | dy-gleam-mist-1-15-2 | level 3/13 | 5000 requests
[0;35m[MEASURE][0m dy-gleam-mist-1-15-2 | Docker start + HTTP readiness wait …
[0;35m[MEASURE][0m dy-gleam-mist-1-15-2 | Scaphandre power sampling + HTTP load | 5000 GET → http://localhost:8001/
[0;35m[MEASURE][0m dy-gleam-mist-1-15-2 | stopping Scaphandre + appending CSV …
[0;35m[MEASURE][0m dy-gleam-mist-1-15-2 | [0;32m5000/5000 ok[0m | 3.8s | 1320 req/s | results/2026-05-07_234827/dynamic/dy-gleam-mist-1-15-2.csv
[0;36m[PROGRESS][0m 225/406 (55%) | elapsed 5h02m | ETA ~4h03m | remaining 181 | dynamic HTTP | dy-gleam-mist-1-15-2 | level 4/13 | 8000 requests
[0;35m[MEASURE][0m dy-gleam-mist-1-15-2 | Docker start + HTTP readiness wait …
[0;35m[MEASURE][0m dy-gleam-mist-1-15-2 | Scaphandre power sampling + HTTP load | 8000 GET → http://localhost:8001/
[0;35m[MEASURE][0m dy-gleam-mist-1-15-2 | stopping Scaphandre + appending CSV …
[0;35m[MEASURE][0m dy-gleam-mist-1-15-2 | [0;32m8000/8000 ok[0m | 6.0s | 1334 req/s | results/2026-05-07_234827/dynamic/dy-gleam-mist-1-15-2.csv
[0;36m[PROGRESS][0m 226/406 (55%) | elapsed 5h03m | ETA ~4h01m | remaining 180 | dynamic HTTP | dy-gleam-mist-1-15-2 | level 5/13 | 10000 requests
[0;35m[MEASURE][0m dy-gleam-mist-1-15-2 | Docker start + HTTP readiness wait …
[0;35m[MEASURE][0m dy-gleam-mist-1-15-2 | Scaphandre power sampling + HTTP load | 10000 GET → http://localhost:8001/
[0;35m[MEASURE][0m dy-gleam-mist-1-15-2 | stopping Scaphandre + appending CSV …
[0;35m[MEASURE][0m dy-gleam-mist-1-15-2 | [0;32m10000/10000 ok[0m | 7.5s | 1326 req/s | results/2026-05-07_234827/dynamic/dy-gleam-mist-1-15-2.csv
[0;36m[PROGRESS][0m 227/406 (55%) | elapsed 5h04m | ETA ~4h00m | remaining 179 | dynamic HTTP | dy-gleam-mist-1-15-2 | level 6/13 | 15000 requests
[0;35m[MEASURE][0m dy-gleam-mist-1-15-2 | Docker start + HTTP readiness wait …
[0;35m[MEASURE][0m dy-gleam-mist-1-15-2 | Scaphandre power sampling + HTTP load | 15000 GET → http://localhost:8001/
[0;35m[MEASURE][0m dy-gleam-mist-1-15-2 | stopping Scaphandre + appending CSV …
[0;35m[MEASURE][0m dy-gleam-mist-1-15-2 | [0;32m15000/15000 ok[0m | 10.9s | 1370 req/s | results/2026-05-07_234827/dynamic/dy-gleam-mist-1-15-2.csv
[0;36m[PROGRESS][0m 228/406 (56%) | elapsed 5h05m | ETA ~3h58m | remaining 178 | dynamic HTTP | dy-gleam-mist-1-15-2 | level 7/13 | 20000 requests
[0;35m[MEASURE][0m dy-gleam-mist-1-15-2 | Docker start + HTTP readiness wait …
[0;35m[MEASURE][0m dy-gleam-mist-1-15-2 | Scaphandre power sampling + HTTP load | 20000 GET → http://localhost:8001/
[0;35m[MEASURE][0m dy-gleam-mist-1-15-2 | stopping Scaphandre + appending CSV …
[0;35m[MEASURE][0m dy-gleam-mist-1-15-2 | [0;32m20000/20000 ok[0m | 16.6s | 1202 req/s | results/2026-05-07_234827/dynamic/dy-gleam-mist-1-15-2.csv
[0;36m[PROGRESS][0m 229/406 (56%) | elapsed 5h06m | ETA ~3h57m | remaining 177 | dynamic HTTP | dy-gleam-mist-1-15-2 | level 8/13 | 30000 requests
[0;35m[MEASURE][0m dy-gleam-mist-1-15-2 | Docker start + HTTP readiness wait …
[0;35m[MEASURE][0m dy-gleam-mist-1-15-2 | Scaphandre power sampling + HTTP load | 30000 GET → http://localhost:8001/
[0;35m[MEASURE][0m dy-gleam-mist-1-15-2 | stopping Scaphandre + appending CSV …
[0;35m[MEASURE][0m dy-gleam-mist-1-15-2 | 28231/30000 | 30.4s | 987 req/s | results/2026-05-07_234827/dynamic/dy-gleam-mist-1-15-2.csv
[0;36m[PROGRESS][0m 230/406 (56%) | elapsed 5h08m | ETA ~3h55m | remaining 176 | dynamic HTTP | dy-gleam-mist-1-15-2 | level 9/13 | 40000 requests
[0;35m[MEASURE][0m dy-gleam-mist-1-15-2 | Docker start + HTTP readiness wait …
[0;35m[MEASURE][0m dy-gleam-mist-1-15-2 | Scaphandre power sampling + HTTP load | 40000 GET → http://localhost:8001/
[0;35m[MEASURE][0m dy-gleam-mist-1-15-2 | stopping Scaphandre + appending CSV …
[0;35m[MEASURE][0m dy-gleam-mist-1-15-2 | 28232/40000 | 57.3s | 698 req/s | results/2026-05-07_234827/dynamic/dy-gleam-mist-1-15-2.csv
[0;36m[PROGRESS][0m 231/406 (56%) | elapsed 5h10m | ETA ~3h55m | remaining 175 | dynamic HTTP | dy-gleam-mist-1-15-2 | level 10/13 | 50000 requests
[0;35m[MEASURE][0m dy-gleam-mist-1-15-2 | Docker start + HTTP readiness wait …
[0;35m[MEASURE][0m dy-gleam-mist-1-15-2 | Scaphandre power sampling + HTTP load | 50000 GET → http://localhost:8001/
[0;35m[MEASURE][0m dy-gleam-mist-1-15-2 | HTTP requests 41020/50000 (60s elapsed)
[0;35m[MEASURE][0m dy-gleam-mist-1-15-2 | stopping Scaphandre + appending CSV …
[0;35m[MEASURE][0m dy-gleam-mist-1-15-2 | 36365/50000 | 68.9s | 726 req/s | results/2026-05-07_234827/dynamic/dy-gleam-mist-1-15-2.csv
[0;36m[PROGRESS][0m 232/406 (57%) | elapsed 5h12m | ETA ~3h54m | remaining 174 | dynamic HTTP | dy-gleam-mist-1-15-2 | level 11/13 | 60000 requests
[0;35m[MEASURE][0m dy-gleam-mist-1-15-2 | Docker start + HTTP readiness wait …
[0;35m[MEASURE][0m dy-gleam-mist-1-15-2 | Scaphandre power sampling + HTTP load | 60000 GET → http://localhost:8001/
[0;35m[MEASURE][0m dy-gleam-mist-1-15-2 | HTTP requests 40970/60000 (60s elapsed)
[0;35m[MEASURE][0m dy-gleam-mist-1-15-2 | stopping Scaphandre + appending CSV …
[0;35m[MEASURE][0m dy-gleam-mist-1-15-2 | 46396/60000 | 78.3s | 766 req/s | results/2026-05-07_234827/dynamic/dy-gleam-mist-1-15-2.csv
[0;36m[PROGRESS][0m 233/406 (57%) | elapsed 5h14m | ETA ~3h53m | remaining 173 | dynamic HTTP | dy-gleam-mist-1-15-2 | level 12/13 | 70000 requests
[0;35m[MEASURE][0m dy-gleam-mist-1-15-2 | Docker start + HTTP readiness wait …
[0;35m[MEASURE][0m dy-gleam-mist-1-15-2 | Scaphandre power sampling + HTTP load | 70000 GET → http://localhost:8001/
[0;35m[MEASURE][0m dy-gleam-mist-1-15-2 | HTTP requests 41297/70000 (60s elapsed)
[0;35m[MEASURE][0m dy-gleam-mist-1-15-2 | stopping Scaphandre + appending CSV …
[0;35m[MEASURE][0m dy-gleam-mist-1-15-2 | 56104/70000 | 89.2s | 784 req/s | results/2026-05-07_234827/dynamic/dy-gleam-mist-1-15-2.csv
[0;36m[PROGRESS][0m 234/406 (57%) | elapsed 5h16m | ETA ~3h52m | remaining 172 | dynamic HTTP | dy-gleam-mist-1-15-2 | level 13/13 | 80000 requests
[0;35m[MEASURE][0m dy-gleam-mist-1-15-2 | Docker start + HTTP readiness wait …
[0;35m[MEASURE][0m dy-gleam-mist-1-15-2 | Scaphandre power sampling + HTTP load | 80000 GET → http://localhost:8001/
[0;35m[MEASURE][0m dy-gleam-mist-1-15-2 | HTTP requests 40772/80000 (60s elapsed)
[0;35m[MEASURE][0m dy-gleam-mist-1-15-2 | stopping Scaphandre + appending CSV …
[0;35m[MEASURE][0m dy-gleam-mist-1-15-2 | 56464/80000 | 119.0s | 672 req/s | results/2026-05-07_234827/dynamic/dy-gleam-mist-1-15-2.csv
[0;34mRunning dynamic tests for dy-erlang-index-28-4-3 on port 8001[0m (8/11)
[0;36m[PROGRESS][0m 235/406 (57%) | elapsed 5h19m | ETA ~3h52m | remaining 171 | dynamic HTTP | dy-erlang-index-28-4-3 | level 1/13 | 100 requests
[0;35m[MEASURE][0m dy-erlang-index-28-4-3 | Docker start + HTTP readiness wait …
[0;35m[MEASURE][0m dy-erlang-index-28-4-3 | Scaphandre power sampling + HTTP load | 100 GET → http://localhost:8001/
[0;35m[MEASURE][0m dy-erlang-index-28-4-3 | stopping Scaphandre + appending CSV …
[0;35m[MEASURE][0m dy-erlang-index-28-4-3 | [0;32m100/100 ok[0m | 0.1s | 1022 req/s | results/2026-05-07_234827/dynamic/dy-erlang-index-28-4-3.csv
[0;36m[PROGRESS][0m 236/406 (58%) | elapsed 5h20m | ETA ~3h50m | remaining 170 | dynamic HTTP | dy-erlang-index-28-4-3 | level 2/13 | 1000 requests
[0;35m[MEASURE][0m dy-erlang-index-28-4-3 | Docker start + HTTP readiness wait …
[0;35m[MEASURE][0m dy-erlang-index-28-4-3 | Scaphandre power sampling + HTTP load | 1000 GET → http://localhost:8001/
[0;35m[MEASURE][0m dy-erlang-index-28-4-3 | stopping Scaphandre + appending CSV …
[0;35m[MEASURE][0m dy-erlang-index-28-4-3 | [0;32m1000/1000 ok[0m | 1.2s | 858 req/s | results/2026-05-07_234827/dynamic/dy-erlang-index-28-4-3.csv
[0;36m[PROGRESS][0m 237/406 (58%) | elapsed 5h21m | ETA ~3h49m | remaining 169 | dynamic HTTP | dy-erlang-index-28-4-3 | level 3/13 | 5000 requests
[0;35m[MEASURE][0m dy-erlang-index-28-4-3 | Docker start + HTTP readiness wait …
[0;35m[MEASURE][0m dy-erlang-index-28-4-3 | Scaphandre power sampling + HTTP load | 5000 GET → http://localhost:8001/
[0;35m[MEASURE][0m dy-erlang-index-28-4-3 | stopping Scaphandre + appending CSV …
[0;35m[MEASURE][0m dy-erlang-index-28-4-3 | [0;32m5000/5000 ok[0m | 3.3s | 1538 req/s | results/2026-05-07_234827/dynamic/dy-erlang-index-28-4-3.csv
[0;36m[PROGRESS][0m 238/406 (58%) | elapsed 5h22m | ETA ~3h47m | remaining 168 | dynamic HTTP | dy-erlang-index-28-4-3 | level 4/13 | 8000 requests
[0;35m[MEASURE][0m dy-erlang-index-28-4-3 | Docker start + HTTP readiness wait …
[0;35m[MEASURE][0m dy-erlang-index-28-4-3 | Scaphandre power sampling + HTTP load | 8000 GET → http://localhost:8001/
[0;35m[MEASURE][0m dy-erlang-index-28-4-3 | stopping Scaphandre + appending CSV …
[0;35m[MEASURE][0m dy-erlang-index-28-4-3 | [0;32m8000/8000 ok[0m | 5.2s | 1547 req/s | results/2026-05-07_234827/dynamic/dy-erlang-index-28-4-3.csv
[0;36m[PROGRESS][0m 239/406 (58%) | elapsed 5h23m | ETA ~3h45m | remaining 167 | dynamic HTTP | dy-erlang-index-28-4-3 | level 5/13 | 10000 requests
[0;35m[MEASURE][0m dy-erlang-index-28-4-3 | Docker start + HTTP readiness wait …
[0;35m[MEASURE][0m dy-erlang-index-28-4-3 | Scaphandre power sampling + HTTP load | 10000 GET → http://localhost:8001/
[0;35m[MEASURE][0m dy-erlang-index-28-4-3 | stopping Scaphandre + appending CSV …
[0;35m[MEASURE][0m dy-erlang-index-28-4-3 | [0;32m10000/10000 ok[0m | 7.1s | 1399 req/s | results/2026-05-07_234827/dynamic/dy-erlang-index-28-4-3.csv
[0;36m[PROGRESS][0m 240/406 (59%) | elapsed 5h23m | ETA ~3h44m | remaining 166 | dynamic HTTP | dy-erlang-index-28-4-3 | level 6/13 | 15000 requests
[0;35m[MEASURE][0m dy-erlang-index-28-4-3 | Docker start + HTTP readiness wait …
[0;35m[MEASURE][0m dy-erlang-index-28-4-3 | Scaphandre power sampling + HTTP load | 15000 GET → http://localhost:8001/
[0;35m[MEASURE][0m dy-erlang-index-28-4-3 | stopping Scaphandre + appending CSV …
[0;35m[MEASURE][0m dy-erlang-index-28-4-3 | [0;32m15000/15000 ok[0m | 11.1s | 1346 req/s | results/2026-05-07_234827/dynamic/dy-erlang-index-28-4-3.csv
[0;36m[PROGRESS][0m 241/406 (59%) | elapsed 5h24m | ETA ~3h42m | remaining 165 | dynamic HTTP | dy-erlang-index-28-4-3 | level 7/13 | 20000 requests
[0;35m[MEASURE][0m dy-erlang-index-28-4-3 | Docker start + HTTP readiness wait …
[0;35m[MEASURE][0m dy-erlang-index-28-4-3 | Scaphandre power sampling + HTTP load | 20000 GET → http://localhost:8001/
[0;35m[MEASURE][0m dy-erlang-index-28-4-3 | stopping Scaphandre + appending CSV …
[0;35m[MEASURE][0m dy-erlang-index-28-4-3 | [0;32m20000/20000 ok[0m | 15.0s | 1333 req/s | results/2026-05-07_234827/dynamic/dy-erlang-index-28-4-3.csv
[0;36m[PROGRESS][0m 242/406 (59%) | elapsed 5h25m | ETA ~3h40m | remaining 164 | dynamic HTTP | dy-erlang-index-28-4-3 | level 8/13 | 30000 requests
[0;35m[MEASURE][0m dy-erlang-index-28-4-3 | Docker start + HTTP readiness wait …
[0;35m[MEASURE][0m dy-erlang-index-28-4-3 | Scaphandre power sampling + HTTP load | 30000 GET → http://localhost:8001/
[0;35m[MEASURE][0m dy-erlang-index-28-4-3 | stopping Scaphandre + appending CSV …
[0;35m[MEASURE][0m dy-erlang-index-28-4-3 | [0;32m30000/30000 ok[0m | 24.0s | 1251 req/s | results/2026-05-07_234827/dynamic/dy-erlang-index-28-4-3.csv
[0;36m[PROGRESS][0m 243/406 (59%) | elapsed 5h27m | ETA ~3h39m | remaining 163 | dynamic HTTP | dy-erlang-index-28-4-3 | level 9/13 | 40000 requests
[0;35m[MEASURE][0m dy-erlang-index-28-4-3 | Docker start + HTTP readiness wait …
[0;35m[MEASURE][0m dy-erlang-index-28-4-3 | Scaphandre power sampling + HTTP load | 40000 GET → http://localhost:8001/
[0;35m[MEASURE][0m dy-erlang-index-28-4-3 | stopping Scaphandre + appending CSV …
[0;35m[MEASURE][0m dy-erlang-index-28-4-3 | [0;32m40000/40000 ok[0m | 33.3s | 1201 req/s | results/2026-05-07_234827/dynamic/dy-erlang-index-28-4-3.csv
[0;36m[PROGRESS][0m 244/406 (60%) | elapsed 5h28m | ETA ~3h37m | remaining 162 | dynamic HTTP | dy-erlang-index-28-4-3 | level 10/13 | 50000 requests
[0;35m[MEASURE][0m dy-erlang-index-28-4-3 | Docker start + HTTP readiness wait …
[0;35m[MEASURE][0m dy-erlang-index-28-4-3 | Scaphandre power sampling + HTTP load | 50000 GET → http://localhost:8001/
[0;35m[MEASURE][0m dy-erlang-index-28-4-3 | stopping Scaphandre + appending CSV …
[0;35m[MEASURE][0m dy-erlang-index-28-4-3 | 49999/50000 | 43.1s | 1160 req/s | results/2026-05-07_234827/dynamic/dy-erlang-index-28-4-3.csv
[0;36m[PROGRESS][0m 245/406 (60%) | elapsed 5h29m | ETA ~3h36m | remaining 161 | dynamic HTTP | dy-erlang-index-28-4-3 | level 11/13 | 60000 requests
[0;35m[MEASURE][0m dy-erlang-index-28-4-3 | Docker start + HTTP readiness wait …
[0;35m[MEASURE][0m dy-erlang-index-28-4-3 | Scaphandre power sampling + HTTP load | 60000 GET → http://localhost:8001/
[0;35m[MEASURE][0m dy-erlang-index-28-4-3 | stopping Scaphandre + appending CSV …
[0;35m[MEASURE][0m dy-erlang-index-28-4-3 | [0;32m60000/60000 ok[0m | 55.5s | 1082 req/s | results/2026-05-07_234827/dynamic/dy-erlang-index-28-4-3.csv
[0;36m[PROGRESS][0m 246/406 (60%) | elapsed 5h31m | ETA ~3h35m | remaining 160 | dynamic HTTP | dy-erlang-index-28-4-3 | level 12/13 | 70000 requests
[0;35m[MEASURE][0m dy-erlang-index-28-4-3 | Docker start + HTTP readiness wait …
[0;35m[MEASURE][0m dy-erlang-index-28-4-3 | Scaphandre power sampling + HTTP load | 70000 GET → http://localhost:8001/
[0;35m[MEASURE][0m dy-erlang-index-28-4-3 | HTTP requests 64218/70000 (60s elapsed)
[0;35m[MEASURE][0m dy-erlang-index-28-4-3 | stopping Scaphandre + appending CSV …
[0;35m[MEASURE][0m dy-erlang-index-28-4-3 | 69998/70000 | 69.6s | 1006 req/s | results/2026-05-07_234827/dynamic/dy-erlang-index-28-4-3.csv
[0;36m[PROGRESS][0m 247/406 (60%) | elapsed 5h33m | ETA ~3h34m | remaining 159 | dynamic HTTP | dy-erlang-index-28-4-3 | level 13/13 | 80000 requests
[0;35m[MEASURE][0m dy-erlang-index-28-4-3 | Docker start + HTTP readiness wait …
[0;35m[MEASURE][0m dy-erlang-index-28-4-3 | Scaphandre power sampling + HTTP load | 80000 GET → http://localhost:8001/
[0;35m[MEASURE][0m dy-erlang-index-28-4-3 | HTTP requests 64425/80000 (60s elapsed)
[0;35m[MEASURE][0m dy-erlang-index-28-4-3 | stopping Scaphandre + appending CSV …
[0;35m[MEASURE][0m dy-erlang-index-28-4-3 | 79999/80000 | 85.5s | 936 req/s | results/2026-05-07_234827/dynamic/dy-erlang-index-28-4-3.csv
[0;34mRunning dynamic tests for dy-erlang-yaws-28-4-3 on port 8001[0m (9/11)
[0;36m[PROGRESS][0m 248/406 (61%) | elapsed 5h35m | ETA ~3h33m | remaining 158 | dynamic HTTP | dy-erlang-yaws-28-4-3 | level 1/13 | 100 requests
[0;35m[MEASURE][0m dy-erlang-yaws-28-4-3 | Docker start + HTTP readiness wait …
[0;35m[MEASURE][0m dy-erlang-yaws-28-4-3 | Scaphandre power sampling + HTTP load | 100 GET → http://localhost:8001/
[0;35m[MEASURE][0m dy-erlang-yaws-28-4-3 | stopping Scaphandre + appending CSV …
[0;35m[MEASURE][0m dy-erlang-yaws-28-4-3 | [0;32m100/100 ok[0m | 0.1s | 830 req/s | results/2026-05-07_234827/dynamic/dy-erlang-yaws-28-4-3.csv
[0;36m[PROGRESS][0m 249/406 (61%) | elapsed 5h36m | ETA ~3h32m | remaining 157 | dynamic HTTP | dy-erlang-yaws-28-4-3 | level 2/13 | 1000 requests
[0;35m[MEASURE][0m dy-erlang-yaws-28-4-3 | Docker start + HTTP readiness wait …
[0;35m[MEASURE][0m dy-erlang-yaws-28-4-3 | Scaphandre power sampling + HTTP load | 1000 GET → http://localhost:8001/
[0;35m[MEASURE][0m dy-erlang-yaws-28-4-3 | stopping Scaphandre + appending CSV …
[0;35m[MEASURE][0m dy-erlang-yaws-28-4-3 | [0;32m1000/1000 ok[0m | 0.7s | 1393 req/s | results/2026-05-07_234827/dynamic/dy-erlang-yaws-28-4-3.csv
[0;36m[PROGRESS][0m 250/406 (61%) | elapsed 5h37m | ETA ~3h30m | remaining 156 | dynamic HTTP | dy-erlang-yaws-28-4-3 | level 3/13 | 5000 requests
[0;35m[MEASURE][0m dy-erlang-yaws-28-4-3 | Docker start + HTTP readiness wait …
[0;35m[MEASURE][0m dy-erlang-yaws-28-4-3 | Scaphandre power sampling + HTTP load | 5000 GET → http://localhost:8001/
[0;35m[MEASURE][0m dy-erlang-yaws-28-4-3 | stopping Scaphandre + appending CSV …
[0;35m[MEASURE][0m dy-erlang-yaws-28-4-3 | [0;32m5000/5000 ok[0m | 3.2s | 1546 req/s | results/2026-05-07_234827/dynamic/dy-erlang-yaws-28-4-3.csv
[0;36m[PROGRESS][0m 251/406 (61%) | elapsed 5h38m | ETA ~3h28m | remaining 155 | dynamic HTTP | dy-erlang-yaws-28-4-3 | level 4/13 | 8000 requests
[0;35m[MEASURE][0m dy-erlang-yaws-28-4-3 | Docker start + HTTP readiness wait …
[0;35m[MEASURE][0m dy-erlang-yaws-28-4-3 | Scaphandre power sampling + HTTP load | 8000 GET → http://localhost:8001/
[0;35m[MEASURE][0m dy-erlang-yaws-28-4-3 | stopping Scaphandre + appending CSV …
[0;35m[MEASURE][0m dy-erlang-yaws-28-4-3 | [0;32m8000/8000 ok[0m | 5.2s | 1538 req/s | results/2026-05-07_234827/dynamic/dy-erlang-yaws-28-4-3.csv
[0;36m[PROGRESS][0m 252/406 (62%) | elapsed 5h39m | ETA ~3h27m | remaining 154 | dynamic HTTP | dy-erlang-yaws-28-4-3 | level 5/13 | 10000 requests
[0;35m[MEASURE][0m dy-erlang-yaws-28-4-3 | Docker start + HTTP readiness wait …
[0;35m[MEASURE][0m dy-erlang-yaws-28-4-3 | Scaphandre power sampling + HTTP load | 10000 GET → http://localhost:8001/
[0;35m[MEASURE][0m dy-erlang-yaws-28-4-3 | stopping Scaphandre + appending CSV …
[0;35m[MEASURE][0m dy-erlang-yaws-28-4-3 | [0;32m10000/10000 ok[0m | 6.8s | 1481 req/s | results/2026-05-07_234827/dynamic/dy-erlang-yaws-28-4-3.csv
[0;36m[PROGRESS][0m 253/406 (62%) | elapsed 5h40m | ETA ~3h25m | remaining 153 | dynamic HTTP | dy-erlang-yaws-28-4-3 | level 6/13 | 15000 requests
[0;35m[MEASURE][0m dy-erlang-yaws-28-4-3 | Docker start + HTTP readiness wait …
[0;35m[MEASURE][0m dy-erlang-yaws-28-4-3 | Scaphandre power sampling + HTTP load | 15000 GET → http://localhost:8001/
[0;35m[MEASURE][0m dy-erlang-yaws-28-4-3 | stopping Scaphandre + appending CSV …
[0;35m[MEASURE][0m dy-erlang-yaws-28-4-3 | [0;32m15000/15000 ok[0m | 10.7s | 1399 req/s | results/2026-05-07_234827/dynamic/dy-erlang-yaws-28-4-3.csv
[0;36m[PROGRESS][0m 254/406 (62%) | elapsed 5h41m | ETA ~3h24m | remaining 152 | dynamic HTTP | dy-erlang-yaws-28-4-3 | level 7/13 | 20000 requests
[0;35m[MEASURE][0m dy-erlang-yaws-28-4-3 | Docker start + HTTP readiness wait …
[0;35m[MEASURE][0m dy-erlang-yaws-28-4-3 | Scaphandre power sampling + HTTP load | 20000 GET → http://localhost:8001/
[0;35m[MEASURE][0m dy-erlang-yaws-28-4-3 | stopping Scaphandre + appending CSV …
[0;35m[MEASURE][0m dy-erlang-yaws-28-4-3 | [0;32m20000/20000 ok[0m | 15.6s | 1283 req/s | results/2026-05-07_234827/dynamic/dy-erlang-yaws-28-4-3.csv
[0;36m[PROGRESS][0m 255/406 (62%) | elapsed 5h42m | ETA ~3h22m | remaining 151 | dynamic HTTP | dy-erlang-yaws-28-4-3 | level 8/13 | 30000 requests
[0;35m[MEASURE][0m dy-erlang-yaws-28-4-3 | Docker start + HTTP readiness wait …
[0;35m[MEASURE][0m dy-erlang-yaws-28-4-3 | Scaphandre power sampling + HTTP load | 30000 GET → http://localhost:8001/
[0;35m[MEASURE][0m dy-erlang-yaws-28-4-3 | stopping Scaphandre + appending CSV …
[0;35m[MEASURE][0m dy-erlang-yaws-28-4-3 | 28231/30000 | 29.5s | 1018 req/s | results/2026-05-07_234827/dynamic/dy-erlang-yaws-28-4-3.csv
[0;36m[PROGRESS][0m 256/406 (63%) | elapsed 5h43m | ETA ~3h21m | remaining 150 | dynamic HTTP | dy-erlang-yaws-28-4-3 | level 9/13 | 40000 requests
[0;35m[MEASURE][0m dy-erlang-yaws-28-4-3 | Docker start + HTTP readiness wait …
[0;35m[MEASURE][0m dy-erlang-yaws-28-4-3 | Scaphandre power sampling + HTTP load | 40000 GET → http://localhost:8001/
[0;35m[MEASURE][0m dy-erlang-yaws-28-4-3 | stopping Scaphandre + appending CSV …
[0;35m[MEASURE][0m dy-erlang-yaws-28-4-3 | 28232/40000 | 56.3s | 710 req/s | results/2026-05-07_234827/dynamic/dy-erlang-yaws-28-4-3.csv
[0;36m[PROGRESS][0m 257/406 (63%) | elapsed 5h45m | ETA ~3h20m | remaining 149 | dynamic HTTP | dy-erlang-yaws-28-4-3 | level 10/13 | 50000 requests
[0;35m[MEASURE][0m dy-erlang-yaws-28-4-3 | Docker start + HTTP readiness wait …
[0;35m[MEASURE][0m dy-erlang-yaws-28-4-3 | Scaphandre power sampling + HTTP load | 50000 GET → http://localhost:8001/
[0;35m[MEASURE][0m dy-erlang-yaws-28-4-3 | HTTP requests 41401/50000 (60s elapsed)
[0;35m[MEASURE][0m dy-erlang-yaws-28-4-3 | stopping Scaphandre + appending CSV …
[0;35m[MEASURE][0m dy-erlang-yaws-28-4-3 | 36039/50000 | 68.7s | 728 req/s | results/2026-05-07_234827/dynamic/dy-erlang-yaws-28-4-3.csv
[0;36m[PROGRESS][0m 258/406 (63%) | elapsed 5h47m | ETA ~3h19m | remaining 148 | dynamic HTTP | dy-erlang-yaws-28-4-3 | level 11/13 | 60000 requests
[0;35m[MEASURE][0m dy-erlang-yaws-28-4-3 | Docker start + HTTP readiness wait …
[0;35m[MEASURE][0m dy-erlang-yaws-28-4-3 | Scaphandre power sampling + HTTP load | 60000 GET → http://localhost:8001/
[0;35m[MEASURE][0m dy-erlang-yaws-28-4-3 | HTTP requests 41100/60000 (60s elapsed)
[0;35m[MEASURE][0m dy-erlang-yaws-28-4-3 | stopping Scaphandre + appending CSV …
[0;35m[MEASURE][0m dy-erlang-yaws-28-4-3 | 46310/60000 | 78.9s | 761 req/s | results/2026-05-07_234827/dynamic/dy-erlang-yaws-28-4-3.csv
[0;36m[PROGRESS][0m 259/406 (63%) | elapsed 5h50m | ETA ~3h18m | remaining 147 | dynamic HTTP | dy-erlang-yaws-28-4-3 | level 12/13 | 70000 requests
[0;35m[MEASURE][0m dy-erlang-yaws-28-4-3 | Docker start + HTTP readiness wait …
[0;35m[MEASURE][0m dy-erlang-yaws-28-4-3 | Scaphandre power sampling + HTTP load | 70000 GET → http://localhost:8001/
[0;35m[MEASURE][0m dy-erlang-yaws-28-4-3 | HTTP requests 41176/70000 (60s elapsed)
[0;35m[MEASURE][0m dy-erlang-yaws-28-4-3 | stopping Scaphandre + appending CSV …
[0;35m[MEASURE][0m dy-erlang-yaws-28-4-3 | 56229/70000 | 90.7s | 772 req/s | results/2026-05-07_234827/dynamic/dy-erlang-yaws-28-4-3.csv
[0;36m[PROGRESS][0m 260/406 (64%) | elapsed 5h52m | ETA ~3h17m | remaining 146 | dynamic HTTP | dy-erlang-yaws-28-4-3 | level 13/13 | 80000 requests
[0;35m[MEASURE][0m dy-erlang-yaws-28-4-3 | Docker start + HTTP readiness wait …
[0;35m[MEASURE][0m dy-erlang-yaws-28-4-3 | Scaphandre power sampling + HTTP load | 80000 GET → http://localhost:8001/
[0;35m[MEASURE][0m dy-erlang-yaws-28-4-3 | HTTP requests 41023/80000 (60s elapsed)
[0;35m[MEASURE][0m dy-erlang-yaws-28-4-3 | stopping Scaphandre + appending CSV …
[0;35m[MEASURE][0m dy-erlang-yaws-28-4-3 | 56464/80000 | 118.9s | 673 req/s | results/2026-05-07_234827/dynamic/dy-erlang-yaws-28-4-3.csv
[0;34mRunning dynamic tests for dy-erlang-cowboy-28-4-3 on port 8001[0m (10/11)
[0;36m[PROGRESS][0m 261/406 (64%) | elapsed 5h55m | ETA ~3h17m | remaining 145 | dynamic HTTP | dy-erlang-cowboy-28-4-3 | level 1/13 | 100 requests
[0;35m[MEASURE][0m dy-erlang-cowboy-28-4-3 | Docker start + HTTP readiness wait …
[0;35m[MEASURE][0m dy-erlang-cowboy-28-4-3 | Scaphandre power sampling + HTTP load | 100 GET → http://localhost:8001/
[0;35m[MEASURE][0m dy-erlang-cowboy-28-4-3 | stopping Scaphandre + appending CSV …
[0;35m[MEASURE][0m dy-erlang-cowboy-28-4-3 | [0;32m100/100 ok[0m | 0.1s | 904 req/s | results/2026-05-07_234827/dynamic/dy-erlang-cowboy-28-4-3.csv
[0;36m[PROGRESS][0m 262/406 (64%) | elapsed 5h56m | ETA ~3h15m | remaining 144 | dynamic HTTP | dy-erlang-cowboy-28-4-3 | level 2/13 | 1000 requests
[0;35m[MEASURE][0m dy-erlang-cowboy-28-4-3 | Docker start + HTTP readiness wait …
[0;35m[MEASURE][0m dy-erlang-cowboy-28-4-3 | Scaphandre power sampling + HTTP load | 1000 GET → http://localhost:8001/
[0;35m[MEASURE][0m dy-erlang-cowboy-28-4-3 | stopping Scaphandre + appending CSV …
[0;35m[MEASURE][0m dy-erlang-cowboy-28-4-3 | [0;32m1000/1000 ok[0m | 0.8s | 1287 req/s | results/2026-05-07_234827/dynamic/dy-erlang-cowboy-28-4-3.csv
[0;36m[PROGRESS][0m 263/406 (64%) | elapsed 5h57m | ETA ~3h14m | remaining 143 | dynamic HTTP | dy-erlang-cowboy-28-4-3 | level 3/13 | 5000 requests
[0;35m[MEASURE][0m dy-erlang-cowboy-28-4-3 | Docker start + HTTP readiness wait …
[0;35m[MEASURE][0m dy-erlang-cowboy-28-4-3 | Scaphandre power sampling + HTTP load | 5000 GET → http://localhost:8001/
[0;35m[MEASURE][0m dy-erlang-cowboy-28-4-3 | stopping Scaphandre + appending CSV …
[0;35m[MEASURE][0m dy-erlang-cowboy-28-4-3 | [0;32m5000/5000 ok[0m | 3.8s | 1314 req/s | results/2026-05-07_234827/dynamic/dy-erlang-cowboy-28-4-3.csv
[0;36m[PROGRESS][0m 264/406 (65%) | elapsed 5h57m | ETA ~3h12m | remaining 142 | dynamic HTTP | dy-erlang-cowboy-28-4-3 | level 4/13 | 8000 requests
[0;35m[MEASURE][0m dy-erlang-cowboy-28-4-3 | Docker start + HTTP readiness wait …
[0;35m[MEASURE][0m dy-erlang-cowboy-28-4-3 | Scaphandre power sampling + HTTP load | 8000 GET → http://localhost:8001/
[0;35m[MEASURE][0m dy-erlang-cowboy-28-4-3 | stopping Scaphandre + appending CSV …
[0;35m[MEASURE][0m dy-erlang-cowboy-28-4-3 | [0;32m8000/8000 ok[0m | 6.1s | 1310 req/s | results/2026-05-07_234827/dynamic/dy-erlang-cowboy-28-4-3.csv
[0;36m[PROGRESS][0m 265/406 (65%) | elapsed 5h58m | ETA ~3h10m | remaining 141 | dynamic HTTP | dy-erlang-cowboy-28-4-3 | level 5/13 | 10000 requests
[0;35m[MEASURE][0m dy-erlang-cowboy-28-4-3 | Docker start + HTTP readiness wait …
[0;35m[MEASURE][0m dy-erlang-cowboy-28-4-3 | Scaphandre power sampling + HTTP load | 10000 GET → http://localhost:8001/
[0;35m[MEASURE][0m dy-erlang-cowboy-28-4-3 | stopping Scaphandre + appending CSV …
[0;35m[MEASURE][0m dy-erlang-cowboy-28-4-3 | [0;32m10000/10000 ok[0m | 8.8s | 1138 req/s | results/2026-05-07_234827/dynamic/dy-erlang-cowboy-28-4-3.csv
[0;36m[PROGRESS][0m 266/406 (65%) | elapsed 5h59m | ETA ~3h09m | remaining 140 | dynamic HTTP | dy-erlang-cowboy-28-4-3 | level 6/13 | 15000 requests
[0;35m[MEASURE][0m dy-erlang-cowboy-28-4-3 | Docker start + HTTP readiness wait …
[0;35m[MEASURE][0m dy-erlang-cowboy-28-4-3 | Scaphandre power sampling + HTTP load | 15000 GET → http://localhost:8001/
[0;35m[MEASURE][0m dy-erlang-cowboy-28-4-3 | stopping Scaphandre + appending CSV …
[0;35m[MEASURE][0m dy-erlang-cowboy-28-4-3 | [0;32m15000/15000 ok[0m | 11.7s | 1282 req/s | results/2026-05-07_234827/dynamic/dy-erlang-cowboy-28-4-3.csv
[0;36m[PROGRESS][0m 267/406 (65%) | elapsed 6h00m | ETA ~3h07m | remaining 139 | dynamic HTTP | dy-erlang-cowboy-28-4-3 | level 7/13 | 20000 requests
[0;35m[MEASURE][0m dy-erlang-cowboy-28-4-3 | Docker start + HTTP readiness wait …
[0;35m[MEASURE][0m dy-erlang-cowboy-28-4-3 | Scaphandre power sampling + HTTP load | 20000 GET → http://localhost:8001/
[0;35m[MEASURE][0m dy-erlang-cowboy-28-4-3 | stopping Scaphandre + appending CSV …
[0;35m[MEASURE][0m dy-erlang-cowboy-28-4-3 | [0;32m20000/20000 ok[0m | 17.0s | 1177 req/s | results/2026-05-07_234827/dynamic/dy-erlang-cowboy-28-4-3.csv
[0;36m[PROGRESS][0m 268/406 (66%) | elapsed 6h01m | ETA ~3h06m | remaining 138 | dynamic HTTP | dy-erlang-cowboy-28-4-3 | level 8/13 | 30000 requests
[0;35m[MEASURE][0m dy-erlang-cowboy-28-4-3 | Docker start + HTTP readiness wait …
[0;35m[MEASURE][0m dy-erlang-cowboy-28-4-3 | Scaphandre power sampling + HTTP load | 30000 GET → http://localhost:8001/
[0;35m[MEASURE][0m dy-erlang-cowboy-28-4-3 | stopping Scaphandre + appending CSV …
[0;35m[MEASURE][0m dy-erlang-cowboy-28-4-3 | 28231/30000 | 30.8s | 973 req/s | results/2026-05-07_234827/dynamic/dy-erlang-cowboy-28-4-3.csv
[0;36m[PROGRESS][0m 269/406 (66%) | elapsed 6h02m | ETA ~3h04m | remaining 137 | dynamic HTTP | dy-erlang-cowboy-28-4-3 | level 9/13 | 40000 requests
[0;35m[MEASURE][0m dy-erlang-cowboy-28-4-3 | Docker start + HTTP readiness wait …
[0;35m[MEASURE][0m dy-erlang-cowboy-28-4-3 | Scaphandre power sampling + HTTP load | 40000 GET → http://localhost:8001/
[0;35m[MEASURE][0m dy-erlang-cowboy-28-4-3 | stopping Scaphandre + appending CSV …
[0;35m[MEASURE][0m dy-erlang-cowboy-28-4-3 | 28232/40000 | 57.5s | 695 req/s | results/2026-05-07_234827/dynamic/dy-erlang-cowboy-28-4-3.csv
[0;36m[PROGRESS][0m 270/406 (66%) | elapsed 6h04m | ETA ~3h03m | remaining 136 | dynamic HTTP | dy-erlang-cowboy-28-4-3 | level 10/13 | 50000 requests
[0;35m[MEASURE][0m dy-erlang-cowboy-28-4-3 | Docker start + HTTP readiness wait …
[0;35m[MEASURE][0m dy-erlang-cowboy-28-4-3 | Scaphandre power sampling + HTTP load | 50000 GET → http://localhost:8001/
[0;35m[MEASURE][0m dy-erlang-cowboy-28-4-3 | HTTP requests 40936/50000 (60s elapsed)
[0;35m[MEASURE][0m dy-erlang-cowboy-28-4-3 | stopping Scaphandre + appending CSV …
[0;35m[MEASURE][0m dy-erlang-cowboy-28-4-3 | 36481/50000 | 68.9s | 726 req/s | results/2026-05-07_234827/dynamic/dy-erlang-cowboy-28-4-3.csv
[0;36m[PROGRESS][0m 271/406 (66%) | elapsed 6h06m | ETA ~3h02m | remaining 135 | dynamic HTTP | dy-erlang-cowboy-28-4-3 | level 11/13 | 60000 requests
[0;35m[MEASURE][0m dy-erlang-cowboy-28-4-3 | Docker start + HTTP readiness wait …
[0;35m[MEASURE][0m dy-erlang-cowboy-28-4-3 | Scaphandre power sampling + HTTP load | 60000 GET → http://localhost:8001/
[0;35m[MEASURE][0m dy-erlang-cowboy-28-4-3 | HTTP requests 40741/60000 (60s elapsed)
[0;35m[MEASURE][0m dy-erlang-cowboy-28-4-3 | stopping Scaphandre + appending CSV …
[0;35m[MEASURE][0m dy-erlang-cowboy-28-4-3 | 46638/60000 | 78.8s | 761 req/s | results/2026-05-07_234827/dynamic/dy-erlang-cowboy-28-4-3.csv
[0;36m[PROGRESS][0m 272/406 (66%) | elapsed 6h08m | ETA ~3h01m | remaining 134 | dynamic HTTP | dy-erlang-cowboy-28-4-3 | level 12/13 | 70000 requests
[0;35m[MEASURE][0m dy-erlang-cowboy-28-4-3 | Docker start + HTTP readiness wait …
[0;35m[MEASURE][0m dy-erlang-cowboy-28-4-3 | Scaphandre power sampling + HTTP load | 70000 GET → http://localhost:8001/
[0;35m[MEASURE][0m dy-erlang-cowboy-28-4-3 | HTTP requests 40512/70000 (60s elapsed)
[0;35m[MEASURE][0m dy-erlang-cowboy-28-4-3 | stopping Scaphandre + appending CSV …
[0;35m[MEASURE][0m dy-erlang-cowboy-28-4-3 | 56463/70000 | 91.3s | 766 req/s | results/2026-05-07_234827/dynamic/dy-erlang-cowboy-28-4-3.csv
[0;36m[PROGRESS][0m 273/406 (67%) | elapsed 6h10m | ETA ~3h00m | remaining 133 | dynamic HTTP | dy-erlang-cowboy-28-4-3 | level 13/13 | 80000 requests
[0;35m[MEASURE][0m dy-erlang-cowboy-28-4-3 | Docker start + HTTP readiness wait …
[0;35m[MEASURE][0m dy-erlang-cowboy-28-4-3 | Scaphandre power sampling + HTTP load | 80000 GET → http://localhost:8001/
[0;35m[MEASURE][0m dy-erlang-cowboy-28-4-3 | HTTP requests 40658/80000 (60s elapsed)
[0;35m[MEASURE][0m dy-erlang-cowboy-28-4-3 | stopping Scaphandre + appending CSV …
[0;35m[MEASURE][0m dy-erlang-cowboy-28-4-3 | 56464/80000 | 119.4s | 670 req/s | results/2026-05-07_234827/dynamic/dy-erlang-cowboy-28-4-3.csv
[0;34mRunning dynamic tests for dy-erlang-pure-28-4-3 on port 8001[0m (11/11)
[0;36m[PROGRESS][0m 274/406 (67%) | elapsed 6h13m | ETA ~3h00m | remaining 132 | dynamic HTTP | dy-erlang-pure-28-4-3 | level 1/13 | 100 requests
[0;35m[MEASURE][0m dy-erlang-pure-28-4-3 | Docker start + HTTP readiness wait …
[0;35m[MEASURE][0m dy-erlang-pure-28-4-3 | Scaphandre power sampling + HTTP load | 100 GET → http://localhost:8001/
[0;35m[MEASURE][0m dy-erlang-pure-28-4-3 | stopping Scaphandre + appending CSV …
[0;35m[MEASURE][0m dy-erlang-pure-28-4-3 | [0;32m100/100 ok[0m | 0.1s | 1045 req/s | results/2026-05-07_234827/dynamic/dy-erlang-pure-28-4-3.csv
[0;36m[PROGRESS][0m 275/406 (67%) | elapsed 6h14m | ETA ~2h58m | remaining 131 | dynamic HTTP | dy-erlang-pure-28-4-3 | level 2/13 | 1000 requests
[0;35m[MEASURE][0m dy-erlang-pure-28-4-3 | Docker start + HTTP readiness wait …
[0;35m[MEASURE][0m dy-erlang-pure-28-4-3 | Scaphandre power sampling + HTTP load | 1000 GET → http://localhost:8001/
[0;35m[MEASURE][0m dy-erlang-pure-28-4-3 | stopping Scaphandre + appending CSV …
[0;35m[MEASURE][0m dy-erlang-pure-28-4-3 | [0;32m1000/1000 ok[0m | 1.3s | 752 req/s | results/2026-05-07_234827/dynamic/dy-erlang-pure-28-4-3.csv
[0;36m[PROGRESS][0m 276/406 (67%) | elapsed 6h15m | ETA ~2h56m | remaining 130 | dynamic HTTP | dy-erlang-pure-28-4-3 | level 3/13 | 5000 requests
[0;35m[MEASURE][0m dy-erlang-pure-28-4-3 | Docker start + HTTP readiness wait …
[0;35m[MEASURE][0m dy-erlang-pure-28-4-3 | Scaphandre power sampling + HTTP load | 5000 GET → http://localhost:8001/
[0;35m[MEASURE][0m dy-erlang-pure-28-4-3 | stopping Scaphandre + appending CSV …
[0;35m[MEASURE][0m dy-erlang-pure-28-4-3 | [0;32m5000/5000 ok[0m | 3.5s | 1443 req/s | results/2026-05-07_234827/dynamic/dy-erlang-pure-28-4-3.csv
[0;36m[PROGRESS][0m 277/406 (68%) | elapsed 6h16m | ETA ~2h55m | remaining 129 | dynamic HTTP | dy-erlang-pure-28-4-3 | level 4/13 | 8000 requests
[0;35m[MEASURE][0m dy-erlang-pure-28-4-3 | Docker start + HTTP readiness wait …
[0;35m[MEASURE][0m dy-erlang-pure-28-4-3 | Scaphandre power sampling + HTTP load | 8000 GET → http://localhost:8001/
[0;35m[MEASURE][0m dy-erlang-pure-28-4-3 | stopping Scaphandre + appending CSV …
[0;35m[MEASURE][0m dy-erlang-pure-28-4-3 | [0;32m8000/8000 ok[0m | 5.2s | 1546 req/s | results/2026-05-07_234827/dynamic/dy-erlang-pure-28-4-3.csv
[0;36m[PROGRESS][0m 278/406 (68%) | elapsed 6h16m | ETA ~2h53m | remaining 128 | dynamic HTTP | dy-erlang-pure-28-4-3 | level 5/13 | 10000 requests
[0;35m[MEASURE][0m dy-erlang-pure-28-4-3 | Docker start + HTTP readiness wait …
[0;35m[MEASURE][0m dy-erlang-pure-28-4-3 | Scaphandre power sampling + HTTP load | 10000 GET → http://localhost:8001/
[0;35m[MEASURE][0m dy-erlang-pure-28-4-3 | stopping Scaphandre + appending CSV …
[0;35m[MEASURE][0m dy-erlang-pure-28-4-3 | [0;32m10000/10000 ok[0m | 6.8s | 1461 req/s | results/2026-05-07_234827/dynamic/dy-erlang-pure-28-4-3.csv
[0;36m[PROGRESS][0m 279/406 (68%) | elapsed 6h17m | ETA ~2h51m | remaining 127 | dynamic HTTP | dy-erlang-pure-28-4-3 | level 6/13 | 15000 requests
[0;35m[MEASURE][0m dy-erlang-pure-28-4-3 | Docker start + HTTP readiness wait …
[0;35m[MEASURE][0m dy-erlang-pure-28-4-3 | Scaphandre power sampling + HTTP load | 15000 GET → http://localhost:8001/
[0;35m[MEASURE][0m dy-erlang-pure-28-4-3 | stopping Scaphandre + appending CSV …
[0;35m[MEASURE][0m dy-erlang-pure-28-4-3 | [0;32m15000/15000 ok[0m | 10.8s | 1390 req/s | results/2026-05-07_234827/dynamic/dy-erlang-pure-28-4-3.csv
[0;36m[PROGRESS][0m 280/406 (68%) | elapsed 6h18m | ETA ~2h50m | remaining 126 | dynamic HTTP | dy-erlang-pure-28-4-3 | level 7/13 | 20000 requests
[0;35m[MEASURE][0m dy-erlang-pure-28-4-3 | Docker start + HTTP readiness wait …
[0;35m[MEASURE][0m dy-erlang-pure-28-4-3 | Scaphandre power sampling + HTTP load | 20000 GET → http://localhost:8001/
[0;35m[MEASURE][0m dy-erlang-pure-28-4-3 | stopping Scaphandre + appending CSV …
[0;35m[MEASURE][0m dy-erlang-pure-28-4-3 | [0;32m20000/20000 ok[0m | 15.9s | 1259 req/s | results/2026-05-07_234827/dynamic/dy-erlang-pure-28-4-3.csv
[0;36m[PROGRESS][0m 281/406 (69%) | elapsed 6h19m | ETA ~2h48m | remaining 125 | dynamic HTTP | dy-erlang-pure-28-4-3 | level 8/13 | 30000 requests
[0;35m[MEASURE][0m dy-erlang-pure-28-4-3 | Docker start + HTTP readiness wait …
[0;35m[MEASURE][0m dy-erlang-pure-28-4-3 | Scaphandre power sampling + HTTP load | 30000 GET → http://localhost:8001/
[0;35m[MEASURE][0m dy-erlang-pure-28-4-3 | stopping Scaphandre + appending CSV …
[0;35m[MEASURE][0m dy-erlang-pure-28-4-3 | [0;32m30000/30000 ok[0m | 23.2s | 1294 req/s | results/2026-05-07_234827/dynamic/dy-erlang-pure-28-4-3.csv
[0;36m[PROGRESS][0m 282/406 (69%) | elapsed 6h20m | ETA ~2h47m | remaining 124 | dynamic HTTP | dy-erlang-pure-28-4-3 | level 9/13 | 40000 requests
[0;35m[MEASURE][0m dy-erlang-pure-28-4-3 | Docker start + HTTP readiness wait …
[0;35m[MEASURE][0m dy-erlang-pure-28-4-3 | Scaphandre power sampling + HTTP load | 40000 GET → http://localhost:8001/
[0;35m[MEASURE][0m dy-erlang-pure-28-4-3 | stopping Scaphandre + appending CSV …
[0;35m[MEASURE][0m dy-erlang-pure-28-4-3 | [0;32m40000/40000 ok[0m | 31.9s | 1252 req/s | results/2026-05-07_234827/dynamic/dy-erlang-pure-28-4-3.csv
[0;36m[PROGRESS][0m 283/406 (69%) | elapsed 6h22m | ETA ~2h46m | remaining 123 | dynamic HTTP | dy-erlang-pure-28-4-3 | level 10/13 | 50000 requests
[0;35m[MEASURE][0m dy-erlang-pure-28-4-3 | Docker start + HTTP readiness wait …
[0;35m[MEASURE][0m dy-erlang-pure-28-4-3 | Scaphandre power sampling + HTTP load | 50000 GET → http://localhost:8001/
[0;35m[MEASURE][0m dy-erlang-pure-28-4-3 | stopping Scaphandre + appending CSV …
[0;35m[MEASURE][0m dy-erlang-pure-28-4-3 | [0;32m50000/50000 ok[0m | 40.5s | 1234 req/s | results/2026-05-07_234827/dynamic/dy-erlang-pure-28-4-3.csv
[0;36m[PROGRESS][0m 284/406 (69%) | elapsed 6h23m | ETA ~2h44m | remaining 122 | dynamic HTTP | dy-erlang-pure-28-4-3 | level 11/13 | 60000 requests
[0;35m[MEASURE][0m dy-erlang-pure-28-4-3 | Docker start + HTTP readiness wait …
[0;35m[MEASURE][0m dy-erlang-pure-28-4-3 | Scaphandre power sampling + HTTP load | 60000 GET → http://localhost:8001/
[0;35m[MEASURE][0m dy-erlang-pure-28-4-3 | stopping Scaphandre + appending CSV …
[0;35m[MEASURE][0m dy-erlang-pure-28-4-3 | [0;32m60000/60000 ok[0m | 49.3s | 1217 req/s | results/2026-05-07_234827/dynamic/dy-erlang-pure-28-4-3.csv
[0;36m[PROGRESS][0m 285/406 (70%) | elapsed 6h25m | ETA ~2h43m | remaining 121 | dynamic HTTP | dy-erlang-pure-28-4-3 | level 12/13 | 70000 requests
[0;35m[MEASURE][0m dy-erlang-pure-28-4-3 | Docker start + HTTP readiness wait …
[0;35m[MEASURE][0m dy-erlang-pure-28-4-3 | Scaphandre power sampling + HTTP load | 70000 GET → http://localhost:8001/
[0;35m[MEASURE][0m dy-erlang-pure-28-4-3 | stopping Scaphandre + appending CSV …
[0;35m[MEASURE][0m dy-erlang-pure-28-4-3 | [0;32m70000/70000 ok[0m | 59.8s | 1171 req/s | results/2026-05-07_234827/dynamic/dy-erlang-pure-28-4-3.csv
[0;36m[PROGRESS][0m 286/406 (70%) | elapsed 6h26m | ETA ~2h42m | remaining 120 | dynamic HTTP | dy-erlang-pure-28-4-3 | level 13/13 | 80000 requests
[0;35m[MEASURE][0m dy-erlang-pure-28-4-3 | Docker start + HTTP readiness wait …
[0;35m[MEASURE][0m dy-erlang-pure-28-4-3 | Scaphandre power sampling + HTTP load | 80000 GET → http://localhost:8001/
[0;35m[MEASURE][0m dy-erlang-pure-28-4-3 | HTTP requests 70757/80000 (60s elapsed)
[0;35m[MEASURE][0m dy-erlang-pure-28-4-3 | stopping Scaphandre + appending CSV …
[0;35m[MEASURE][0m dy-erlang-pure-28-4-3 | [0;32m80000/80000 ok[0m | 72.2s | 1108 req/s | results/2026-05-07_234827/dynamic/dy-erlang-pure-28-4-3.csv

[0;34m=== WebSocket Tests ===[0m
Running WebSocket tests for ws-elixir-bandit-1-8-5 on port 8001
[0;36m[PROGRESS][0m 287/406 (70%) | elapsed 6h28m | ETA ~2h41m | remaining 119 | WebSocket burst/stream | ws-elixir-bandit-1-8-5 | BURST 1/9 | clients=5 size_kb=8 bursts=3 interval=0.5s
[0;35m[MEASURE][0m ws-elixir-bandit-1-8-5 | Docker start + WebSocket readiness wait …
[0;35m[MEASURE][0m ws-elixir-bandit-1-8-5 | Scaphandre power sampling + WebSocket load | burst | clients=5 size_kb=8 bursts=3 interval=0.5s
[0;35m[MEASURE][0m ws-elixir-bandit-1-8-5 | stopping Scaphandre + appending CSV …
[0;35m[MEASURE][0m ws-elixir-bandit-1-8-5 | [0;32m15/15 ok[0m | 1.5s | 10 msg/s | results/2026-05-07_234827/websocket/ws-elixir-bandit-1-8-5_burst.csv
[0;36m[PROGRESS][0m 288/406 (70%) | elapsed 6h29m | ETA ~2h39m | remaining 118 | WebSocket burst/stream | ws-elixir-bandit-1-8-5 | BURST 2/9 | clients=5 size_kb=1024 bursts=3 interval=0.5s
[0;35m[MEASURE][0m ws-elixir-bandit-1-8-5 | Docker start + WebSocket readiness wait …
[0;35m[MEASURE][0m ws-elixir-bandit-1-8-5 | Scaphandre power sampling + WebSocket load | burst | clients=5 size_kb=1024 bursts=3 interval=0.5s
[0;35m[MEASURE][0m ws-elixir-bandit-1-8-5 | stopping Scaphandre + appending CSV …
[0;35m[MEASURE][0m ws-elixir-bandit-1-8-5 | [0;32m15/15 ok[0m | 1.6s | 10 msg/s | results/2026-05-07_234827/websocket/ws-elixir-bandit-1-8-5_burst.csv
[0;36m[PROGRESS][0m 289/406 (71%) | elapsed 6h30m | ETA ~2h38m | remaining 117 | WebSocket burst/stream | ws-elixir-bandit-1-8-5 | BURST 3/9 | clients=5 size_kb=65536 bursts=3 interval=0.5s
[0;35m[MEASURE][0m ws-elixir-bandit-1-8-5 | Docker start + WebSocket readiness wait …
[0;35m[MEASURE][0m ws-elixir-bandit-1-8-5 | Scaphandre power sampling + WebSocket load | burst | clients=5 size_kb=65536 bursts=3 interval=0.5s
[0;35m[MEASURE][0m ws-elixir-bandit-1-8-5 | stopping Scaphandre + appending CSV …
[0;35m[MEASURE][0m ws-elixir-bandit-1-8-5 | [0;32m15/15 ok[0m | 3.7s | 4 msg/s | results/2026-05-07_234827/websocket/ws-elixir-bandit-1-8-5_burst.csv
[0;36m[PROGRESS][0m 290/406 (71%) | elapsed 6h31m | ETA ~2h36m | remaining 116 | WebSocket burst/stream | ws-elixir-bandit-1-8-5 | BURST 4/9 | clients=50 size_kb=8 bursts=3 interval=0.5s
[0;35m[MEASURE][0m ws-elixir-bandit-1-8-5 | Docker start + WebSocket readiness wait …
[0;35m[MEASURE][0m ws-elixir-bandit-1-8-5 | Scaphandre power sampling + WebSocket load | burst | clients=50 size_kb=8 bursts=3 interval=0.5s
[0;35m[MEASURE][0m ws-elixir-bandit-1-8-5 | stopping Scaphandre + appending CSV …
[0;35m[MEASURE][0m ws-elixir-bandit-1-8-5 | [0;32m150/150 ok[0m | 1.7s | 91 msg/s | results/2026-05-07_234827/websocket/ws-elixir-bandit-1-8-5_burst.csv
[0;36m[PROGRESS][0m 291/406 (71%) | elapsed 6h32m | ETA ~2h34m | remaining 115 | WebSocket burst/stream | ws-elixir-bandit-1-8-5 | BURST 5/9 | clients=50 size_kb=1024 bursts=3 interval=0.5s
[0;35m[MEASURE][0m ws-elixir-bandit-1-8-5 | Docker start + WebSocket readiness wait …
[0;35m[MEASURE][0m ws-elixir-bandit-1-8-5 | Scaphandre power sampling + WebSocket load | burst | clients=50 size_kb=1024 bursts=3 interval=0.5s
[0;35m[MEASURE][0m ws-elixir-bandit-1-8-5 | stopping Scaphandre + appending CSV …
[0;35m[MEASURE][0m ws-elixir-bandit-1-8-5 | [0;32m150/150 ok[0m | 2.0s | 76 msg/s | results/2026-05-07_234827/websocket/ws-elixir-bandit-1-8-5_burst.csv
[0;36m[PROGRESS][0m 292/406 (71%) | elapsed 6h32m | ETA ~2h33m | remaining 114 | WebSocket burst/stream | ws-elixir-bandit-1-8-5 | BURST 6/9 | clients=50 size_kb=65536 bursts=3 interval=0.5s
[0;35m[MEASURE][0m ws-elixir-bandit-1-8-5 | Docker start + WebSocket readiness wait …
[0;35m[MEASURE][0m ws-elixir-bandit-1-8-5 | Scaphandre power sampling + WebSocket load | burst | clients=50 size_kb=65536 bursts=3 interval=0.5s
[0;35m[MEASURE][0m ws-elixir-bandit-1-8-5 | stopping Scaphandre + appending CSV …
[0;35m[MEASURE][0m ws-elixir-bandit-1-8-5 | [0;32m150/150 ok[0m | 24.4s | 6 msg/s | results/2026-05-07_234827/websocket/ws-elixir-bandit-1-8-5_burst.csv
[0;36m[PROGRESS][0m 293/406 (72%) | elapsed 6h33m | ETA ~2h31m | remaining 113 | WebSocket burst/stream | ws-elixir-bandit-1-8-5 | BURST 7/9 | clients=100 size_kb=8 bursts=3 interval=0.5s
[0;35m[MEASURE][0m ws-elixir-bandit-1-8-5 | Docker start + WebSocket readiness wait …
[0;35m[MEASURE][0m ws-elixir-bandit-1-8-5 | Scaphandre power sampling + WebSocket load | burst | clients=100 size_kb=8 bursts=3 interval=0.5s
[0;35m[MEASURE][0m ws-elixir-bandit-1-8-5 | stopping Scaphandre + appending CSV …
[0;35m[MEASURE][0m ws-elixir-bandit-1-8-5 | [0;32m300/300 ok[0m | 1.7s | 173 msg/s | results/2026-05-07_234827/websocket/ws-elixir-bandit-1-8-5_burst.csv
[0;36m[PROGRESS][0m 294/406 (72%) | elapsed 6h34m | ETA ~2h30m | remaining 112 | WebSocket burst/stream | ws-elixir-bandit-1-8-5 | BURST 8/9 | clients=100 size_kb=1024 bursts=3 interval=0.5s
[0;35m[MEASURE][0m ws-elixir-bandit-1-8-5 | Docker start + WebSocket readiness wait …
[0;35m[MEASURE][0m ws-elixir-bandit-1-8-5 | Scaphandre power sampling + WebSocket load | burst | clients=100 size_kb=1024 bursts=3 interval=0.5s
[0;35m[MEASURE][0m ws-elixir-bandit-1-8-5 | stopping Scaphandre + appending CSV …
[0;35m[MEASURE][0m ws-elixir-bandit-1-8-5 | [0;32m300/300 ok[0m | 2.2s | 138 msg/s | results/2026-05-07_234827/websocket/ws-elixir-bandit-1-8-5_burst.csv
[0;36m[PROGRESS][0m 295/406 (72%) | elapsed 6h35m | ETA ~2h28m | remaining 111 | WebSocket burst/stream | ws-elixir-bandit-1-8-5 | BURST 9/9 | clients=100 size_kb=65536 bursts=3 interval=0.5s
[0;35m[MEASURE][0m ws-elixir-bandit-1-8-5 | Docker start + WebSocket readiness wait …
[0;35m[MEASURE][0m ws-elixir-bandit-1-8-5 | Scaphandre power sampling + WebSocket load | burst | clients=100 size_kb=65536 bursts=3 interval=0.5s
[0;35m[MEASURE][0m ws-elixir-bandit-1-8-5 | WebSocket messages 117 (60s elapsed)
[0;35m[MEASURE][0m ws-elixir-bandit-1-8-5 | stopping Scaphandre + appending CSV …
[0;35m[MEASURE][0m ws-elixir-bandit-1-8-5 | [0;32m300/300 ok[0m | 106.7s | 3 msg/s | results/2026-05-07_234827/websocket/ws-elixir-bandit-1-8-5_burst.csv
[0;36m[PROGRESS][0m 296/406 (72%) | elapsed 6h38m | ETA ~2h27m | remaining 110 | WebSocket burst/stream | ws-elixir-bandit-1-8-5 | STREAM 1/9 | clients=5 size_kb=8 rate=10 duration=5s
[0;35m[MEASURE][0m ws-elixir-bandit-1-8-5 | Docker start + WebSocket readiness wait …
[0;35m[MEASURE][0m ws-elixir-bandit-1-8-5 | Scaphandre power sampling + WebSocket load | stream | clients=5 size_kb=8 rate=10/s duration=5s
[0;35m[MEASURE][0m ws-elixir-bandit-1-8-5 | stopping Scaphandre + appending CSV …
[0;35m[MEASURE][0m ws-elixir-bandit-1-8-5 | [0;32m245/245 ok[0m | 5.0s | 49 msg/s | results/2026-05-07_234827/websocket/ws-elixir-bandit-1-8-5_stream.csv
[0;36m[PROGRESS][0m 297/406 (73%) | elapsed 6h38m | ETA ~2h26m | remaining 109 | WebSocket burst/stream | ws-elixir-bandit-1-8-5 | STREAM 2/9 | clients=5 size_kb=1024 rate=10 duration=5s
[0;35m[MEASURE][0m ws-elixir-bandit-1-8-5 | Docker start + WebSocket readiness wait …
[0;35m[MEASURE][0m ws-elixir-bandit-1-8-5 | Scaphandre power sampling + WebSocket load | stream | clients=5 size_kb=1024 rate=10/s duration=5s
[0;35m[MEASURE][0m ws-elixir-bandit-1-8-5 | stopping Scaphandre + appending CSV …
[0;35m[MEASURE][0m ws-elixir-bandit-1-8-5 | [0;32m210/210 ok[0m | 5.1s | 41 msg/s | results/2026-05-07_234827/websocket/ws-elixir-bandit-1-8-5_stream.csv
[0;36m[PROGRESS][0m 298/406 (73%) | elapsed 6h39m | ETA ~2h24m | remaining 108 | WebSocket burst/stream | ws-elixir-bandit-1-8-5 | STREAM 3/9 | clients=5 size_kb=65536 rate=10 duration=5s
[0;35m[MEASURE][0m ws-elixir-bandit-1-8-5 | Docker start + WebSocket readiness wait …
[0;35m[MEASURE][0m ws-elixir-bandit-1-8-5 | Scaphandre power sampling + WebSocket load | stream | clients=5 size_kb=65536 rate=10/s duration=5s
[0;35m[MEASURE][0m ws-elixir-bandit-1-8-5 | stopping Scaphandre + appending CSV …
[0;35m[MEASURE][0m ws-elixir-bandit-1-8-5 | [0;32m39/39 ok[0m | 5.8s | 7 msg/s | results/2026-05-07_234827/websocket/ws-elixir-bandit-1-8-5_stream.csv
[0;36m[PROGRESS][0m 299/406 (73%) | elapsed 6h40m | ETA ~2h23m | remaining 107 | WebSocket burst/stream | ws-elixir-bandit-1-8-5 | STREAM 4/9 | clients=50 size_kb=8 rate=10 duration=5s
[0;35m[MEASURE][0m ws-elixir-bandit-1-8-5 | Docker start + WebSocket readiness wait …
[0;35m[MEASURE][0m ws-elixir-bandit-1-8-5 | Scaphandre power sampling + WebSocket load | stream | clients=50 size_kb=8 rate=10/s duration=5s
[0;35m[MEASURE][0m ws-elixir-bandit-1-8-5 | stopping Scaphandre + appending CSV …
[0;35m[MEASURE][0m ws-elixir-bandit-1-8-5 | [0;32m2450/2450 ok[0m | 5.2s | 472 msg/s | results/2026-05-07_234827/websocket/ws-elixir-bandit-1-8-5_stream.csv
[0;36m[PROGRESS][0m 300/406 (73%) | elapsed 6h41m | ETA ~2h21m | remaining 106 | WebSocket burst/stream | ws-elixir-bandit-1-8-5 | STREAM 5/9 | clients=50 size_kb=1024 rate=10 duration=5s
[0;35m[MEASURE][0m ws-elixir-bandit-1-8-5 | Docker start + WebSocket readiness wait …
[0;35m[MEASURE][0m ws-elixir-bandit-1-8-5 | Scaphandre power sampling + WebSocket load | stream | clients=50 size_kb=1024 rate=10/s duration=5s
[0;35m[MEASURE][0m ws-elixir-bandit-1-8-5 | stopping Scaphandre + appending CSV …
[0;35m[MEASURE][0m ws-elixir-bandit-1-8-5 | [0;32m1788/1788 ok[0m | 5.4s | 334 msg/s | results/2026-05-07_234827/websocket/ws-elixir-bandit-1-8-5_stream.csv
[0;36m[PROGRESS][0m 301/406 (74%) | elapsed 6h42m | ETA ~2h20m | remaining 105 | WebSocket burst/stream | ws-elixir-bandit-1-8-5 | STREAM 6/9 | clients=50 size_kb=65536 rate=10 duration=5s
[0;35m[MEASURE][0m ws-elixir-bandit-1-8-5 | Docker start + WebSocket readiness wait …
[0;35m[MEASURE][0m ws-elixir-bandit-1-8-5 | Scaphandre power sampling + WebSocket load | stream | clients=50 size_kb=65536 rate=10/s duration=5s
[0;35m[MEASURE][0m ws-elixir-bandit-1-8-5 | stopping Scaphandre + appending CSV …
[0;35m[MEASURE][0m ws-elixir-bandit-1-8-5 | [0;32m53/53 ok[0m | 11.7s | 5 msg/s | results/2026-05-07_234827/websocket/ws-elixir-bandit-1-8-5_stream.csv
[0;36m[PROGRESS][0m 302/406 (74%) | elapsed 6h43m | ETA ~2h18m | remaining 104 | WebSocket burst/stream | ws-elixir-bandit-1-8-5 | STREAM 7/9 | clients=100 size_kb=8 rate=10 duration=5s
[0;35m[MEASURE][0m ws-elixir-bandit-1-8-5 | Docker start + WebSocket readiness wait …
[0;35m[MEASURE][0m ws-elixir-bandit-1-8-5 | Scaphandre power sampling + WebSocket load | stream | clients=100 size_kb=8 rate=10/s duration=5s
[0;35m[MEASURE][0m ws-elixir-bandit-1-8-5 | stopping Scaphandre + appending CSV …
[0;35m[MEASURE][0m ws-elixir-bandit-1-8-5 | [0;32m4900/4900 ok[0m | 5.3s | 932 msg/s | results/2026-05-07_234827/websocket/ws-elixir-bandit-1-8-5_stream.csv
[0;36m[PROGRESS][0m 303/406 (74%) | elapsed 6h43m | ETA ~2h17m | remaining 103 | WebSocket burst/stream | ws-elixir-bandit-1-8-5 | STREAM 8/9 | clients=100 size_kb=1024 rate=10 duration=5s
[0;35m[MEASURE][0m ws-elixir-bandit-1-8-5 | Docker start + WebSocket readiness wait …
[0;35m[MEASURE][0m ws-elixir-bandit-1-8-5 | Scaphandre power sampling + WebSocket load | stream | clients=100 size_kb=1024 rate=10/s duration=5s
[0;35m[MEASURE][0m ws-elixir-bandit-1-8-5 | stopping Scaphandre + appending CSV …
[0;35m[MEASURE][0m ws-elixir-bandit-1-8-5 | [0;32m2658/2658 ok[0m | 5.5s | 487 msg/s | results/2026-05-07_234827/websocket/ws-elixir-bandit-1-8-5_stream.csv
[0;36m[PROGRESS][0m 304/406 (74%) | elapsed 6h44m | ETA ~2h15m | remaining 102 | WebSocket burst/stream | ws-elixir-bandit-1-8-5 | STREAM 9/9 | clients=100 size_kb=65536 rate=10 duration=5s
[0;35m[MEASURE][0m ws-elixir-bandit-1-8-5 | Docker start + WebSocket readiness wait …
[0;35m[MEASURE][0m ws-elixir-bandit-1-8-5 | Scaphandre power sampling + WebSocket load | stream | clients=100 size_kb=65536 rate=10/s duration=5s
[0;35m[MEASURE][0m ws-elixir-bandit-1-8-5 | stopping Scaphandre + appending CSV …
[0;35m[MEASURE][0m ws-elixir-bandit-1-8-5 | [0;32m100/100 ok[0m | 23.8s | 4 msg/s | results/2026-05-07_234827/websocket/ws-elixir-bandit-1-8-5_stream.csv
Running WebSocket tests for ws-elixir-cowboy-1-19-5 on port 8001
[0;36m[PROGRESS][0m 305/406 (75%) | elapsed 6h45m | ETA ~2h14m | remaining 101 | WebSocket burst/stream | ws-elixir-cowboy-1-19-5 | BURST 1/9 | clients=5 size_kb=8 bursts=3 interval=0.5s
[0;35m[MEASURE][0m ws-elixir-cowboy-1-19-5 | Docker start + WebSocket readiness wait …
[0;35m[MEASURE][0m ws-elixir-cowboy-1-19-5 | Scaphandre power sampling + WebSocket load | burst | clients=5 size_kb=8 bursts=3 interval=0.5s
[0;35m[MEASURE][0m ws-elixir-cowboy-1-19-5 | stopping Scaphandre + appending CSV …
[0;35m[MEASURE][0m ws-elixir-cowboy-1-19-5 | [0;32m15/15 ok[0m | 1.5s | 10 msg/s | results/2026-05-07_234827/websocket/ws-elixir-cowboy-1-19-5_burst.csv
[0;36m[PROGRESS][0m 306/406 (75%) | elapsed 6h46m | ETA ~2h12m | remaining 100 | WebSocket burst/stream | ws-elixir-cowboy-1-19-5 | BURST 2/9 | clients=5 size_kb=1024 bursts=3 interval=0.5s
[0;35m[MEASURE][0m ws-elixir-cowboy-1-19-5 | Docker start + WebSocket readiness wait …
[0;35m[MEASURE][0m ws-elixir-cowboy-1-19-5 | Scaphandre power sampling + WebSocket load | burst | clients=5 size_kb=1024 bursts=3 interval=0.5s
[0;35m[MEASURE][0m ws-elixir-cowboy-1-19-5 | stopping Scaphandre + appending CSV …
[0;35m[MEASURE][0m ws-elixir-cowboy-1-19-5 | [0;32m15/15 ok[0m | 1.6s | 10 msg/s | results/2026-05-07_234827/websocket/ws-elixir-cowboy-1-19-5_burst.csv
[0;36m[PROGRESS][0m 307/406 (75%) | elapsed 6h47m | ETA ~2h11m | remaining 99 | WebSocket burst/stream | ws-elixir-cowboy-1-19-5 | BURST 3/9 | clients=5 size_kb=65536 bursts=3 interval=0.5s
[0;35m[MEASURE][0m ws-elixir-cowboy-1-19-5 | Docker start + WebSocket readiness wait …
[0;35m[MEASURE][0m ws-elixir-cowboy-1-19-5 | Scaphandre power sampling + WebSocket load | burst | clients=5 size_kb=65536 bursts=3 interval=0.5s
[0;35m[MEASURE][0m ws-elixir-cowboy-1-19-5 | stopping Scaphandre + appending CSV …
[0;35m[MEASURE][0m ws-elixir-cowboy-1-19-5 | [0;32m15/15 ok[0m | 3.4s | 4 msg/s | results/2026-05-07_234827/websocket/ws-elixir-cowboy-1-19-5_burst.csv
[0;36m[PROGRESS][0m 308/406 (75%) | elapsed 6h48m | ETA ~2h09m | remaining 98 | WebSocket burst/stream | ws-elixir-cowboy-1-19-5 | BURST 4/9 | clients=50 size_kb=8 bursts=3 interval=0.5s
[0;35m[MEASURE][0m ws-elixir-cowboy-1-19-5 | Docker start + WebSocket readiness wait …
[0;35m[MEASURE][0m ws-elixir-cowboy-1-19-5 | Scaphandre power sampling + WebSocket load | burst | clients=50 size_kb=8 bursts=3 interval=0.5s
[0;35m[MEASURE][0m ws-elixir-cowboy-1-19-5 | stopping Scaphandre + appending CSV …
[0;35m[MEASURE][0m ws-elixir-cowboy-1-19-5 | [0;32m150/150 ok[0m | 1.7s | 91 msg/s | results/2026-05-07_234827/websocket/ws-elixir-cowboy-1-19-5_burst.csv
[0;36m[PROGRESS][0m 309/406 (76%) | elapsed 6h49m | ETA ~2h08m | remaining 97 | WebSocket burst/stream | ws-elixir-cowboy-1-19-5 | BURST 5/9 | clients=50 size_kb=1024 bursts=3 interval=0.5s
[0;35m[MEASURE][0m ws-elixir-cowboy-1-19-5 | Docker start + WebSocket readiness wait …
[0;35m[MEASURE][0m ws-elixir-cowboy-1-19-5 | Scaphandre power sampling + WebSocket load | burst | clients=50 size_kb=1024 bursts=3 interval=0.5s
[0;35m[MEASURE][0m ws-elixir-cowboy-1-19-5 | stopping Scaphandre + appending CSV …
[0;35m[MEASURE][0m ws-elixir-cowboy-1-19-5 | [0;32m150/150 ok[0m | 1.9s | 77 msg/s | results/2026-05-07_234827/websocket/ws-elixir-cowboy-1-19-5_burst.csv
[0;36m[PROGRESS][0m 310/406 (76%) | elapsed 6h49m | ETA ~2h06m | remaining 96 | WebSocket burst/stream | ws-elixir-cowboy-1-19-5 | BURST 6/9 | clients=50 size_kb=65536 bursts=3 interval=0.5s
[0;35m[MEASURE][0m ws-elixir-cowboy-1-19-5 | Docker start + WebSocket readiness wait …
[0;35m[MEASURE][0m ws-elixir-cowboy-1-19-5 | Scaphandre power sampling + WebSocket load | burst | clients=50 size_kb=65536 bursts=3 interval=0.5s
[0;35m[MEASURE][0m ws-elixir-cowboy-1-19-5 | stopping Scaphandre + appending CSV …
[0;35m[MEASURE][0m ws-elixir-cowboy-1-19-5 | [0;32m150/150 ok[0m | 24.4s | 6 msg/s | results/2026-05-07_234827/websocket/ws-elixir-cowboy-1-19-5_burst.csv
[0;36m[PROGRESS][0m 311/406 (76%) | elapsed 6h50m | ETA ~2h05m | remaining 95 | WebSocket burst/stream | ws-elixir-cowboy-1-19-5 | BURST 7/9 | clients=100 size_kb=8 bursts=3 interval=0.5s
[0;35m[MEASURE][0m ws-elixir-cowboy-1-19-5 | Docker start + WebSocket readiness wait …
[0;35m[MEASURE][0m ws-elixir-cowboy-1-19-5 | Scaphandre power sampling + WebSocket load | burst | clients=100 size_kb=8 bursts=3 interval=0.5s
[0;35m[MEASURE][0m ws-elixir-cowboy-1-19-5 | stopping Scaphandre + appending CSV …
[0;35m[MEASURE][0m ws-elixir-cowboy-1-19-5 | [0;32m300/300 ok[0m | 1.7s | 177 msg/s | results/2026-05-07_234827/websocket/ws-elixir-cowboy-1-19-5_burst.csv
[0;36m[PROGRESS][0m 312/406 (76%) | elapsed 6h51m | ETA ~2h04m | remaining 94 | WebSocket burst/stream | ws-elixir-cowboy-1-19-5 | BURST 8/9 | clients=100 size_kb=1024 bursts=3 interval=0.5s
[0;35m[MEASURE][0m ws-elixir-cowboy-1-19-5 | Docker start + WebSocket readiness wait …
[0;35m[MEASURE][0m ws-elixir-cowboy-1-19-5 | Scaphandre power sampling + WebSocket load | burst | clients=100 size_kb=1024 bursts=3 interval=0.5s
[0;35m[MEASURE][0m ws-elixir-cowboy-1-19-5 | stopping Scaphandre + appending CSV …
[0;35m[MEASURE][0m ws-elixir-cowboy-1-19-5 | [0;32m300/300 ok[0m | 2.2s | 135 msg/s | results/2026-05-07_234827/websocket/ws-elixir-cowboy-1-19-5_burst.csv
[0;36m[PROGRESS][0m 313/406 (77%) | elapsed 6h52m | ETA ~2h02m | remaining 93 | WebSocket burst/stream | ws-elixir-cowboy-1-19-5 | BURST 9/9 | clients=100 size_kb=65536 bursts=3 interval=0.5s
[0;35m[MEASURE][0m ws-elixir-cowboy-1-19-5 | Docker start + WebSocket readiness wait …
[0;35m[MEASURE][0m ws-elixir-cowboy-1-19-5 | Scaphandre power sampling + WebSocket load | burst | clients=100 size_kb=65536 bursts=3 interval=0.5s
[0;35m[MEASURE][0m ws-elixir-cowboy-1-19-5 | WebSocket messages 208 (60s elapsed)
[0;35m[MEASURE][0m ws-elixir-cowboy-1-19-5 | stopping Scaphandre + appending CSV …
[0;35m[MEASURE][0m ws-elixir-cowboy-1-19-5 | [0;32m300/300 ok[0m | 64.8s | 5 msg/s | results/2026-05-07_234827/websocket/ws-elixir-cowboy-1-19-5_burst.csv
[0;36m[PROGRESS][0m 314/406 (77%) | elapsed 6h54m | ETA ~2h01m | remaining 92 | WebSocket burst/stream | ws-elixir-cowboy-1-19-5 | STREAM 1/9 | clients=5 size_kb=8 rate=10 duration=5s
[0;35m[MEASURE][0m ws-elixir-cowboy-1-19-5 | Docker start + WebSocket readiness wait …
[0;35m[MEASURE][0m ws-elixir-cowboy-1-19-5 | Scaphandre power sampling + WebSocket load | stream | clients=5 size_kb=8 rate=10/s duration=5s
[0;35m[MEASURE][0m ws-elixir-cowboy-1-19-5 | stopping Scaphandre + appending CSV …
[0;35m[MEASURE][0m ws-elixir-cowboy-1-19-5 | [0;32m245/245 ok[0m | 5.0s | 49 msg/s | results/2026-05-07_234827/websocket/ws-elixir-cowboy-1-19-5_stream.csv
[0;36m[PROGRESS][0m 315/406 (77%) | elapsed 6h55m | ETA ~1h59m | remaining 91 | WebSocket burst/stream | ws-elixir-cowboy-1-19-5 | STREAM 2/9 | clients=5 size_kb=1024 rate=10 duration=5s
[0;35m[MEASURE][0m ws-elixir-cowboy-1-19-5 | Docker start + WebSocket readiness wait …
[0;35m[MEASURE][0m ws-elixir-cowboy-1-19-5 | Scaphandre power sampling + WebSocket load | stream | clients=5 size_kb=1024 rate=10/s duration=5s
[0;35m[MEASURE][0m ws-elixir-cowboy-1-19-5 | stopping Scaphandre + appending CSV …
[0;35m[MEASURE][0m ws-elixir-cowboy-1-19-5 | [0;32m222/222 ok[0m | 5.1s | 43 msg/s | results/2026-05-07_234827/websocket/ws-elixir-cowboy-1-19-5_stream.csv
[0;36m[PROGRESS][0m 316/406 (77%) | elapsed 6h56m | ETA ~1h58m | remaining 90 | WebSocket burst/stream | ws-elixir-cowboy-1-19-5 | STREAM 3/9 | clients=5 size_kb=65536 rate=10 duration=5s
[0;35m[MEASURE][0m ws-elixir-cowboy-1-19-5 | Docker start + WebSocket readiness wait …
[0;35m[MEASURE][0m ws-elixir-cowboy-1-19-5 | Scaphandre power sampling + WebSocket load | stream | clients=5 size_kb=65536 rate=10/s duration=5s
[0;35m[MEASURE][0m ws-elixir-cowboy-1-19-5 | stopping Scaphandre + appending CSV …
[0;35m[MEASURE][0m ws-elixir-cowboy-1-19-5 | [0;32m46/46 ok[0m | 5.7s | 8 msg/s | results/2026-05-07_234827/websocket/ws-elixir-cowboy-1-19-5_stream.csv
[0;36m[PROGRESS][0m 317/406 (78%) | elapsed 6h56m | ETA ~1h57m | remaining 89 | WebSocket burst/stream | ws-elixir-cowboy-1-19-5 | STREAM 4/9 | clients=50 size_kb=8 rate=10 duration=5s
[0;35m[MEASURE][0m ws-elixir-cowboy-1-19-5 | Docker start + WebSocket readiness wait …
[0;35m[MEASURE][0m ws-elixir-cowboy-1-19-5 | Scaphandre power sampling + WebSocket load | stream | clients=50 size_kb=8 rate=10/s duration=5s
[0;35m[MEASURE][0m ws-elixir-cowboy-1-19-5 | stopping Scaphandre + appending CSV …
[0;35m[MEASURE][0m ws-elixir-cowboy-1-19-5 | [0;32m2450/2450 ok[0m | 5.2s | 468 msg/s | results/2026-05-07_234827/websocket/ws-elixir-cowboy-1-19-5_stream.csv
[0;36m[PROGRESS][0m 318/406 (78%) | elapsed 6h57m | ETA ~1h55m | remaining 88 | WebSocket burst/stream | ws-elixir-cowboy-1-19-5 | STREAM 5/9 | clients=50 size_kb=1024 rate=10 duration=5s
[0;35m[MEASURE][0m ws-elixir-cowboy-1-19-5 | Docker start + WebSocket readiness wait …
[0;35m[MEASURE][0m ws-elixir-cowboy-1-19-5 | Scaphandre power sampling + WebSocket load | stream | clients=50 size_kb=1024 rate=10/s duration=5s
[0;35m[MEASURE][0m ws-elixir-cowboy-1-19-5 | stopping Scaphandre + appending CSV …
[0;35m[MEASURE][0m ws-elixir-cowboy-1-19-5 | [0;32m1335/1335 ok[0m | 5.3s | 252 msg/s | results/2026-05-07_234827/websocket/ws-elixir-cowboy-1-19-5_stream.csv
[0;36m[PROGRESS][0m 319/406 (78%) | elapsed 6h58m | ETA ~1h54m | remaining 87 | WebSocket burst/stream | ws-elixir-cowboy-1-19-5 | STREAM 6/9 | clients=50 size_kb=65536 rate=10 duration=5s
[0;35m[MEASURE][0m ws-elixir-cowboy-1-19-5 | Docker start + WebSocket readiness wait …
[0;35m[MEASURE][0m ws-elixir-cowboy-1-19-5 | Scaphandre power sampling + WebSocket load | stream | clients=50 size_kb=65536 rate=10/s duration=5s
[0;35m[MEASURE][0m ws-elixir-cowboy-1-19-5 | stopping Scaphandre + appending CSV …
[0;35m[MEASURE][0m ws-elixir-cowboy-1-19-5 | [0;32m52/52 ok[0m | 11.1s | 5 msg/s | results/2026-05-07_234827/websocket/ws-elixir-cowboy-1-19-5_stream.csv
[0;36m[PROGRESS][0m 320/406 (78%) | elapsed 6h59m | ETA ~1h52m | remaining 86 | WebSocket burst/stream | ws-elixir-cowboy-1-19-5 | STREAM 7/9 | clients=100 size_kb=8 rate=10 duration=5s
[0;35m[MEASURE][0m ws-elixir-cowboy-1-19-5 | Docker start + WebSocket readiness wait …
[0;35m[MEASURE][0m ws-elixir-cowboy-1-19-5 | Scaphandre power sampling + WebSocket load | stream | clients=100 size_kb=8 rate=10/s duration=5s
[0;35m[MEASURE][0m ws-elixir-cowboy-1-19-5 | stopping Scaphandre + appending CSV …
[0;35m[MEASURE][0m ws-elixir-cowboy-1-19-5 | [0;32m4876/4876 ok[0m | 5.3s | 925 msg/s | results/2026-05-07_234827/websocket/ws-elixir-cowboy-1-19-5_stream.csv
[0;36m[PROGRESS][0m 321/406 (79%) | elapsed 7h00m | ETA ~1h51m | remaining 85 | WebSocket burst/stream | ws-elixir-cowboy-1-19-5 | STREAM 8/9 | clients=100 size_kb=1024 rate=10 duration=5s
[0;35m[MEASURE][0m ws-elixir-cowboy-1-19-5 | Docker start + WebSocket readiness wait …
[0;35m[MEASURE][0m ws-elixir-cowboy-1-19-5 | Scaphandre power sampling + WebSocket load | stream | clients=100 size_kb=1024 rate=10/s duration=5s
[0;35m[MEASURE][0m ws-elixir-cowboy-1-19-5 | stopping Scaphandre + appending CSV …
[0;35m[MEASURE][0m ws-elixir-cowboy-1-19-5 | [0;32m3066/3066 ok[0m | 5.4s | 572 msg/s | results/2026-05-07_234827/websocket/ws-elixir-cowboy-1-19-5_stream.csv
[0;36m[PROGRESS][0m 322/406 (79%) | elapsed 7h01m | ETA ~1h49m | remaining 84 | WebSocket burst/stream | ws-elixir-cowboy-1-19-5 | STREAM 9/9 | clients=100 size_kb=65536 rate=10 duration=5s
[0;35m[MEASURE][0m ws-elixir-cowboy-1-19-5 | Docker start + WebSocket readiness wait …
[0;35m[MEASURE][0m ws-elixir-cowboy-1-19-5 | Scaphandre power sampling + WebSocket load | stream | clients=100 size_kb=65536 rate=10/s duration=5s
[0;35m[MEASURE][0m ws-elixir-cowboy-1-19-5 | stopping Scaphandre + appending CSV …
[0;35m[MEASURE][0m ws-elixir-cowboy-1-19-5 | [0;32m100/100 ok[0m | 21.7s | 5 msg/s | results/2026-05-07_234827/websocket/ws-elixir-cowboy-1-19-5_stream.csv
Running WebSocket tests for ws-gleam-mist-1-15-2 on port 8001
[0;36m[PROGRESS][0m 323/406 (79%) | elapsed 7h02m | ETA ~1h48m | remaining 83 | WebSocket burst/stream | ws-gleam-mist-1-15-2 | BURST 1/9 | clients=5 size_kb=8 bursts=3 interval=0.5s
[0;35m[MEASURE][0m ws-gleam-mist-1-15-2 | Docker start + WebSocket readiness wait …
[0;35m[MEASURE][0m ws-gleam-mist-1-15-2 | Scaphandre power sampling + WebSocket load | burst | clients=5 size_kb=8 bursts=3 interval=0.5s
[0;35m[MEASURE][0m ws-gleam-mist-1-15-2 | stopping Scaphandre + appending CSV …
[0;35m[MEASURE][0m ws-gleam-mist-1-15-2 | [0;32m15/15 ok[0m | 1.5s | 10 msg/s | results/2026-05-07_234827/websocket/ws-gleam-mist-1-15-2_burst.csv
[0;36m[PROGRESS][0m 324/406 (79%) | elapsed 7h03m | ETA ~1h47m | remaining 82 | WebSocket burst/stream | ws-gleam-mist-1-15-2 | BURST 2/9 | clients=5 size_kb=1024 bursts=3 interval=0.5s
[0;35m[MEASURE][0m ws-gleam-mist-1-15-2 | Docker start + WebSocket readiness wait …
[0;35m[MEASURE][0m ws-gleam-mist-1-15-2 | Scaphandre power sampling + WebSocket load | burst | clients=5 size_kb=1024 bursts=3 interval=0.5s
[0;35m[MEASURE][0m ws-gleam-mist-1-15-2 | stopping Scaphandre + appending CSV …
[0;35m[MEASURE][0m ws-gleam-mist-1-15-2 | [0;32m15/15 ok[0m | 2.5s | 6 msg/s | results/2026-05-07_234827/websocket/ws-gleam-mist-1-15-2_burst.csv
[0;36m[PROGRESS][0m 325/406 (80%) | elapsed 7h04m | ETA ~1h45m | remaining 81 | WebSocket burst/stream | ws-gleam-mist-1-15-2 | BURST 3/9 | clients=5 size_kb=65536 bursts=3 interval=0.5s
[0;35m[MEASURE][0m ws-gleam-mist-1-15-2 | Docker start + WebSocket readiness wait …
[0;35m[MEASURE][0m ws-gleam-mist-1-15-2 | Scaphandre power sampling + WebSocket load | burst | clients=5 size_kb=65536 bursts=3 interval=0.5s
[Client 2] WebSocket connection error: timed out during opening handshake
[Client 4] WebSocket connection error: timed out during opening handshake
[0;35m[MEASURE][0m ws-gleam-mist-1-15-2 | WebSocket messages 12 (60s elapsed)
[0;35m[MEASURE][0m ws-gleam-mist-1-15-2 | stopping Scaphandre + appending CSV …
[0;35m[MEASURE][0m ws-gleam-mist-1-15-2 | 9/15 | 77.4s | 0 msg/s | results/2026-05-07_234827/websocket/ws-gleam-mist-1-15-2_burst.csv
[0;36m[PROGRESS][0m 326/406 (80%) | elapsed 7h06m | ETA ~1h44m | remaining 80 | WebSocket burst/stream | ws-gleam-mist-1-15-2 | BURST 4/9 | clients=50 size_kb=8 bursts=3 interval=0.5s
[0;35m[MEASURE][0m ws-gleam-mist-1-15-2 | Docker start + WebSocket readiness wait …
[0;35m[MEASURE][0m ws-gleam-mist-1-15-2 | Scaphandre power sampling + WebSocket load | burst | clients=50 size_kb=8 bursts=3 interval=0.5s
[0;35m[MEASURE][0m ws-gleam-mist-1-15-2 | stopping Scaphandre + appending CSV …
[0;35m[MEASURE][0m ws-gleam-mist-1-15-2 | [0;32m150/150 ok[0m | 1.7s | 88 msg/s | results/2026-05-07_234827/websocket/ws-gleam-mist-1-15-2_burst.csv
[0;36m[PROGRESS][0m 327/406 (80%) | elapsed 7h07m | ETA ~1h43m | remaining 79 | WebSocket burst/stream | ws-gleam-mist-1-15-2 | BURST 5/9 | clients=50 size_kb=1024 bursts=3 interval=0.5s
[0;35m[MEASURE][0m ws-gleam-mist-1-15-2 | Docker start + WebSocket readiness wait …
[0;35m[MEASURE][0m ws-gleam-mist-1-15-2 | Scaphandre power sampling + WebSocket load | burst | clients=50 size_kb=1024 bursts=3 interval=0.5s
[0;35m[MEASURE][0m ws-gleam-mist-1-15-2 | stopping Scaphandre + appending CSV …
[0;35m[MEASURE][0m ws-gleam-mist-1-15-2 | [0;32m150/150 ok[0m | 11.1s | 14 msg/s | results/2026-05-07_234827/websocket/ws-gleam-mist-1-15-2_burst.csv
[0;36m[PROGRESS][0m 328/406 (80%) | elapsed 7h08m | ETA ~1h41m | remaining 78 | WebSocket burst/stream | ws-gleam-mist-1-15-2 | BURST 6/9 | clients=50 size_kb=65536 bursts=3 interval=0.5s
[0;35m[MEASURE][0m ws-gleam-mist-1-15-2 | Docker start + WebSocket readiness wait …
[0;35m[MEASURE][0m ws-gleam-mist-1-15-2 | Scaphandre power sampling + WebSocket load | burst | clients=50 size_kb=65536 bursts=3 interval=0.5s
[Client 5] WebSocket connection error: timed out during opening handshake
[Client 8] WebSocket connection error: timed out during opening handshake
[Client 10] WebSocket connection error: timed out during opening handshake
[Client 12] WebSocket connection error: timed out during opening handshake
[Client 13] WebSocket connection error: timed out during opening handshake
[Client 14] WebSocket connection error: timed out during opening handshake
[Client 15] WebSocket connection error: timed out during opening handshake
[Client 16] WebSocket connection error: timed out during opening handshake
[Client 17] WebSocket connection error: timed out during opening handshake
[Client 18] WebSocket connection error: timed out during opening handshake
[Client 19] WebSocket connection error: timed out during opening handshake
[Client 20] WebSocket connection error: timed out during opening handshake
[Client 21] WebSocket connection error: timed out during opening handshake
[Client 22] WebSocket connection error: timed out during opening handshake
[Client 23] WebSocket connection error: timed out during opening handshake
[Client 24] WebSocket connection error: timed out during opening handshake
[Client 25] WebSocket connection error: timed out during opening handshake
[Client 26] WebSocket connection error: timed out during opening handshake
[Client 27] WebSocket connection error: timed out during opening handshake
[Client 28] WebSocket connection error: timed out during opening handshake
[Client 29] WebSocket connection error: timed out during opening handshake
[Client 30] WebSocket connection error: timed out during opening handshake
[Client 31] WebSocket connection error: timed out during opening handshake
[Client 32] WebSocket connection error: timed out during opening handshake
[Client 33] WebSocket connection error: timed out during opening handshake
[Client 34] WebSocket connection error: timed out during opening handshake
[Client 35] WebSocket connection error: timed out during opening handshake
[Client 36] WebSocket connection error: timed out during opening handshake
[Client 37] WebSocket connection error: timed out during opening handshake
[Client 38] WebSocket connection error: timed out during opening handshake
[Client 39] WebSocket connection error: timed out during opening handshake
[Client 40] WebSocket connection error: timed out during opening handshake
[Client 41] WebSocket connection error: timed out during opening handshake
[Client 42] WebSocket connection error: timed out during opening handshake
[Client 43] WebSocket connection error: timed out during opening handshake
[Client 44] WebSocket connection error: timed out during opening handshake
[Client 45] WebSocket connection error: timed out during opening handshake
[Client 46] WebSocket connection error: timed out during opening handshake
[Client 47] WebSocket connection error: timed out during opening handshake
[Client 48] WebSocket connection error: timed out during opening handshake
[Client 49] WebSocket connection error: timed out during opening handshake
[0;35m[MEASURE][0m ws-gleam-mist-1-15-2 | WebSocket messages 123 (60s elapsed)
[0;35m[MEASURE][0m ws-gleam-mist-1-15-2 | WebSocket messages 132 (120s elapsed)
[0;35m[MEASURE][0m ws-gleam-mist-1-15-2 | WebSocket messages 141 (180s elapsed)
[0;35m[MEASURE][0m ws-gleam-mist-1-15-2 | WebSocket messages 142 (240s elapsed)
[0;35m[MEASURE][0m ws-gleam-mist-1-15-2 | stopping Scaphandre + appending CSV …
[0;35m[MEASURE][0m ws-gleam-mist-1-15-2 | 27/150 | 246.5s | 1 msg/s | results/2026-05-07_234827/websocket/ws-gleam-mist-1-15-2_burst.csv
[0;36m[PROGRESS][0m 329/406 (81%) | elapsed 7h13m | ETA ~1h41m | remaining 77 | WebSocket burst/stream | ws-gleam-mist-1-15-2 | BURST 7/9 | clients=100 size_kb=8 bursts=3 interval=0.5s
[0;35m[MEASURE][0m ws-gleam-mist-1-15-2 | Docker start + WebSocket readiness wait …
[0;35m[MEASURE][0m ws-gleam-mist-1-15-2 | Scaphandre power sampling + WebSocket load | burst | clients=100 size_kb=8 bursts=3 interval=0.5s
[0;35m[MEASURE][0m ws-gleam-mist-1-15-2 | stopping Scaphandre + appending CSV …
[0;35m[MEASURE][0m ws-gleam-mist-1-15-2 | [0;32m300/300 ok[0m | 1.8s | 169 msg/s | results/2026-05-07_234827/websocket/ws-gleam-mist-1-15-2_burst.csv
[0;36m[PROGRESS][0m 330/406 (81%) | elapsed 7h14m | ETA ~1h39m | remaining 76 | WebSocket burst/stream | ws-gleam-mist-1-15-2 | BURST 8/9 | clients=100 size_kb=1024 bursts=3 interval=0.5s
[0;35m[MEASURE][0m ws-gleam-mist-1-15-2 | Docker start + WebSocket readiness wait …
[0;35m[MEASURE][0m ws-gleam-mist-1-15-2 | Scaphandre power sampling + WebSocket load | burst | clients=100 size_kb=1024 bursts=3 interval=0.5s
[0;35m[MEASURE][0m ws-gleam-mist-1-15-2 | stopping Scaphandre + appending CSV …
[0;35m[MEASURE][0m ws-gleam-mist-1-15-2 | [0;32m300/300 ok[0m | 20.9s | 14 msg/s | results/2026-05-07_234827/websocket/ws-gleam-mist-1-15-2_burst.csv
[0;36m[PROGRESS][0m 331/406 (81%) | elapsed 7h15m | ETA ~1h38m | remaining 75 | WebSocket burst/stream | ws-gleam-mist-1-15-2 | BURST 9/9 | clients=100 size_kb=65536 bursts=3 interval=0.5s
[0;35m[MEASURE][0m ws-gleam-mist-1-15-2 | Docker start + WebSocket readiness wait …
[0;35m[MEASURE][0m ws-gleam-mist-1-15-2 | Scaphandre power sampling + WebSocket load | burst | clients=100 size_kb=65536 bursts=3 interval=0.5s
[Client 9] WebSocket connection error: timed out during opening handshake
[Client 10] WebSocket connection error: timed out during opening handshake
[Client 11] WebSocket connection error: timed out during opening handshake
[Client 12] WebSocket connection error: timed out during opening handshake
[Client 13] WebSocket connection error: timed out during opening handshake
[Client 14] WebSocket connection error: timed out during opening handshake
[Client 15] WebSocket connection error: timed out during opening handshake
[Client 16] WebSocket connection error: timed out during opening handshake
[Client 17] WebSocket connection error: timed out during opening handshake
[Client 18] WebSocket connection error: timed out during opening handshake
[Client 19] WebSocket connection error: timed out during opening handshake
[Client 20] WebSocket connection error: timed out during opening handshake
[Client 21] WebSocket connection error: timed out during opening handshake
[Client 22] WebSocket connection error: timed out during opening handshake
[Client 23] WebSocket connection error: timed out during opening handshake
[Client 24] WebSocket connection error: timed out during opening handshake
[Client 25] WebSocket connection error: timed out during opening handshake
[Client 26] WebSocket connection error: timed out during opening handshake
[Client 27] WebSocket connection error: timed out during opening handshake
[Client 28] WebSocket connection error: timed out during opening handshake
[Client 29] WebSocket connection error: timed out during opening handshake
[Client 30] WebSocket connection error: timed out during opening handshake
[Client 31] WebSocket connection error: timed out during opening handshake
[Client 32] WebSocket connection error: timed out during opening handshake
[Client 33] WebSocket connection error: timed out during opening handshake
[Client 34] WebSocket connection error: timed out during opening handshake
[Client 35] WebSocket connection error: timed out during opening handshake
[Client 36] WebSocket connection error: timed out during opening handshake
[Client 37] WebSocket connection error: timed out during opening handshake
[Client 38] WebSocket connection error: timed out during opening handshake
[Client 39] WebSocket connection error: timed out during opening handshake
[Client 40] WebSocket connection error: timed out during opening handshake
[Client 41] WebSocket connection error: timed out during opening handshake
[Client 42] WebSocket connection error: timed out during opening handshake
[Client 43] WebSocket connection error: timed out during opening handshake
[Client 44] WebSocket connection error: timed out during opening handshake
[Client 45] WebSocket connection error: timed out during opening handshake
[Client 46] WebSocket connection error: timed out during opening handshake
[Client 47] WebSocket connection error: timed out during opening handshake
[Client 48] WebSocket connection error: timed out during opening handshake
[Client 49] WebSocket connection error: timed out during opening handshake
[Client 50] WebSocket connection error: timed out during opening handshake
[Client 51] WebSocket connection error: timed out during opening handshake
[Client 52] WebSocket connection error: timed out during opening handshake
[Client 53] WebSocket connection error: timed out during opening handshake
[Client 54] WebSocket connection error: timed out during opening handshake
[Client 55] WebSocket connection error: timed out during opening handshake
[Client 56] WebSocket connection error: timed out during opening handshake
[Client 57] WebSocket connection error: timed out during opening handshake
[Client 58] WebSocket connection error: timed out during opening handshake
[Client 59] WebSocket connection error: timed out during opening handshake
[Client 60] WebSocket connection error: timed out during opening handshake
[Client 61] WebSocket connection error: timed out during opening handshake
[Client 62] WebSocket connection error: timed out during opening handshake
[Client 63] WebSocket connection error: timed out during opening handshake
[Client 64] WebSocket connection error: timed out during opening handshake
[Client 65] WebSocket connection error: timed out during opening handshake
[Client 66] WebSocket connection error: timed out during opening handshake
[Client 67] WebSocket connection error: timed out during opening handshake
[Client 68] WebSocket connection error: timed out during opening handshake
[Client 69] WebSocket connection error: timed out during opening handshake
[Client 70] WebSocket connection error: timed out during opening handshake
[Client 71] WebSocket connection error: timed out during opening handshake
[Client 72] WebSocket connection error: timed out during opening handshake
[Client 73] WebSocket connection error: timed out during opening handshake
[Client 74] WebSocket connection error: timed out during opening handshake
[Client 75] WebSocket connection error: timed out during opening handshake
[Client 76] WebSocket connection error: timed out during opening handshake
[Client 77] WebSocket connection error: timed out during opening handshake
[Client 78] WebSocket connection error: timed out during opening handshake
[Client 79] WebSocket connection error: timed out during opening handshake
[Client 80] WebSocket connection error: timed out during opening handshake
[Client 81] WebSocket connection error: timed out during opening handshake
[Client 82] WebSocket connection error: timed out during opening handshake
[Client 83] WebSocket connection error: timed out during opening handshake
[Client 84] WebSocket connection error: timed out during opening handshake
[Client 85] WebSocket connection error: timed out during opening handshake
[Client 86] WebSocket connection error: timed out during opening handshake
[Client 87] WebSocket connection error: timed out during opening handshake
[Client 88] WebSocket connection error: timed out during opening handshake
[Client 89] WebSocket connection error: timed out during opening handshake
[Client 90] WebSocket connection error: timed out during opening handshake
[Client 91] WebSocket connection error: timed out during opening handshake
[Client 92] WebSocket connection error: timed out during opening handshake
[Client 93] WebSocket connection error: timed out during opening handshake
[Client 94] WebSocket connection error: timed out during opening handshake
[Client 95] WebSocket connection error: timed out during opening handshake
[Client 96] WebSocket connection error: timed out during opening handshake
[Client 97] WebSocket connection error: timed out during opening handshake
[Client 98] WebSocket connection error: timed out during opening handshake
[Client 99] WebSocket connection error: timed out during opening handshake
[0;35m[MEASURE][0m ws-gleam-mist-1-15-2 | WebSocket messages 273 (60s elapsed)
[0;35m[MEASURE][0m ws-gleam-mist-1-15-2 | WebSocket messages 282 (120s elapsed)
[0;35m[MEASURE][0m ws-gleam-mist-1-15-2 | WebSocket messages 291 (180s elapsed)
[0;35m[MEASURE][0m ws-gleam-mist-1-15-2 | stopping Scaphandre + appending CSV …
[0;35m[MEASURE][0m ws-gleam-mist-1-15-2 | 27/300 | 234.9s | 1 msg/s | results/2026-05-07_234827/websocket/ws-gleam-mist-1-15-2_burst.csv
[0;36m[PROGRESS][0m 332/406 (81%) | elapsed 7h20m | ETA ~1h38m | remaining 74 | WebSocket burst/stream | ws-gleam-mist-1-15-2 | STREAM 1/9 | clients=5 size_kb=8 rate=10 duration=5s
[0;35m[MEASURE][0m ws-gleam-mist-1-15-2 | Docker start + WebSocket readiness wait …
[0;35m[MEASURE][0m ws-gleam-mist-1-15-2 | Scaphandre power sampling + WebSocket load | stream | clients=5 size_kb=8 rate=10/s duration=5s
[0;35m[MEASURE][0m ws-gleam-mist-1-15-2 | stopping Scaphandre + appending CSV …
[0;35m[MEASURE][0m ws-gleam-mist-1-15-2 | [0;32m245/245 ok[0m | 5.1s | 48 msg/s | results/2026-05-07_234827/websocket/ws-gleam-mist-1-15-2_stream.csv
[0;36m[PROGRESS][0m 333/406 (82%) | elapsed 7h21m | ETA ~1h36m | remaining 73 | WebSocket burst/stream | ws-gleam-mist-1-15-2 | STREAM 2/9 | clients=5 size_kb=1024 rate=10 duration=5s
[0;35m[MEASURE][0m ws-gleam-mist-1-15-2 | Docker start + WebSocket readiness wait …
[0;35m[MEASURE][0m ws-gleam-mist-1-15-2 | Scaphandre power sampling + WebSocket load | stream | clients=5 size_kb=1024 rate=10/s duration=5s
[0;35m[MEASURE][0m ws-gleam-mist-1-15-2 | stopping Scaphandre + appending CSV …
[0;35m[MEASURE][0m ws-gleam-mist-1-15-2 | [0;32m64/64 ok[0m | 5.5s | 12 msg/s | results/2026-05-07_234827/websocket/ws-gleam-mist-1-15-2_stream.csv
[0;36m[PROGRESS][0m 334/406 (82%) | elapsed 7h22m | ETA ~1h35m | remaining 72 | WebSocket burst/stream | ws-gleam-mist-1-15-2 | STREAM 3/9 | clients=5 size_kb=65536 rate=10 duration=5s
[0;35m[MEASURE][0m ws-gleam-mist-1-15-2 | Docker start + WebSocket readiness wait …
[0;35m[MEASURE][0m ws-gleam-mist-1-15-2 | Scaphandre power sampling + WebSocket load | stream | clients=5 size_kb=65536 rate=10/s duration=5s
[0;35m[MEASURE][0m ws-gleam-mist-1-15-2 | stopping Scaphandre + appending CSV …
[0;35m[MEASURE][0m ws-gleam-mist-1-15-2 | [0;32m5/5 ok[0m | 40.9s | 0 msg/s | results/2026-05-07_234827/websocket/ws-gleam-mist-1-15-2_stream.csv
[0;36m[PROGRESS][0m 335/406 (82%) | elapsed 7h23m | ETA ~1h34m | remaining 71 | WebSocket burst/stream | ws-gleam-mist-1-15-2 | STREAM 4/9 | clients=50 size_kb=8 rate=10 duration=5s
[0;35m[MEASURE][0m ws-gleam-mist-1-15-2 | Docker start + WebSocket readiness wait …
[0;35m[MEASURE][0m ws-gleam-mist-1-15-2 | Scaphandre power sampling + WebSocket load | stream | clients=50 size_kb=8 rate=10/s duration=5s
[0;35m[MEASURE][0m ws-gleam-mist-1-15-2 | stopping Scaphandre + appending CSV …
[0;35m[MEASURE][0m ws-gleam-mist-1-15-2 | [0;32m2409/2409 ok[0m | 5.2s | 461 msg/s | results/2026-05-07_234827/websocket/ws-gleam-mist-1-15-2_stream.csv
[0;36m[PROGRESS][0m 336/406 (82%) | elapsed 7h24m | ETA ~1h32m | remaining 70 | WebSocket burst/stream | ws-gleam-mist-1-15-2 | STREAM 5/9 | clients=50 size_kb=1024 rate=10 duration=5s
[0;35m[MEASURE][0m ws-gleam-mist-1-15-2 | Docker start + WebSocket readiness wait …
[0;35m[MEASURE][0m ws-gleam-mist-1-15-2 | Scaphandre power sampling + WebSocket load | stream | clients=50 size_kb=1024 rate=10/s duration=5s
[0;35m[MEASURE][0m ws-gleam-mist-1-15-2 | stopping Scaphandre + appending CSV …
[0;35m[MEASURE][0m ws-gleam-mist-1-15-2 | [0;32m125/125 ok[0m | 8.3s | 15 msg/s | results/2026-05-07_234827/websocket/ws-gleam-mist-1-15-2_stream.csv
[0;36m[PROGRESS][0m 337/406 (83%) | elapsed 7h25m | ETA ~1h31m | remaining 69 | WebSocket burst/stream | ws-gleam-mist-1-15-2 | STREAM 6/9 | clients=50 size_kb=65536 rate=10 duration=5s
[0;35m[MEASURE][0m ws-gleam-mist-1-15-2 | Docker start + WebSocket readiness wait …
[0;35m[MEASURE][0m ws-gleam-mist-1-15-2 | Scaphandre power sampling + WebSocket load | stream | clients=50 size_kb=65536 rate=10/s duration=5s
[Client 8] WebSocket stream error: timed out during opening handshake
[Client 9] WebSocket stream error: timed out during opening handshake
[Client 10] WebSocket stream error: timed out during opening handshake
[Client 12] WebSocket stream error: timed out during opening handshake
[Client 13] WebSocket stream error: timed out during opening handshake
[Client 14] WebSocket stream error: timed out during opening handshake
[Client 15] WebSocket stream error: timed out during opening handshake
[Client 16] WebSocket stream error: timed out during opening handshake
[Client 17] WebSocket stream error: timed out during opening handshake
[Client 18] WebSocket stream error: timed out during opening handshake
[Client 19] WebSocket stream error: timed out during opening handshake
[Client 20] WebSocket stream error: timed out during opening handshake
[Client 21] WebSocket stream error: timed out during opening handshake
[Client 22] WebSocket stream error: timed out during opening handshake
[Client 23] WebSocket stream error: timed out during opening handshake
[Client 24] WebSocket stream error: timed out during opening handshake
[Client 25] WebSocket stream error: timed out during opening handshake
[Client 26] WebSocket stream error: timed out during opening handshake
[Client 27] WebSocket stream error: timed out during opening handshake
[Client 28] WebSocket stream error: timed out during opening handshake
[Client 29] WebSocket stream error: timed out during opening handshake
[Client 30] WebSocket stream error: timed out during opening handshake
[Client 31] WebSocket stream error: timed out during opening handshake
[Client 32] WebSocket stream error: timed out during opening handshake
[Client 33] WebSocket stream error: timed out during opening handshake
[Client 34] WebSocket stream error: timed out during opening handshake
[Client 35] WebSocket stream error: timed out during opening handshake
[Client 36] WebSocket stream error: timed out during opening handshake
[Client 37] WebSocket stream error: timed out during opening handshake
[Client 38] WebSocket stream error: timed out during opening handshake
[Client 39] WebSocket stream error: timed out during opening handshake
[Client 40] WebSocket stream error: timed out during opening handshake
[Client 41] WebSocket stream error: timed out during opening handshake
[Client 42] WebSocket stream error: timed out during opening handshake
[Client 43] WebSocket stream error: timed out during opening handshake
[Client 44] WebSocket stream error: timed out during opening handshake
[Client 45] WebSocket stream error: timed out during opening handshake
[Client 46] WebSocket stream error: timed out during opening handshake
[Client 47] WebSocket stream error: timed out during opening handshake
[Client 48] WebSocket stream error: timed out during opening handshake
[Client 49] WebSocket stream error: timed out during opening handshake
[0;35m[MEASURE][0m ws-gleam-mist-1-15-2 | WebSocket messages 41 (60s elapsed)
[0;35m[MEASURE][0m ws-gleam-mist-1-15-2 | stopping Scaphandre + appending CSV …
[0;35m[MEASURE][0m ws-gleam-mist-1-15-2 | 9/50 | 84.4s | 1 msg/s | results/2026-05-07_234827/websocket/ws-gleam-mist-1-15-2_stream.csv
[0;36m[PROGRESS][0m 338/406 (83%) | elapsed 7h27m | ETA ~1h30m | remaining 68 | WebSocket burst/stream | ws-gleam-mist-1-15-2 | STREAM 7/9 | clients=100 size_kb=8 rate=10 duration=5s
[0;35m[MEASURE][0m ws-gleam-mist-1-15-2 | Docker start + WebSocket readiness wait …
[0;35m[MEASURE][0m ws-gleam-mist-1-15-2 | Scaphandre power sampling + WebSocket load | stream | clients=100 size_kb=8 rate=10/s duration=5s
[0;35m[MEASURE][0m ws-gleam-mist-1-15-2 | stopping Scaphandre + appending CSV …
[0;35m[MEASURE][0m ws-gleam-mist-1-15-2 | [0;32m4731/4731 ok[0m | 5.3s | 889 msg/s | results/2026-05-07_234827/websocket/ws-gleam-mist-1-15-2_stream.csv
[0;36m[PROGRESS][0m 339/406 (83%) | elapsed 7h28m | ETA ~1h28m | remaining 67 | WebSocket burst/stream | ws-gleam-mist-1-15-2 | STREAM 8/9 | clients=100 size_kb=1024 rate=10 duration=5s
[0;35m[MEASURE][0m ws-gleam-mist-1-15-2 | Docker start + WebSocket readiness wait …
[0;35m[MEASURE][0m ws-gleam-mist-1-15-2 | Scaphandre power sampling + WebSocket load | stream | clients=100 size_kb=1024 rate=10/s duration=5s
[0;35m[MEASURE][0m ws-gleam-mist-1-15-2 | stopping Scaphandre + appending CSV …
[0;35m[MEASURE][0m ws-gleam-mist-1-15-2 | [0;32m176/176 ok[0m | 11.4s | 15 msg/s | results/2026-05-07_234827/websocket/ws-gleam-mist-1-15-2_stream.csv
[0;36m[PROGRESS][0m 340/406 (83%) | elapsed 7h29m | ETA ~1h27m | remaining 66 | WebSocket burst/stream | ws-gleam-mist-1-15-2 | STREAM 9/9 | clients=100 size_kb=65536 rate=10 duration=5s
[0;35m[MEASURE][0m ws-gleam-mist-1-15-2 | Docker start + WebSocket readiness wait …
[0;35m[MEASURE][0m ws-gleam-mist-1-15-2 | Scaphandre power sampling + WebSocket load | stream | clients=100 size_kb=65536 rate=10/s duration=5s
[Client 8] WebSocket stream error: timed out during opening handshake
[Client 9] WebSocket stream error: timed out during opening handshake
[Client 10] WebSocket stream error: timed out during opening handshake
[Client 12] WebSocket stream error: timed out during opening handshake
[Client 13] WebSocket stream error: timed out during opening handshake
[Client 14] WebSocket stream error: timed out during opening handshake
[Client 15] WebSocket stream error: timed out during opening handshake
[Client 16] WebSocket stream error: timed out during opening handshake
[Client 17] WebSocket stream error: timed out during opening handshake
[Client 18] WebSocket stream error: timed out during opening handshake
[Client 19] WebSocket stream error: timed out during opening handshake
[Client 20] WebSocket stream error: timed out during opening handshake
[Client 21] WebSocket stream error: timed out during opening handshake
[Client 22] WebSocket stream error: timed out during opening handshake
[Client 23] WebSocket stream error: timed out during opening handshake
[Client 24] WebSocket stream error: timed out during opening handshake
[Client 25] WebSocket stream error: timed out during opening handshake
[Client 26] WebSocket stream error: timed out during opening handshake
[Client 27] WebSocket stream error: timed out during opening handshake
[Client 28] WebSocket stream error: timed out during opening handshake
[Client 29] WebSocket stream error: timed out during opening handshake
[Client 30] WebSocket stream error: timed out during opening handshake
[Client 31] WebSocket stream error: timed out during opening handshake
[Client 32] WebSocket stream error: timed out during opening handshake
[Client 33] WebSocket stream error: timed out during opening handshake
[Client 34] WebSocket stream error: timed out during opening handshake
[Client 35] WebSocket stream error: timed out during opening handshake
[Client 36] WebSocket stream error: timed out during opening handshake
[Client 37] WebSocket stream error: timed out during opening handshake
[Client 38] WebSocket stream error: timed out during opening handshake
[Client 39] WebSocket stream error: timed out during opening handshake
[Client 40] WebSocket stream error: timed out during opening handshake
[Client 41] WebSocket stream error: timed out during opening handshake
[Client 42] WebSocket stream error: timed out during opening handshake
[Client 43] WebSocket stream error: timed out during opening handshake
[Client 44] WebSocket stream error: timed out during opening handshake
[Client 45] WebSocket stream error: timed out during opening handshake
[Client 46] WebSocket stream error: timed out during opening handshake
[Client 47] WebSocket stream error: timed out during opening handshake
[Client 48] WebSocket stream error: timed out during opening handshake
[Client 49] WebSocket stream error: timed out during opening handshake
[Client 50] WebSocket stream error: timed out during opening handshake
[Client 51] WebSocket stream error: timed out during opening handshake
[Client 52] WebSocket stream error: timed out during opening handshake
[Client 53] WebSocket stream error: timed out during opening handshake
[Client 54] WebSocket stream error: timed out during opening handshake
[Client 55] WebSocket stream error: timed out during opening handshake
[Client 56] WebSocket stream error: timed out during opening handshake
[Client 57] WebSocket stream error: timed out during opening handshake
[Client 58] WebSocket stream error: timed out during opening handshake
[Client 59] WebSocket stream error: timed out during opening handshake
[Client 60] WebSocket stream error: timed out during opening handshake
[Client 61] WebSocket stream error: timed out during opening handshake
[Client 62] WebSocket stream error: timed out during opening handshake
[Client 63] WebSocket stream error: timed out during opening handshake
[Client 64] WebSocket stream error: timed out during opening handshake
[Client 65] WebSocket stream error: timed out during opening handshake
[Client 66] WebSocket stream error: timed out during opening handshake
[Client 67] WebSocket stream error: timed out during opening handshake
[Client 68] WebSocket stream error: timed out during opening handshake
[Client 69] WebSocket stream error: timed out during opening handshake
[Client 70] WebSocket stream error: timed out during opening handshake
[Client 71] WebSocket stream error: timed out during opening handshake
[Client 72] WebSocket stream error: timed out during opening handshake
[Client 73] WebSocket stream error: timed out during opening handshake
[Client 74] WebSocket stream error: timed out during opening handshake
[Client 75] WebSocket stream error: timed out during opening handshake
[Client 76] WebSocket stream error: timed out during opening handshake
[Client 77] WebSocket stream error: timed out during opening handshake
[Client 78] WebSocket stream error: timed out during opening handshake
[Client 79] WebSocket stream error: timed out during opening handshake
[Client 80] WebSocket stream error: timed out during opening handshake
[Client 81] WebSocket stream error: timed out during opening handshake
[Client 82] WebSocket stream error: timed out during opening handshake
[Client 83] WebSocket stream error: timed out during opening handshake
[Client 84] WebSocket stream error: timed out during opening handshake
[Client 85] WebSocket stream error: timed out during opening handshake
[Client 86] WebSocket stream error: timed out during opening handshake
[Client 87] WebSocket stream error: timed out during opening handshake
[Client 88] WebSocket stream error: timed out during opening handshake
[Client 89] WebSocket stream error: timed out during opening handshake
[Client 90] WebSocket stream error: timed out during opening handshake
[Client 91] WebSocket stream error: timed out during opening handshake
[Client 92] WebSocket stream error: timed out during opening handshake
[Client 93] WebSocket stream error: timed out during opening handshake
[Client 94] WebSocket stream error: timed out during opening handshake
[Client 95] WebSocket stream error: timed out during opening handshake
[Client 96] WebSocket stream error: timed out during opening handshake
[Client 97] WebSocket stream error: timed out during opening handshake
[Client 98] WebSocket stream error: timed out during opening handshake
[Client 99] WebSocket stream error: timed out during opening handshake
[0;35m[MEASURE][0m ws-gleam-mist-1-15-2 | WebSocket messages 91 (60s elapsed)
[0;35m[MEASURE][0m ws-gleam-mist-1-15-2 | stopping Scaphandre + appending CSV …
[0;35m[MEASURE][0m ws-gleam-mist-1-15-2 | 9/100 | 83.6s | 1 msg/s | results/2026-05-07_234827/websocket/ws-gleam-mist-1-15-2_stream.csv
Running WebSocket tests for ws-erlang-yaws-28-4-3 on port 8001
[0;36m[PROGRESS][0m 341/406 (83%) | elapsed 7h32m | ETA ~1h26m | remaining 65 | WebSocket burst/stream | ws-erlang-yaws-28-4-3 | BURST 1/9 | clients=5 size_kb=8 bursts=3 interval=0.5s
[0;35m[MEASURE][0m ws-erlang-yaws-28-4-3 | Docker start + WebSocket readiness wait …
[0;35m[MEASURE][0m ws-erlang-yaws-28-4-3 | Scaphandre power sampling + WebSocket load | burst | clients=5 size_kb=8 bursts=3 interval=0.5s
[0;35m[MEASURE][0m ws-erlang-yaws-28-4-3 | stopping Scaphandre + appending CSV …
[0;35m[MEASURE][0m ws-erlang-yaws-28-4-3 | [0;32m15/15 ok[0m | 1.5s | 10 msg/s | results/2026-05-07_234827/websocket/ws-erlang-yaws-28-4-3_burst.csv
[0;36m[PROGRESS][0m 342/406 (84%) | elapsed 7h33m | ETA ~1h24m | remaining 64 | WebSocket burst/stream | ws-erlang-yaws-28-4-3 | BURST 2/9 | clients=5 size_kb=1024 bursts=3 interval=0.5s
[0;35m[MEASURE][0m ws-erlang-yaws-28-4-3 | Docker start + WebSocket readiness wait …
[0;35m[MEASURE][0m ws-erlang-yaws-28-4-3 | Scaphandre power sampling + WebSocket load | burst | clients=5 size_kb=1024 bursts=3 interval=0.5s
[0;35m[MEASURE][0m ws-erlang-yaws-28-4-3 | stopping Scaphandre + appending CSV …
[0;35m[MEASURE][0m ws-erlang-yaws-28-4-3 | [0;32m15/15 ok[0m | 1.9s | 8 msg/s | results/2026-05-07_234827/websocket/ws-erlang-yaws-28-4-3_burst.csv
[0;36m[PROGRESS][0m 343/406 (84%) | elapsed 7h34m | ETA ~1h23m | remaining 63 | WebSocket burst/stream | ws-erlang-yaws-28-4-3 | BURST 3/9 | clients=5 size_kb=65536 bursts=3 interval=0.5s
[0;35m[MEASURE][0m ws-erlang-yaws-28-4-3 | Docker start + WebSocket readiness wait …
[0;35m[MEASURE][0m ws-erlang-yaws-28-4-3 | Scaphandre power sampling + WebSocket load | burst | clients=5 size_kb=65536 bursts=3 interval=0.5s
[0;35m[MEASURE][0m ws-erlang-yaws-28-4-3 | stopping Scaphandre + appending CSV …
[0;35m[MEASURE][0m ws-erlang-yaws-28-4-3 | [0;32m15/15 ok[0m | 17.3s | 1 msg/s | results/2026-05-07_234827/websocket/ws-erlang-yaws-28-4-3_burst.csv
[0;36m[PROGRESS][0m 344/406 (84%) | elapsed 7h35m | ETA ~1h22m | remaining 62 | WebSocket burst/stream | ws-erlang-yaws-28-4-3 | BURST 4/9 | clients=50 size_kb=8 bursts=3 interval=0.5s
[0;35m[MEASURE][0m ws-erlang-yaws-28-4-3 | Docker start + WebSocket readiness wait …
[0;35m[MEASURE][0m ws-erlang-yaws-28-4-3 | Scaphandre power sampling + WebSocket load | burst | clients=50 size_kb=8 bursts=3 interval=0.5s
[0;35m[MEASURE][0m ws-erlang-yaws-28-4-3 | stopping Scaphandre + appending CSV …
[0;35m[MEASURE][0m ws-erlang-yaws-28-4-3 | [0;32m150/150 ok[0m | 1.6s | 92 msg/s | results/2026-05-07_234827/websocket/ws-erlang-yaws-28-4-3_burst.csv
[0;36m[PROGRESS][0m 345/406 (84%) | elapsed 7h36m | ETA ~1h20m | remaining 61 | WebSocket burst/stream | ws-erlang-yaws-28-4-3 | BURST 5/9 | clients=50 size_kb=1024 bursts=3 interval=0.5s
[0;35m[MEASURE][0m ws-erlang-yaws-28-4-3 | Docker start + WebSocket readiness wait …
[0;35m[MEASURE][0m ws-erlang-yaws-28-4-3 | Scaphandre power sampling + WebSocket load | burst | clients=50 size_kb=1024 bursts=3 interval=0.5s
[0;35m[MEASURE][0m ws-erlang-yaws-28-4-3 | stopping Scaphandre + appending CSV …
[0;35m[MEASURE][0m ws-erlang-yaws-28-4-3 | [0;32m150/150 ok[0m | 3.4s | 44 msg/s | results/2026-05-07_234827/websocket/ws-erlang-yaws-28-4-3_burst.csv
[0;36m[PROGRESS][0m 346/406 (85%) | elapsed 7h37m | ETA ~1h19m | remaining 60 | WebSocket burst/stream | ws-erlang-yaws-28-4-3 | BURST 6/9 | clients=50 size_kb=65536 bursts=3 interval=0.5s
[0;35m[MEASURE][0m ws-erlang-yaws-28-4-3 | Docker start + WebSocket readiness wait …
[0;35m[MEASURE][0m ws-erlang-yaws-28-4-3 | Scaphandre power sampling + WebSocket load | burst | clients=50 size_kb=65536 bursts=3 interval=0.5s
[Client 0] WebSocket connection error: no close frame received or sent
[Client 1] WebSocket connection error: no close frame received or sent
[Client 4] WebSocket connection error: no close frame received or sent
[Client 2] WebSocket connection error: no close frame received or sent
[Client 8] WebSocket connection error: no close frame received or sent
[Client 5] WebSocket connection error: no close frame received or sent
[Client 6] WebSocket connection error: no close frame received or sent
[Client 7] WebSocket connection error: no close frame received or sent
[Client 15] WebSocket connection error: no close frame received or sent
[Client 10] WebSocket connection error: no close frame received or sent
[Client 24] WebSocket connection error: no close frame received or sent
[Client 9] WebSocket connection error: no close frame received or sent
[Client 20] WebSocket connection error: no close frame received or sent
[Client 18] WebSocket connection error: no close frame received or sent
[Client 36] WebSocket connection error: no close frame received or sent
[Client 16] WebSocket connection error: no close frame received or sent
[Client 19] WebSocket connection error: no close frame received or sent
[Client 35] WebSocket connection error: no close frame received or sent
[Client 13] WebSocket connection error: no close frame received or sent
[Client 17] WebSocket connection error: no close frame received or sent
[Client 29] WebSocket connection error: no close frame received or sent
[Client 39] WebSocket connection error: no close frame received or sent
[0;35m[MEASURE][0m ws-erlang-yaws-28-4-3 | WebSocket messages 105 (60s elapsed)
[0;35m[MEASURE][0m ws-erlang-yaws-28-4-3 | stopping Scaphandre + appending CSV …
[0;35m[MEASURE][0m ws-erlang-yaws-28-4-3 | 84/150 | 97.4s | 2 msg/s | results/2026-05-07_234827/websocket/ws-erlang-yaws-28-4-3_burst.csv
[0;36m[PROGRESS][0m 347/406 (85%) | elapsed 7h39m | ETA ~1h18m | remaining 59 | WebSocket burst/stream | ws-erlang-yaws-28-4-3 | BURST 7/9 | clients=100 size_kb=8 bursts=3 interval=0.5s
[0;35m[MEASURE][0m ws-erlang-yaws-28-4-3 | Docker start + WebSocket readiness wait …
[0;35m[MEASURE][0m ws-erlang-yaws-28-4-3 | Scaphandre power sampling + WebSocket load | burst | clients=100 size_kb=8 bursts=3 interval=0.5s
[0;35m[MEASURE][0m ws-erlang-yaws-28-4-3 | stopping Scaphandre + appending CSV …
[0;35m[MEASURE][0m ws-erlang-yaws-28-4-3 | [0;32m300/300 ok[0m | 1.7s | 174 msg/s | results/2026-05-07_234827/websocket/ws-erlang-yaws-28-4-3_burst.csv
[0;36m[PROGRESS][0m 348/406 (85%) | elapsed 7h40m | ETA ~1h16m | remaining 58 | WebSocket burst/stream | ws-erlang-yaws-28-4-3 | BURST 8/9 | clients=100 size_kb=1024 bursts=3 interval=0.5s
[0;35m[MEASURE][0m ws-erlang-yaws-28-4-3 | Docker start + WebSocket readiness wait …
[0;35m[MEASURE][0m ws-erlang-yaws-28-4-3 | Scaphandre power sampling + WebSocket load | burst | clients=100 size_kb=1024 bursts=3 interval=0.5s
[0;35m[MEASURE][0m ws-erlang-yaws-28-4-3 | stopping Scaphandre + appending CSV …
[0;35m[MEASURE][0m ws-erlang-yaws-28-4-3 | [0;32m300/300 ok[0m | 5.6s | 54 msg/s | results/2026-05-07_234827/websocket/ws-erlang-yaws-28-4-3_burst.csv
[0;36m[PROGRESS][0m 349/406 (85%) | elapsed 7h41m | ETA ~1h15m | remaining 57 | WebSocket burst/stream | ws-erlang-yaws-28-4-3 | BURST 9/9 | clients=100 size_kb=65536 bursts=3 interval=0.5s
[0;35m[MEASURE][0m ws-erlang-yaws-28-4-3 | Docker start + WebSocket readiness wait …
[0;35m[MEASURE][0m ws-erlang-yaws-28-4-3 | Scaphandre power sampling + WebSocket load | burst | clients=100 size_kb=65536 bursts=3 interval=0.5s
[Client 6] WebSocket connection error: no close frame received or sent
[Client 11] WebSocket connection error: no close frame received or sent
[Client 1] WebSocket connection error: no close frame received or sent
[Client 5] WebSocket connection error: no close frame received or sent
[Client 7] WebSocket connection error: no close frame received or sent
[Client 2] WebSocket connection error: no close frame received or sent
[Client 3] WebSocket connection error: no close frame received or sent
[Client 13] WebSocket connection error: no close frame received or sent
[Client 21] WebSocket connection error: no close frame received or sent
[Client 12] WebSocket connection error: no close frame received or sent
[Client 8] WebSocket connection error: no close frame received or sent
[Client 9] WebSocket connection error: no close frame received or sent
[Client 32] WebSocket connection error: no close frame received or sent
[Client 31] WebSocket connection error: no close frame received or sent
[Client 15] WebSocket connection error: no close frame received or sent
[Client 23] WebSocket connection error: no close frame received or sent
[Client 25] WebSocket connection error: no close frame received or sent
[Client 38] WebSocket connection error: no close frame received or sent
[Client 29] WebSocket connection error: no close frame received or sent
[Client 17] WebSocket connection error: no close frame received or sent
[Client 27] WebSocket connection error: no close frame received or sent
[Client 41] WebSocket connection error: no close frame received or sent
[Client 24] WebSocket connection error: no close frame received or sent
[Client 34] WebSocket connection error: no close frame received or sent
[Client 37] WebSocket connection error: no close frame received or sent
[Client 39] WebSocket connection error: no close frame received or sent
[Client 26] WebSocket connection error: no close frame received or sent
[Client 28] WebSocket connection error: no close frame received or sent
[Client 36] WebSocket connection error: no close frame received or sent
[Client 14] WebSocket connection error: no close frame received or sent
[Client 35] WebSocket connection error: no close frame received or sent
[Client 20] WebSocket connection error: no close frame received or sent
[Client 33] WebSocket connection error: no close frame received or sent
[Client 22] WebSocket connection error: no close frame received or sent
[Client 18] WebSocket connection error: no close frame received or sent
[Client 19] WebSocket connection error: no close frame received or sent
[Client 16] WebSocket connection error: no close frame received or sent
[Client 46] WebSocket connection error: no close frame received or sent
[Client 40] WebSocket connection error: no close frame received or sent
[Client 43] WebSocket connection error: no close frame received or sent
[Client 45] WebSocket connection error: no close frame received or sent
[Client 55] WebSocket connection error: no close frame received or sent
[Client 52] WebSocket connection error: no close frame received or sent
[Client 30] WebSocket connection error: no close frame received or sent
[Client 60] WebSocket connection error: no close frame received or sent
[Client 42] WebSocket connection error: no close frame received or sent
[Client 50] WebSocket connection error: no close frame received or sent
[Client 47] WebSocket connection error: no close frame received or sent
[Client 56] WebSocket connection error: no close frame received or sent
[Client 51] WebSocket connection error: no close frame received or sent
[Client 66] WebSocket connection error: no close frame received or sent
[Client 61] WebSocket connection error: no close frame received or sent
[Client 65] WebSocket connection error: no close frame received or sent
[Client 58] WebSocket connection error: no close frame received or sent
[Client 62] WebSocket connection error: no close frame received or sent
[Client 68] WebSocket connection error: no close frame received or sent
[Client 57] WebSocket connection error: no close frame received or sent
[Client 63] WebSocket connection error: no close frame received or sent
[Client 85] WebSocket connection error: no close frame received or sent
[Client 75] WebSocket connection error: no close frame received or sent
[Client 97] WebSocket connection error: no close frame received or sent
[Client 72] WebSocket connection error: no close frame received or sent
[Client 64] WebSocket connection error: no close frame received or sent
[Client 48] WebSocket connection error: no close frame received or sent
[Client 82] WebSocket connection error: no close frame received or sent
[Client 70] WebSocket connection error: no close frame received or sent
[Client 90] WebSocket connection error: no close frame received or sent
[Client 95] WebSocket connection error: no close frame received or sent
[Client 81] WebSocket connection error: no close frame received or sent
[0;35m[MEASURE][0m ws-erlang-yaws-28-4-3 | WebSocket messages 242 (60s elapsed)
[0;35m[MEASURE][0m ws-erlang-yaws-28-4-3 | stopping Scaphandre + appending CSV …
[0;35m[MEASURE][0m ws-erlang-yaws-28-4-3 | 93/300 | 107.3s | 3 msg/s | results/2026-05-07_234827/websocket/ws-erlang-yaws-28-4-3_burst.csv
[0;36m[PROGRESS][0m 350/406 (86%) | elapsed 7h44m | ETA ~1h14m | remaining 56 | WebSocket burst/stream | ws-erlang-yaws-28-4-3 | STREAM 1/9 | clients=5 size_kb=8 rate=10 duration=5s
[0;35m[MEASURE][0m ws-erlang-yaws-28-4-3 | Docker start + WebSocket readiness wait …
[0;35m[MEASURE][0m ws-erlang-yaws-28-4-3 | Scaphandre power sampling + WebSocket load | stream | clients=5 size_kb=8 rate=10/s duration=5s
[0;35m[MEASURE][0m ws-erlang-yaws-28-4-3 | stopping Scaphandre + appending CSV …
[0;35m[MEASURE][0m ws-erlang-yaws-28-4-3 | [0;32m245/245 ok[0m | 5.1s | 48 msg/s | results/2026-05-07_234827/websocket/ws-erlang-yaws-28-4-3_stream.csv
[0;36m[PROGRESS][0m 351/406 (86%) | elapsed 7h45m | ETA ~1h12m | remaining 55 | WebSocket burst/stream | ws-erlang-yaws-28-4-3 | STREAM 2/9 | clients=5 size_kb=1024 rate=10 duration=5s
[0;35m[MEASURE][0m ws-erlang-yaws-28-4-3 | Docker start + WebSocket readiness wait …
[0;35m[MEASURE][0m ws-erlang-yaws-28-4-3 | Scaphandre power sampling + WebSocket load | stream | clients=5 size_kb=1024 rate=10/s duration=5s
[0;35m[MEASURE][0m ws-erlang-yaws-28-4-3 | stopping Scaphandre + appending CSV …
[0;35m[MEASURE][0m ws-erlang-yaws-28-4-3 | [0;32m131/131 ok[0m | 5.2s | 25 msg/s | results/2026-05-07_234827/websocket/ws-erlang-yaws-28-4-3_stream.csv
[0;36m[PROGRESS][0m 352/406 (86%) | elapsed 7h46m | ETA ~1h11m | remaining 54 | WebSocket burst/stream | ws-erlang-yaws-28-4-3 | STREAM 3/9 | clients=5 size_kb=65536 rate=10 duration=5s
[0;35m[MEASURE][0m ws-erlang-yaws-28-4-3 | Docker start + WebSocket readiness wait …
[0;35m[MEASURE][0m ws-erlang-yaws-28-4-3 | Scaphandre power sampling + WebSocket load | stream | clients=5 size_kb=65536 rate=10/s duration=5s
[0;35m[MEASURE][0m ws-erlang-yaws-28-4-3 | stopping Scaphandre + appending CSV …
[0;35m[MEASURE][0m ws-erlang-yaws-28-4-3 | [0;32m7/7 ok[0m | 8.5s | 1 msg/s | results/2026-05-07_234827/websocket/ws-erlang-yaws-28-4-3_stream.csv
[0;36m[PROGRESS][0m 353/406 (86%) | elapsed 7h47m | ETA ~1h10m | remaining 53 | WebSocket burst/stream | ws-erlang-yaws-28-4-3 | STREAM 4/9 | clients=50 size_kb=8 rate=10 duration=5s
[0;35m[MEASURE][0m ws-erlang-yaws-28-4-3 | Docker start + WebSocket readiness wait …
[0;35m[MEASURE][0m ws-erlang-yaws-28-4-3 | Scaphandre power sampling + WebSocket load | stream | clients=50 size_kb=8 rate=10/s duration=5s
[0;35m[MEASURE][0m ws-erlang-yaws-28-4-3 | stopping Scaphandre + appending CSV …
[0;35m[MEASURE][0m ws-erlang-yaws-28-4-3 | [0;32m2430/2430 ok[0m | 5.2s | 465 msg/s | results/2026-05-07_234827/websocket/ws-erlang-yaws-28-4-3_stream.csv
[0;36m[PROGRESS][0m 354/406 (87%) | elapsed 7h48m | ETA ~1h08m | remaining 52 | WebSocket burst/stream | ws-erlang-yaws-28-4-3 | STREAM 5/9 | clients=50 size_kb=1024 rate=10 duration=5s
[0;35m[MEASURE][0m ws-erlang-yaws-28-4-3 | Docker start + WebSocket readiness wait …
[0;35m[MEASURE][0m ws-erlang-yaws-28-4-3 | Scaphandre power sampling + WebSocket load | stream | clients=50 size_kb=1024 rate=10/s duration=5s
[0;35m[MEASURE][0m ws-erlang-yaws-28-4-3 | stopping Scaphandre + appending CSV …
[0;35m[MEASURE][0m ws-erlang-yaws-28-4-3 | [0;32m320/320 ok[0m | 5.8s | 55 msg/s | results/2026-05-07_234827/websocket/ws-erlang-yaws-28-4-3_stream.csv
[0;36m[PROGRESS][0m 355/406 (87%) | elapsed 7h49m | ETA ~1h07m | remaining 51 | WebSocket burst/stream | ws-erlang-yaws-28-4-3 | STREAM 6/9 | clients=50 size_kb=65536 rate=10 duration=5s
[0;35m[MEASURE][0m ws-erlang-yaws-28-4-3 | Docker start + WebSocket readiness wait …
[0;35m[MEASURE][0m ws-erlang-yaws-28-4-3 | Scaphandre power sampling + WebSocket load | stream | clients=50 size_kb=65536 rate=10/s duration=5s
[Client 1] WebSocket stream error: no close frame received or sent
[Client 3] WebSocket stream error: no close frame received or sent
[Client 5] WebSocket stream error: no close frame received or sent
[Client 2] WebSocket stream error: no close frame received or sent
[Client 8] WebSocket stream error: no close frame received or sent
[Client 4] WebSocket stream error: no close frame received or sent
[Client 7] WebSocket stream error: no close frame received or sent
[Client 6] WebSocket stream error: no close frame received or sent
[Client 15] WebSocket stream error: no close frame received or sent
[Client 12] WebSocket stream error: no close frame received or sent
[Client 16] WebSocket stream error: no close frame received or sent
[Client 13] WebSocket stream error: no close frame received or sent
[Client 46] WebSocket stream error: no close frame received or sent
[Client 32] WebSocket stream error: no close frame received or sent
[Client 25] WebSocket stream error: no close frame received or sent
[Client 39] WebSocket stream error: no close frame received or sent
[Client 43] WebSocket stream error: no close frame received or sent
[Client 28] WebSocket stream error: no close frame received or sent
[Client 20] WebSocket stream error: no close frame received or sent
[Client 30] WebSocket stream error: no close frame received or sent
[Client 17] WebSocket stream error: no close frame received or sent
[Client 10] WebSocket stream error: no close frame received or sent
[Client 23] WebSocket stream error: no close frame received or sent
[0;35m[MEASURE][0m ws-erlang-yaws-28-4-3 | stopping Scaphandre + appending CSV …
[0;35m[MEASURE][0m ws-erlang-yaws-28-4-3 | 27/50 | 34.9s | 1 msg/s | results/2026-05-07_234827/websocket/ws-erlang-yaws-28-4-3_stream.csv
[0;36m[PROGRESS][0m 356/406 (87%) | elapsed 7h50m | ETA ~1h06m | remaining 50 | WebSocket burst/stream | ws-erlang-yaws-28-4-3 | STREAM 7/9 | clients=100 size_kb=8 rate=10 duration=5s
[0;35m[MEASURE][0m ws-erlang-yaws-28-4-3 | Docker start + WebSocket readiness wait …
[0;35m[MEASURE][0m ws-erlang-yaws-28-4-3 | Scaphandre power sampling + WebSocket load | stream | clients=100 size_kb=8 rate=10/s duration=5s
[0;35m[MEASURE][0m ws-erlang-yaws-28-4-3 | stopping Scaphandre + appending CSV …
[0;35m[MEASURE][0m ws-erlang-yaws-28-4-3 | [0;32m4835/4835 ok[0m | 5.3s | 917 msg/s | results/2026-05-07_234827/websocket/ws-erlang-yaws-28-4-3_stream.csv
[0;36m[PROGRESS][0m 357/406 (87%) | elapsed 7h51m | ETA ~1h04m | remaining 49 | WebSocket burst/stream | ws-erlang-yaws-28-4-3 | STREAM 8/9 | clients=100 size_kb=1024 rate=10 duration=5s
[0;35m[MEASURE][0m ws-erlang-yaws-28-4-3 | Docker start + WebSocket readiness wait …
[0;35m[MEASURE][0m ws-erlang-yaws-28-4-3 | Scaphandre power sampling + WebSocket load | stream | clients=100 size_kb=1024 rate=10/s duration=5s
[0;35m[MEASURE][0m ws-erlang-yaws-28-4-3 | stopping Scaphandre + appending CSV …
[0;35m[MEASURE][0m ws-erlang-yaws-28-4-3 | [0;32m353/353 ok[0m | 6.2s | 57 msg/s | results/2026-05-07_234827/websocket/ws-erlang-yaws-28-4-3_stream.csv
[0;36m[PROGRESS][0m 358/406 (88%) | elapsed 7h52m | ETA ~1h03m | remaining 48 | WebSocket burst/stream | ws-erlang-yaws-28-4-3 | STREAM 9/9 | clients=100 size_kb=65536 rate=10 duration=5s
[0;35m[MEASURE][0m ws-erlang-yaws-28-4-3 | Docker start + WebSocket readiness wait …
[0;35m[MEASURE][0m ws-erlang-yaws-28-4-3 | Scaphandre power sampling + WebSocket load | stream | clients=100 size_kb=65536 rate=10/s duration=5s
[Client 5] WebSocket stream error: no close frame received or sent
[Client 8] WebSocket stream error: no close frame received or sent
[Client 4] WebSocket stream error: no close frame received or sent
[Client 3] WebSocket stream error: no close frame received or sent
[Client 7] WebSocket stream error: no close frame received or sent
[Client 1] WebSocket stream error: no close frame received or sent
[Client 2] WebSocket stream error: no close frame received or sent
[Client 6] WebSocket stream error: no close frame received or sent
[Client 18] WebSocket stream error: no close frame received or sent
[Client 23] WebSocket stream error: no close frame received or sent
[Client 10] WebSocket stream error: no close frame received or sent
[Client 11] WebSocket stream error: no close frame received or sent
[Client 9] WebSocket stream error: no close frame received or sent
[Client 13] WebSocket stream error: no close frame received or sent
[Client 41] WebSocket stream error: no close frame received or sent
[Client 39] WebSocket stream error: no close frame received or sent
[Client 35] WebSocket stream error: no close frame received or sent
[Client 36] WebSocket stream error: no close frame received or sent
[Client 28] WebSocket stream error: no close frame received or sent
[Client 15] WebSocket stream error: no close frame received or sent
[Client 30] WebSocket stream error: no close frame received or sent
[Client 24] WebSocket stream error: no close frame received or sent
[Client 14] WebSocket stream error: no close frame received or sent
[Client 49] WebSocket stream error: no close frame received or sent
[Client 17] WebSocket stream error: no close frame received or sent
[Client 12] WebSocket stream error: no close frame received or sent
[Client 21] WebSocket stream error: no close frame received or sent
[Client 40] WebSocket stream error: no close frame received or sent
[Client 37] WebSocket stream error: no close frame received or sent
[Client 19] WebSocket stream error: no close frame received or sent
[Client 29] WebSocket stream error: no close frame received or sent
[Client 33] WebSocket stream error: no close frame received or sent
[Client 74] WebSocket stream error: no close frame received or sent
[Client 47] WebSocket stream error: no close frame received or sent
[Client 69] WebSocket stream error: no close frame received or sent
[Client 52] WebSocket stream error: no close frame received or sent
[Client 68] WebSocket stream error: no close frame received or sent
[Client 16] WebSocket stream error: no close frame received or sent
[Client 51] WebSocket stream error: no close frame received or sent
[Client 61] WebSocket stream error: no close frame received or sent
[Client 46] WebSocket stream error: no close frame received or sent
[Client 45] WebSocket stream error: no close frame received or sent
[Client 85] WebSocket stream error: no close frame received or sent
[Client 78] WebSocket stream error: no close frame received or sent
[Client 77] WebSocket stream error: no close frame received or sent
[Client 84] WebSocket stream error: no close frame received or sent
[Client 75] WebSocket stream error: no close frame received or sent
[Client 76] WebSocket stream error: no close frame received or sent
[Client 83] WebSocket stream error: no close frame received or sent
[Client 67] WebSocket stream error: no close frame received or sent
[Client 56] WebSocket stream error: no close frame received or sent
[Client 57] WebSocket stream error: no close frame received or sent
[Client 64] WebSocket stream error: no close frame received or sent
[Client 53] WebSocket stream error: no close frame received or sent
[Client 42] WebSocket stream error: no close frame received or sent
[Client 63] WebSocket stream error: no close frame received or sent
[Client 59] WebSocket stream error: no close frame received or sent
[Client 55] WebSocket stream error: no close frame received or sent
[Client 60] WebSocket stream error: no close frame received or sent
[Client 27] WebSocket stream error: no close frame received or sent
[Client 44] WebSocket stream error: no close frame received or sent
[0;35m[MEASURE][0m ws-erlang-yaws-28-4-3 | stopping Scaphandre + appending CSV …
[0;35m[MEASURE][0m ws-erlang-yaws-28-4-3 | 39/100 | 51.9s | 2 msg/s | results/2026-05-07_234827/websocket/ws-erlang-yaws-28-4-3_stream.csv
Running WebSocket tests for ws-erlang-cowboy-28-4-3 on port 8001
[0;36m[PROGRESS][0m 359/406 (88%) | elapsed 7h54m | ETA ~1h02m | remaining 47 | WebSocket burst/stream | ws-erlang-cowboy-28-4-3 | BURST 1/9 | clients=5 size_kb=8 bursts=3 interval=0.5s
[0;35m[MEASURE][0m ws-erlang-cowboy-28-4-3 | Docker start + WebSocket readiness wait …
[0;35m[MEASURE][0m ws-erlang-cowboy-28-4-3 | Scaphandre power sampling + WebSocket load | burst | clients=5 size_kb=8 bursts=3 interval=0.5s
[0;35m[MEASURE][0m ws-erlang-cowboy-28-4-3 | stopping Scaphandre + appending CSV …
[0;35m[MEASURE][0m ws-erlang-cowboy-28-4-3 | [0;32m15/15 ok[0m | 1.5s | 10 msg/s | results/2026-05-07_234827/websocket/ws-erlang-cowboy-28-4-3_burst.csv
[0;36m[PROGRESS][0m 360/406 (88%) | elapsed 7h55m | ETA ~1h00m | remaining 46 | WebSocket burst/stream | ws-erlang-cowboy-28-4-3 | BURST 2/9 | clients=5 size_kb=1024 bursts=3 interval=0.5s
[0;35m[MEASURE][0m ws-erlang-cowboy-28-4-3 | Docker start + WebSocket readiness wait …
[0;35m[MEASURE][0m ws-erlang-cowboy-28-4-3 | Scaphandre power sampling + WebSocket load | burst | clients=5 size_kb=1024 bursts=3 interval=0.5s
[0;35m[MEASURE][0m ws-erlang-cowboy-28-4-3 | stopping Scaphandre + appending CSV …
[0;35m[MEASURE][0m ws-erlang-cowboy-28-4-3 | [0;32m15/15 ok[0m | 1.6s | 10 msg/s | results/2026-05-07_234827/websocket/ws-erlang-cowboy-28-4-3_burst.csv
[0;36m[PROGRESS][0m 361/406 (88%) | elapsed 7h56m | ETA ~59m | remaining 45 | WebSocket burst/stream | ws-erlang-cowboy-28-4-3 | BURST 3/9 | clients=5 size_kb=65536 bursts=3 interval=0.5s
[0;35m[MEASURE][0m ws-erlang-cowboy-28-4-3 | Docker start + WebSocket readiness wait …
[0;35m[MEASURE][0m ws-erlang-cowboy-28-4-3 | Scaphandre power sampling + WebSocket load | burst | clients=5 size_kb=65536 bursts=3 interval=0.5s
[0;35m[MEASURE][0m ws-erlang-cowboy-28-4-3 | stopping Scaphandre + appending CSV …
[0;35m[MEASURE][0m ws-erlang-cowboy-28-4-3 | [0;32m15/15 ok[0m | 3.3s | 4 msg/s | results/2026-05-07_234827/websocket/ws-erlang-cowboy-28-4-3_burst.csv
[0;36m[PROGRESS][0m 362/406 (89%) | elapsed 7h57m | ETA ~58m | remaining 44 | WebSocket burst/stream | ws-erlang-cowboy-28-4-3 | BURST 4/9 | clients=50 size_kb=8 bursts=3 interval=0.5s
[0;35m[MEASURE][0m ws-erlang-cowboy-28-4-3 | Docker start + WebSocket readiness wait …
[0;35m[MEASURE][0m ws-erlang-cowboy-28-4-3 | Scaphandre power sampling + WebSocket load | burst | clients=50 size_kb=8 bursts=3 interval=0.5s
[0;35m[MEASURE][0m ws-erlang-cowboy-28-4-3 | stopping Scaphandre + appending CSV …
[0;35m[MEASURE][0m ws-erlang-cowboy-28-4-3 | [0;32m150/150 ok[0m | 1.6s | 91 msg/s | results/2026-05-07_234827/websocket/ws-erlang-cowboy-28-4-3_burst.csv
[0;36m[PROGRESS][0m 363/406 (89%) | elapsed 7h58m | ETA ~56m | remaining 43 | WebSocket burst/stream | ws-erlang-cowboy-28-4-3 | BURST 5/9 | clients=50 size_kb=1024 bursts=3 interval=0.5s
[0;35m[MEASURE][0m ws-erlang-cowboy-28-4-3 | Docker start + WebSocket readiness wait …
[0;35m[MEASURE][0m ws-erlang-cowboy-28-4-3 | Scaphandre power sampling + WebSocket load | burst | clients=50 size_kb=1024 bursts=3 interval=0.5s
[0;35m[MEASURE][0m ws-erlang-cowboy-28-4-3 | stopping Scaphandre + appending CSV …
[0;35m[MEASURE][0m ws-erlang-cowboy-28-4-3 | [0;32m150/150 ok[0m | 1.9s | 81 msg/s | results/2026-05-07_234827/websocket/ws-erlang-cowboy-28-4-3_burst.csv
[0;36m[PROGRESS][0m 364/406 (89%) | elapsed 7h59m | ETA ~55m | remaining 42 | WebSocket burst/stream | ws-erlang-cowboy-28-4-3 | BURST 6/9 | clients=50 size_kb=65536 bursts=3 interval=0.5s
[0;35m[MEASURE][0m ws-erlang-cowboy-28-4-3 | Docker start + WebSocket readiness wait …
[0;35m[MEASURE][0m ws-erlang-cowboy-28-4-3 | Scaphandre power sampling + WebSocket load | burst | clients=50 size_kb=65536 bursts=3 interval=0.5s
[0;35m[MEASURE][0m ws-erlang-cowboy-28-4-3 | stopping Scaphandre + appending CSV …
[0;35m[MEASURE][0m ws-erlang-cowboy-28-4-3 | [0;32m150/150 ok[0m | 23.4s | 6 msg/s | results/2026-05-07_234827/websocket/ws-erlang-cowboy-28-4-3_burst.csv
[0;36m[PROGRESS][0m 365/406 (89%) | elapsed 8h00m | ETA ~53m | remaining 41 | WebSocket burst/stream | ws-erlang-cowboy-28-4-3 | BURST 7/9 | clients=100 size_kb=8 bursts=3 interval=0.5s
[0;35m[MEASURE][0m ws-erlang-cowboy-28-4-3 | Docker start + WebSocket readiness wait …
[0;35m[MEASURE][0m ws-erlang-cowboy-28-4-3 | Scaphandre power sampling + WebSocket load | burst | clients=100 size_kb=8 bursts=3 interval=0.5s
[0;35m[MEASURE][0m ws-erlang-cowboy-28-4-3 | stopping Scaphandre + appending CSV …
[0;35m[MEASURE][0m ws-erlang-cowboy-28-4-3 | [0;32m300/300 ok[0m | 1.7s | 173 msg/s | results/2026-05-07_234827/websocket/ws-erlang-cowboy-28-4-3_burst.csv
[0;36m[PROGRESS][0m 366/406 (90%) | elapsed 8h01m | ETA ~52m | remaining 40 | WebSocket burst/stream | ws-erlang-cowboy-28-4-3 | BURST 8/9 | clients=100 size_kb=1024 bursts=3 interval=0.5s
[0;35m[MEASURE][0m ws-erlang-cowboy-28-4-3 | Docker start + WebSocket readiness wait …
[0;35m[MEASURE][0m ws-erlang-cowboy-28-4-3 | Scaphandre power sampling + WebSocket load | burst | clients=100 size_kb=1024 bursts=3 interval=0.5s
[0;35m[MEASURE][0m ws-erlang-cowboy-28-4-3 | stopping Scaphandre + appending CSV …
[0;35m[MEASURE][0m ws-erlang-cowboy-28-4-3 | [0;32m300/300 ok[0m | 2.2s | 137 msg/s | results/2026-05-07_234827/websocket/ws-erlang-cowboy-28-4-3_burst.csv
[0;36m[PROGRESS][0m 367/406 (90%) | elapsed 8h02m | ETA ~51m | remaining 39 | WebSocket burst/stream | ws-erlang-cowboy-28-4-3 | BURST 9/9 | clients=100 size_kb=65536 bursts=3 interval=0.5s
[0;35m[MEASURE][0m ws-erlang-cowboy-28-4-3 | Docker start + WebSocket readiness wait …
[0;35m[MEASURE][0m ws-erlang-cowboy-28-4-3 | Scaphandre power sampling + WebSocket load | burst | clients=100 size_kb=65536 bursts=3 interval=0.5s
[0;35m[MEASURE][0m ws-erlang-cowboy-28-4-3 | stopping Scaphandre + appending CSV …
[0;35m[MEASURE][0m ws-erlang-cowboy-28-4-3 | [0;32m300/300 ok[0m | 59.3s | 5 msg/s | results/2026-05-07_234827/websocket/ws-erlang-cowboy-28-4-3_burst.csv
[0;36m[PROGRESS][0m 368/406 (90%) | elapsed 8h04m | ETA ~49m | remaining 38 | WebSocket burst/stream | ws-erlang-cowboy-28-4-3 | STREAM 1/9 | clients=5 size_kb=8 rate=10 duration=5s
[0;35m[MEASURE][0m ws-erlang-cowboy-28-4-3 | Docker start + WebSocket readiness wait …
[0;35m[MEASURE][0m ws-erlang-cowboy-28-4-3 | Scaphandre power sampling + WebSocket load | stream | clients=5 size_kb=8 rate=10/s duration=5s
[0;35m[MEASURE][0m ws-erlang-cowboy-28-4-3 | stopping Scaphandre + appending CSV …
[0;35m[MEASURE][0m ws-erlang-cowboy-28-4-3 | [0;32m245/245 ok[0m | 5.0s | 49 msg/s | results/2026-05-07_234827/websocket/ws-erlang-cowboy-28-4-3_stream.csv
[0;36m[PROGRESS][0m 369/406 (90%) | elapsed 8h05m | ETA ~48m | remaining 37 | WebSocket burst/stream | ws-erlang-cowboy-28-4-3 | STREAM 2/9 | clients=5 size_kb=1024 rate=10 duration=5s
[0;35m[MEASURE][0m ws-erlang-cowboy-28-4-3 | Docker start + WebSocket readiness wait …
[0;35m[MEASURE][0m ws-erlang-cowboy-28-4-3 | Scaphandre power sampling + WebSocket load | stream | clients=5 size_kb=1024 rate=10/s duration=5s
[0;35m[MEASURE][0m ws-erlang-cowboy-28-4-3 | stopping Scaphandre + appending CSV …
[0;35m[MEASURE][0m ws-erlang-cowboy-28-4-3 | [0;32m216/216 ok[0m | 5.1s | 42 msg/s | results/2026-05-07_234827/websocket/ws-erlang-cowboy-28-4-3_stream.csv
[0;36m[PROGRESS][0m 370/406 (91%) | elapsed 8h06m | ETA ~47m | remaining 36 | WebSocket burst/stream | ws-erlang-cowboy-28-4-3 | STREAM 3/9 | clients=5 size_kb=65536 rate=10 duration=5s
[0;35m[MEASURE][0m ws-erlang-cowboy-28-4-3 | Docker start + WebSocket readiness wait …
[0;35m[MEASURE][0m ws-erlang-cowboy-28-4-3 | Scaphandre power sampling + WebSocket load | stream | clients=5 size_kb=65536 rate=10/s duration=5s
[0;35m[MEASURE][0m ws-erlang-cowboy-28-4-3 | stopping Scaphandre + appending CSV …
[0;35m[MEASURE][0m ws-erlang-cowboy-28-4-3 | [0;32m48/48 ok[0m | 5.8s | 8 msg/s | results/2026-05-07_234827/websocket/ws-erlang-cowboy-28-4-3_stream.csv
[0;36m[PROGRESS][0m 371/406 (91%) | elapsed 8h07m | ETA ~45m | remaining 35 | WebSocket burst/stream | ws-erlang-cowboy-28-4-3 | STREAM 4/9 | clients=50 size_kb=8 rate=10 duration=5s
[0;35m[MEASURE][0m ws-erlang-cowboy-28-4-3 | Docker start + WebSocket readiness wait …
[0;35m[MEASURE][0m ws-erlang-cowboy-28-4-3 | Scaphandre power sampling + WebSocket load | stream | clients=50 size_kb=8 rate=10/s duration=5s
[0;35m[MEASURE][0m ws-erlang-cowboy-28-4-3 | stopping Scaphandre + appending CSV …
[0;35m[MEASURE][0m ws-erlang-cowboy-28-4-3 | [0;32m2447/2447 ok[0m | 5.2s | 470 msg/s | results/2026-05-07_234827/websocket/ws-erlang-cowboy-28-4-3_stream.csv
[0;36m[PROGRESS][0m 372/406 (91%) | elapsed 8h08m | ETA ~44m | remaining 34 | WebSocket burst/stream | ws-erlang-cowboy-28-4-3 | STREAM 5/9 | clients=50 size_kb=1024 rate=10 duration=5s
[0;35m[MEASURE][0m ws-erlang-cowboy-28-4-3 | Docker start + WebSocket readiness wait …
[0;35m[MEASURE][0m ws-erlang-cowboy-28-4-3 | Scaphandre power sampling + WebSocket load | stream | clients=50 size_kb=1024 rate=10/s duration=5s
[0;35m[MEASURE][0m ws-erlang-cowboy-28-4-3 | stopping Scaphandre + appending CSV …
[0;35m[MEASURE][0m ws-erlang-cowboy-28-4-3 | [0;32m1375/1375 ok[0m | 5.3s | 260 msg/s | results/2026-05-07_234827/websocket/ws-erlang-cowboy-28-4-3_stream.csv
[0;36m[PROGRESS][0m 373/406 (91%) | elapsed 8h08m | ETA ~43m | remaining 33 | WebSocket burst/stream | ws-erlang-cowboy-28-4-3 | STREAM 6/9 | clients=50 size_kb=65536 rate=10 duration=5s
[0;35m[MEASURE][0m ws-erlang-cowboy-28-4-3 | Docker start + WebSocket readiness wait …
[0;35m[MEASURE][0m ws-erlang-cowboy-28-4-3 | Scaphandre power sampling + WebSocket load | stream | clients=50 size_kb=65536 rate=10/s duration=5s
[0;35m[MEASURE][0m ws-erlang-cowboy-28-4-3 | stopping Scaphandre + appending CSV …
[0;35m[MEASURE][0m ws-erlang-cowboy-28-4-3 | [0;32m51/51 ok[0m | 11.0s | 5 msg/s | results/2026-05-07_234827/websocket/ws-erlang-cowboy-28-4-3_stream.csv
[0;36m[PROGRESS][0m 374/406 (92%) | elapsed 8h10m | ETA ~41m | remaining 32 | WebSocket burst/stream | ws-erlang-cowboy-28-4-3 | STREAM 7/9 | clients=100 size_kb=8 rate=10 duration=5s
[0;35m[MEASURE][0m ws-erlang-cowboy-28-4-3 | Docker start + WebSocket readiness wait …
[0;35m[MEASURE][0m ws-erlang-cowboy-28-4-3 | Scaphandre power sampling + WebSocket load | stream | clients=100 size_kb=8 rate=10/s duration=5s
[0;35m[MEASURE][0m ws-erlang-cowboy-28-4-3 | stopping Scaphandre + appending CSV …
[0;35m[MEASURE][0m ws-erlang-cowboy-28-4-3 | [0;32m4894/4894 ok[0m | 5.3s | 923 msg/s | results/2026-05-07_234827/websocket/ws-erlang-cowboy-28-4-3_stream.csv
[0;36m[PROGRESS][0m 375/406 (92%) | elapsed 8h11m | ETA ~40m | remaining 31 | WebSocket burst/stream | ws-erlang-cowboy-28-4-3 | STREAM 8/9 | clients=100 size_kb=1024 rate=10 duration=5s
[0;35m[MEASURE][0m ws-erlang-cowboy-28-4-3 | Docker start + WebSocket readiness wait …
[0;35m[MEASURE][0m ws-erlang-cowboy-28-4-3 | Scaphandre power sampling + WebSocket load | stream | clients=100 size_kb=1024 rate=10/s duration=5s
[0;35m[MEASURE][0m ws-erlang-cowboy-28-4-3 | stopping Scaphandre + appending CSV …
[0;35m[MEASURE][0m ws-erlang-cowboy-28-4-3 | [0;32m3257/3257 ok[0m | 5.5s | 590 msg/s | results/2026-05-07_234827/websocket/ws-erlang-cowboy-28-4-3_stream.csv
[0;36m[PROGRESS][0m 376/406 (92%) | elapsed 8h11m | ETA ~39m | remaining 30 | WebSocket burst/stream | ws-erlang-cowboy-28-4-3 | STREAM 9/9 | clients=100 size_kb=65536 rate=10 duration=5s
[0;35m[MEASURE][0m ws-erlang-cowboy-28-4-3 | Docker start + WebSocket readiness wait …
[0;35m[MEASURE][0m ws-erlang-cowboy-28-4-3 | Scaphandre power sampling + WebSocket load | stream | clients=100 size_kb=65536 rate=10/s duration=5s
[0;35m[MEASURE][0m ws-erlang-cowboy-28-4-3 | stopping Scaphandre + appending CSV …
[0;35m[MEASURE][0m ws-erlang-cowboy-28-4-3 | [0;32m100/100 ok[0m | 21.9s | 5 msg/s | results/2026-05-07_234827/websocket/ws-erlang-cowboy-28-4-3_stream.csv

[0;34m=== WebSocket Concurrency: ws-elixir-bandit-1-8-5 ===[0m
[0;36m[PROGRESS][0m 377/406 (92%) | elapsed 8h13m | ETA ~37m | remaining 29 | WebSocket concurrency | ws-elixir-bandit-1-8-5 | concurrency 1/3 | clients=100 size_kb=8
[0;35m[MEASURE][0m ws-elixir-bandit-1-8-5 | Docker start + WebSocket readiness wait …
[0;35m[MEASURE][0m ws-elixir-bandit-1-8-5 | Scaphandre power sampling + WebSocket load | burst | clients=100 size_kb=8 bursts=3 interval=0.5s
[0;35m[MEASURE][0m ws-elixir-bandit-1-8-5 | stopping Scaphandre + appending CSV …
[0;35m[MEASURE][0m ws-elixir-bandit-1-8-5 | [0;32m300/300 ok[0m | 1.8s | 171 msg/s | results/2026-05-07_234827/websocket/ws-elixir-bandit-1-8-5_concurrency.csv
  -> [SUCCESS] 300/300, Avg Latency: 5.636280326749936 ms, Throughput: 1.3381029385341632 MB/s
[0;36m[PROGRESS][0m 378/406 (93%) | elapsed 8h14m | ETA ~36m | remaining 28 | WebSocket concurrency | ws-elixir-bandit-1-8-5 | concurrency 2/3 | clients=1000 size_kb=8
[0;35m[MEASURE][0m ws-elixir-bandit-1-8-5 | Docker start + WebSocket readiness wait …
[0;35m[MEASURE][0m ws-elixir-bandit-1-8-5 | Scaphandre power sampling + WebSocket load | burst | clients=1000 size_kb=8 bursts=3 interval=0.5s
[0;35m[MEASURE][0m ws-elixir-bandit-1-8-5 | stopping Scaphandre + appending CSV …
[0;35m[MEASURE][0m ws-elixir-bandit-1-8-5 | [0;32m3000/3000 ok[0m | 2.2s | 1372 msg/s | results/2026-05-07_234827/websocket/ws-elixir-bandit-1-8-5_concurrency.csv
  -> [SUCCESS] 3000/3000, Avg Latency: 28.347789156596264 ms, Throughput: 10.71990794558216 MB/s
[0;36m[PROGRESS][0m 379/406 (93%) | elapsed 8h14m | ETA ~35m | remaining 27 | WebSocket concurrency | ws-elixir-bandit-1-8-5 | concurrency 3/3 | clients=5000 size_kb=8
[0;35m[MEASURE][0m ws-elixir-bandit-1-8-5 | Docker start + WebSocket readiness wait …
[0;35m[MEASURE][0m ws-elixir-bandit-1-8-5 | Scaphandre power sampling + WebSocket load | burst | clients=5000 size_kb=8 bursts=3 interval=0.5s
[0;35m[MEASURE][0m ws-elixir-bandit-1-8-5 | stopping Scaphandre + appending CSV …
[0;35m[MEASURE][0m ws-elixir-bandit-1-8-5 | [0;32m15000/15000 ok[0m | 5.2s | 2906 msg/s | results/2026-05-07_234827/websocket/ws-elixir-bandit-1-8-5_concurrency.csv
  -> [SUCCESS] 15000/15000, Avg Latency: 144.25978341709003 ms, Throughput: 22.70115161512237 MB/s
[0;32m[SUCCESS][0m Concurrency completed for ws-elixir-bandit-1-8-5 at Fri May  8 08:04:03 AM CEST 2026
[0;34m[INFO][0m Results saved to: results/2026-05-07_234827/websocket/ws-elixir-bandit-1-8-5_concurrency.csv

[0;34m=== WebSocket Payload: ws-elixir-bandit-1-8-5 ===[0m
[0;36m[PROGRESS][0m 380/406 (93%) | elapsed 8h15m | ETA ~33m | remaining 26 | WebSocket payload | ws-elixir-bandit-1-8-5 | payload 1/3 | clients=5 size_kb=8
[0;35m[MEASURE][0m ws-elixir-bandit-1-8-5 | Docker start + WebSocket readiness wait …
[0;35m[MEASURE][0m ws-elixir-bandit-1-8-5 | Scaphandre power sampling + WebSocket load | burst | clients=5 size_kb=8 bursts=3 interval=0.5s
[0;35m[MEASURE][0m ws-elixir-bandit-1-8-5 | stopping Scaphandre + appending CSV …
[0;35m[MEASURE][0m ws-elixir-bandit-1-8-5 | [0;32m15/15 ok[0m | 1.5s | 10 msg/s | results/2026-05-07_234827/websocket/ws-elixir-bandit-1-8-5_payload.csv
  -> [SUCCESS] 15/15, Avg Latency: 0.9273148001132844 ms, Throughput: 0.07713798490197205 MB/s
[0;36m[PROGRESS][0m 381/406 (93%) | elapsed 8h16m | ETA ~32m | remaining 25 | WebSocket payload | ws-elixir-bandit-1-8-5 | payload 2/3 | clients=5 size_kb=1024
[0;35m[MEASURE][0m ws-elixir-bandit-1-8-5 | Docker start + WebSocket readiness wait …
[0;35m[MEASURE][0m ws-elixir-bandit-1-8-5 | Scaphandre power sampling + WebSocket load | burst | clients=5 size_kb=1024 bursts=3 interval=0.5s
[0;35m[MEASURE][0m ws-elixir-bandit-1-8-5 | stopping Scaphandre + appending CSV …
[0;35m[MEASURE][0m ws-elixir-bandit-1-8-5 | [0;32m15/15 ok[0m | 1.6s | 10 msg/s | results/2026-05-07_234827/websocket/ws-elixir-bandit-1-8-5_payload.csv
  -> [SUCCESS] 15/15, Avg Latency: 9.715855066557802 ms, Throughput: 9.623818716366495 MB/s
[0;36m[PROGRESS][0m 382/406 (94%) | elapsed 8h17m | ETA ~31m | remaining 24 | WebSocket payload | ws-elixir-bandit-1-8-5 | payload 3/3 | clients=5 size_kb=65536
[0;35m[MEASURE][0m ws-elixir-bandit-1-8-5 | Docker start + WebSocket readiness wait …
[0;35m[MEASURE][0m ws-elixir-bandit-1-8-5 | Scaphandre power sampling + WebSocket load | burst | clients=5 size_kb=65536 bursts=3 interval=0.5s
[0;35m[MEASURE][0m ws-elixir-bandit-1-8-5 | stopping Scaphandre + appending CSV …
[0;35m[MEASURE][0m ws-elixir-bandit-1-8-5 | [0;32m15/15 ok[0m | 3.7s | 4 msg/s | results/2026-05-07_234827/websocket/ws-elixir-bandit-1-8-5_payload.csv
  -> [SUCCESS] 15/15, Avg Latency: 577.2929160004423 ms, Throughput: 257.9722726046697 MB/s
[0;32m[SUCCESS][0m Payload completed for ws-elixir-bandit-1-8-5 at Fri May  8 08:06:24 AM CEST 2026
[0;34m[INFO][0m Results saved to: results/2026-05-07_234827/websocket/ws-elixir-bandit-1-8-5_payload.csv

[0;34m=== WebSocket Concurrency: ws-elixir-cowboy-1-19-5 ===[0m
[0;36m[PROGRESS][0m 383/406 (94%) | elapsed 8h17m | ETA ~29m | remaining 23 | WebSocket concurrency | ws-elixir-cowboy-1-19-5 | concurrency 1/3 | clients=100 size_kb=8
[0;35m[MEASURE][0m ws-elixir-cowboy-1-19-5 | Docker start + WebSocket readiness wait …
[0;35m[MEASURE][0m ws-elixir-cowboy-1-19-5 | Scaphandre power sampling + WebSocket load | burst | clients=100 size_kb=8 bursts=3 interval=0.5s
[0;35m[MEASURE][0m ws-elixir-cowboy-1-19-5 | stopping Scaphandre + appending CSV …
[0;35m[MEASURE][0m ws-elixir-cowboy-1-19-5 | [0;32m300/300 ok[0m | 1.7s | 175 msg/s | results/2026-05-07_234827/websocket/ws-elixir-cowboy-1-19-5_concurrency.csv
  -> [SUCCESS] 300/300, Avg Latency: 7.721761036542982 ms, Throughput: 1.365732999920949 MB/s
[0;36m[PROGRESS][0m 384/406 (94%) | elapsed 8h18m | ETA ~28m | remaining 22 | WebSocket concurrency | ws-elixir-cowboy-1-19-5 | concurrency 2/3 | clients=1000 size_kb=8
[0;35m[MEASURE][0m ws-elixir-cowboy-1-19-5 | Docker start + WebSocket readiness wait …
[0;35m[MEASURE][0m ws-elixir-cowboy-1-19-5 | Scaphandre power sampling + WebSocket load | burst | clients=1000 size_kb=8 bursts=3 interval=0.5s
[0;35m[MEASURE][0m ws-elixir-cowboy-1-19-5 | stopping Scaphandre + appending CSV …
[0;35m[MEASURE][0m ws-elixir-cowboy-1-19-5 | [0;32m3000/3000 ok[0m | 2.3s | 1293 msg/s | results/2026-05-07_234827/websocket/ws-elixir-cowboy-1-19-5_concurrency.csv
  -> [SUCCESS] 3000/3000, Avg Latency: 31.309179777011497 ms, Throughput: 10.101123234135024 MB/s
[0;36m[PROGRESS][0m 385/406 (94%) | elapsed 8h19m | ETA ~27m | remaining 21 | WebSocket concurrency | ws-elixir-cowboy-1-19-5 | concurrency 3/3 | clients=5000 size_kb=8
[0;35m[MEASURE][0m ws-elixir-cowboy-1-19-5 | Docker start + WebSocket readiness wait …
[0;35m[MEASURE][0m ws-elixir-cowboy-1-19-5 | Scaphandre power sampling + WebSocket load | burst | clients=5000 size_kb=8 bursts=3 interval=0.5s
[0;35m[MEASURE][0m ws-elixir-cowboy-1-19-5 | stopping Scaphandre + appending CSV …
[0;35m[MEASURE][0m ws-elixir-cowboy-1-19-5 | [0;32m15000/15000 ok[0m | 5.1s | 2965 msg/s | results/2026-05-07_234827/websocket/ws-elixir-cowboy-1-19-5_concurrency.csv
  -> [SUCCESS] 15000/15000, Avg Latency: 144.6585350321247 ms, Throughput: 23.160173435546824 MB/s
[0;32m[SUCCESS][0m Concurrency completed for ws-elixir-cowboy-1-19-5 at Fri May  8 08:08:47 AM CEST 2026
[0;34m[INFO][0m Results saved to: results/2026-05-07_234827/websocket/ws-elixir-cowboy-1-19-5_concurrency.csv

[0;34m=== WebSocket Payload: ws-elixir-cowboy-1-19-5 ===[0m
[0;36m[PROGRESS][0m 386/406 (95%) | elapsed 8h20m | ETA ~25m | remaining 20 | WebSocket payload | ws-elixir-cowboy-1-19-5 | payload 1/3 | clients=5 size_kb=8
[0;35m[MEASURE][0m ws-elixir-cowboy-1-19-5 | Docker start + WebSocket readiness wait …
[0;35m[MEASURE][0m ws-elixir-cowboy-1-19-5 | Scaphandre power sampling + WebSocket load | burst | clients=5 size_kb=8 bursts=3 interval=0.5s
[0;35m[MEASURE][0m ws-elixir-cowboy-1-19-5 | stopping Scaphandre + appending CSV …
[0;35m[MEASURE][0m ws-elixir-cowboy-1-19-5 | [0;32m15/15 ok[0m | 1.5s | 10 msg/s | results/2026-05-07_234827/websocket/ws-elixir-cowboy-1-19-5_payload.csv
  -> [SUCCESS] 15/15, Avg Latency: 1.3539984009791322 ms, Throughput: 0.07700056240238246 MB/s
[0;36m[PROGRESS][0m 387/406 (95%) | elapsed 8h21m | ETA ~24m | remaining 19 | WebSocket payload | ws-elixir-cowboy-1-19-5 | payload 2/3 | clients=5 size_kb=1024
[0;35m[MEASURE][0m ws-elixir-cowboy-1-19-5 | Docker start + WebSocket readiness wait …
[0;35m[MEASURE][0m ws-elixir-cowboy-1-19-5 | Scaphandre power sampling + WebSocket load | burst | clients=5 size_kb=1024 bursts=3 interval=0.5s
[0;35m[MEASURE][0m ws-elixir-cowboy-1-19-5 | stopping Scaphandre + appending CSV …
[0;35m[MEASURE][0m ws-elixir-cowboy-1-19-5 | [0;32m15/15 ok[0m | 1.6s | 10 msg/s | results/2026-05-07_234827/websocket/ws-elixir-cowboy-1-19-5_payload.csv
  -> [SUCCESS] 15/15, Avg Latency: 9.46779220054547 ms, Throughput: 9.627420873722672 MB/s
[0;36m[PROGRESS][0m 388/406 (95%) | elapsed 8h21m | ETA ~23m | remaining 18 | WebSocket payload | ws-elixir-cowboy-1-19-5 | payload 3/3 | clients=5 size_kb=65536
[0;35m[MEASURE][0m ws-elixir-cowboy-1-19-5 | Docker start + WebSocket readiness wait …
[0;35m[MEASURE][0m ws-elixir-cowboy-1-19-5 | Scaphandre power sampling + WebSocket load | burst | clients=5 size_kb=65536 bursts=3 interval=0.5s
[0;35m[MEASURE][0m ws-elixir-cowboy-1-19-5 | stopping Scaphandre + appending CSV …
[0;35m[MEASURE][0m ws-elixir-cowboy-1-19-5 | [0;32m15/15 ok[0m | 3.3s | 4 msg/s | results/2026-05-07_234827/websocket/ws-elixir-cowboy-1-19-5_payload.csv
  -> [SUCCESS] 15/15, Avg Latency: 460.42447513342876 ms, Throughput: 287.6844411353275 MB/s
[0;32m[SUCCESS][0m Payload completed for ws-elixir-cowboy-1-19-5 at Fri May  8 08:11:06 AM CEST 2026
[0;34m[INFO][0m Results saved to: results/2026-05-07_234827/websocket/ws-elixir-cowboy-1-19-5_payload.csv

[0;34m=== WebSocket Concurrency: ws-gleam-mist-1-15-2 ===[0m
[0;36m[PROGRESS][0m 389/406 (95%) | elapsed 8h22m | ETA ~21m | remaining 17 | WebSocket concurrency | ws-gleam-mist-1-15-2 | concurrency 1/3 | clients=100 size_kb=8
[0;35m[MEASURE][0m ws-gleam-mist-1-15-2 | Docker start + WebSocket readiness wait …
[0;35m[MEASURE][0m ws-gleam-mist-1-15-2 | Scaphandre power sampling + WebSocket load | burst | clients=100 size_kb=8 bursts=3 interval=0.5s
[0;35m[MEASURE][0m ws-gleam-mist-1-15-2 | stopping Scaphandre + appending CSV …
[0;35m[MEASURE][0m ws-gleam-mist-1-15-2 | [0;32m300/300 ok[0m | 1.8s | 170 msg/s | results/2026-05-07_234827/websocket/ws-gleam-mist-1-15-2_concurrency.csv
  -> [SUCCESS] 300/300, Avg Latency: 12.92335612658159 ms, Throughput: 1.3306303100377828 MB/s
[0;36m[PROGRESS][0m 390/406 (96%) | elapsed 8h23m | ETA ~20m | remaining 16 | WebSocket concurrency | ws-gleam-mist-1-15-2 | concurrency 2/3 | clients=1000 size_kb=8
[0;35m[MEASURE][0m ws-gleam-mist-1-15-2 | Docker start + WebSocket readiness wait …
[0;35m[MEASURE][0m ws-gleam-mist-1-15-2 | Scaphandre power sampling + WebSocket load | burst | clients=1000 size_kb=8 bursts=3 interval=0.5s
[0;35m[MEASURE][0m ws-gleam-mist-1-15-2 | stopping Scaphandre + appending CSV …
[0;35m[MEASURE][0m ws-gleam-mist-1-15-2 | [0;32m3000/3000 ok[0m | 2.9s | 1033 msg/s | results/2026-05-07_234827/websocket/ws-gleam-mist-1-15-2_concurrency.csv
  -> [SUCCESS] 3000/3000, Avg Latency: 111.59765925367172 ms, Throughput: 8.070056735198062 MB/s
[0;36m[PROGRESS][0m 391/406 (96%) | elapsed 8h24m | ETA ~19m | remaining 15 | WebSocket concurrency | ws-gleam-mist-1-15-2 | concurrency 3/3 | clients=5000 size_kb=8
[0;35m[MEASURE][0m ws-gleam-mist-1-15-2 | Docker start + WebSocket readiness wait …
[0;35m[MEASURE][0m ws-gleam-mist-1-15-2 | Scaphandre power sampling + WebSocket load | burst | clients=5000 size_kb=8 bursts=3 interval=0.5s
[0;35m[MEASURE][0m ws-gleam-mist-1-15-2 | stopping Scaphandre + appending CSV …
[0;35m[MEASURE][0m ws-gleam-mist-1-15-2 | [0;32m15000/15000 ok[0m | 7.6s | 1969 msg/s | results/2026-05-07_234827/websocket/ws-gleam-mist-1-15-2_concurrency.csv
  -> [SUCCESS] 15000/15000, Avg Latency: 520.0551127431517 ms, Throughput: 15.382019842092076 MB/s
[0;32m[SUCCESS][0m Concurrency completed for ws-gleam-mist-1-15-2 at Fri May  8 08:14:00 AM CEST 2026
[0;34m[INFO][0m Results saved to: results/2026-05-07_234827/websocket/ws-gleam-mist-1-15-2_concurrency.csv

[0;34m=== WebSocket Payload: ws-gleam-mist-1-15-2 ===[0m
[0;36m[PROGRESS][0m 392/406 (96%) | elapsed 8h25m | ETA ~18m | remaining 14 | WebSocket payload | ws-gleam-mist-1-15-2 | payload 1/3 | clients=5 size_kb=8
[0;35m[MEASURE][0m ws-gleam-mist-1-15-2 | Docker start + WebSocket readiness wait …
[0;35m[MEASURE][0m ws-gleam-mist-1-15-2 | Scaphandre power sampling + WebSocket load | burst | clients=5 size_kb=8 bursts=3 interval=0.5s
[0;35m[MEASURE][0m ws-gleam-mist-1-15-2 | stopping Scaphandre + appending CSV …
[0;35m[MEASURE][0m ws-gleam-mist-1-15-2 | [0;32m15/15 ok[0m | 1.5s | 10 msg/s | results/2026-05-07_234827/websocket/ws-gleam-mist-1-15-2_payload.csv
  -> [SUCCESS] 15/15, Avg Latency: 1.7963444668566808 ms, Throughput: 0.07688543894402655 MB/s
[0;36m[PROGRESS][0m 393/406 (96%) | elapsed 8h26m | ETA ~16m | remaining 13 | WebSocket payload | ws-gleam-mist-1-15-2 | payload 2/3 | clients=5 size_kb=1024
[0;35m[MEASURE][0m ws-gleam-mist-1-15-2 | Docker start + WebSocket readiness wait …
[0;35m[MEASURE][0m ws-gleam-mist-1-15-2 | Scaphandre power sampling + WebSocket load | burst | clients=5 size_kb=1024 bursts=3 interval=0.5s
[0;35m[MEASURE][0m ws-gleam-mist-1-15-2 | stopping Scaphandre + appending CSV …
[0;35m[MEASURE][0m ws-gleam-mist-1-15-2 | [0;32m15/15 ok[0m | 2.6s | 6 msg/s | results/2026-05-07_234827/websocket/ws-gleam-mist-1-15-2_payload.csv
  -> [SUCCESS] 15/15, Avg Latency: 213.84408346687755 ms, Throughput: 5.79753073132056 MB/s
[0;36m[PROGRESS][0m 394/406 (97%) | elapsed 8h27m | ETA ~15m | remaining 12 | WebSocket payload | ws-gleam-mist-1-15-2 | payload 3/3 | clients=5 size_kb=65536
[0;35m[MEASURE][0m ws-gleam-mist-1-15-2 | Docker start + WebSocket readiness wait …
[0;35m[MEASURE][0m ws-gleam-mist-1-15-2 | Scaphandre power sampling + WebSocket load | burst | clients=5 size_kb=65536 bursts=3 interval=0.5s
[Client 4] WebSocket connection error: timed out during opening handshake
[0;35m[MEASURE][0m ws-gleam-mist-1-15-2 | WebSocket messages 7 (60s elapsed)
[0;35m[MEASURE][0m ws-gleam-mist-1-15-2 | stopping Scaphandre + appending CSV …
[0;35m[MEASURE][0m ws-gleam-mist-1-15-2 | 12/15 | 99.7s | 0 msg/s | results/2026-05-07_234827/websocket/ws-gleam-mist-1-15-2_payload.csv
  -> [SUCCESS] 12/15, Avg Latency: 27103.121129749827 ms, Throughput: 9.633112238588224 MB/s
[0;32m[SUCCESS][0m Payload completed for ws-gleam-mist-1-15-2 at Fri May  8 08:18:25 AM CEST 2026
[0;34m[INFO][0m Results saved to: results/2026-05-07_234827/websocket/ws-gleam-mist-1-15-2_payload.csv

[0;34m=== WebSocket Concurrency: ws-erlang-yaws-28-4-3 ===[0m
[0;36m[PROGRESS][0m 395/406 (97%) | elapsed 8h29m | ETA ~14m | remaining 11 | WebSocket concurrency | ws-erlang-yaws-28-4-3 | concurrency 1/3 | clients=100 size_kb=8
[0;35m[MEASURE][0m ws-erlang-yaws-28-4-3 | Docker start + WebSocket readiness wait …
[0;35m[MEASURE][0m ws-erlang-yaws-28-4-3 | Scaphandre power sampling + WebSocket load | burst | clients=100 size_kb=8 bursts=3 interval=0.5s
[0;35m[MEASURE][0m ws-erlang-yaws-28-4-3 | stopping Scaphandre + appending CSV …
[0;35m[MEASURE][0m ws-erlang-yaws-28-4-3 | [0;32m300/300 ok[0m | 1.7s | 172 msg/s | results/2026-05-07_234827/websocket/ws-erlang-yaws-28-4-3_concurrency.csv
  -> [SUCCESS] 300/300, Avg Latency: 16.285051286710466 ms, Throughput: 1.3402454280812393 MB/s
[0;36m[PROGRESS][0m 396/406 (97%) | elapsed 8h30m | ETA ~12m | remaining 10 | WebSocket concurrency | ws-erlang-yaws-28-4-3 | concurrency 2/3 | clients=1000 size_kb=8
[0;35m[MEASURE][0m ws-erlang-yaws-28-4-3 | Docker start + WebSocket readiness wait …
[0;35m[MEASURE][0m ws-erlang-yaws-28-4-3 | Scaphandre power sampling + WebSocket load | burst | clients=1000 size_kb=8 bursts=3 interval=0.5s
[0;35m[MEASURE][0m ws-erlang-yaws-28-4-3 | stopping Scaphandre + appending CSV …
[0;35m[MEASURE][0m ws-erlang-yaws-28-4-3 | [0;32m3000/3000 ok[0m | 2.4s | 1231 msg/s | results/2026-05-07_234827/websocket/ws-erlang-yaws-28-4-3_concurrency.csv
  -> [SUCCESS] 3000/3000, Avg Latency: 82.15310494432804 ms, Throughput: 9.617826792237956 MB/s
[0;36m[PROGRESS][0m 397/406 (97%) | elapsed 8h31m | ETA ~11m | remaining 9 | WebSocket concurrency | ws-erlang-yaws-28-4-3 | concurrency 3/3 | clients=5000 size_kb=8
[0;35m[MEASURE][0m ws-erlang-yaws-28-4-3 | Docker start + WebSocket readiness wait …
[0;35m[MEASURE][0m ws-erlang-yaws-28-4-3 | Scaphandre power sampling + WebSocket load | burst | clients=5000 size_kb=8 bursts=3 interval=0.5s
[0;35m[MEASURE][0m ws-erlang-yaws-28-4-3 | stopping Scaphandre + appending CSV …
[0;35m[MEASURE][0m ws-erlang-yaws-28-4-3 | [0;32m15000/15000 ok[0m | 5.4s | 2762 msg/s | results/2026-05-07_234827/websocket/ws-erlang-yaws-28-4-3_concurrency.csv
  -> [SUCCESS] 15000/15000, Avg Latency: 312.0272442209365 ms, Throughput: 21.575115085277275 MB/s
[0;32m[SUCCESS][0m Concurrency completed for ws-erlang-yaws-28-4-3 at Fri May  8 08:21:17 AM CEST 2026
[0;34m[INFO][0m Results saved to: results/2026-05-07_234827/websocket/ws-erlang-yaws-28-4-3_concurrency.csv

[0;34m=== WebSocket Payload: ws-erlang-yaws-28-4-3 ===[0m
[0;36m[PROGRESS][0m 398/406 (98%) | elapsed 8h32m | ETA ~10m | remaining 8 | WebSocket payload | ws-erlang-yaws-28-4-3 | payload 1/3 | clients=5 size_kb=8
[0;35m[MEASURE][0m ws-erlang-yaws-28-4-3 | Docker start + WebSocket readiness wait …
[0;35m[MEASURE][0m ws-erlang-yaws-28-4-3 | Scaphandre power sampling + WebSocket load | burst | clients=5 size_kb=8 bursts=3 interval=0.5s
[0;35m[MEASURE][0m ws-erlang-yaws-28-4-3 | stopping Scaphandre + appending CSV …
[0;35m[MEASURE][0m ws-erlang-yaws-28-4-3 | [0;32m15/15 ok[0m | 1.5s | 10 msg/s | results/2026-05-07_234827/websocket/ws-erlang-yaws-28-4-3_payload.csv
  -> [SUCCESS] 15/15, Avg Latency: 3.1963944667950273 ms, Throughput: 0.07677908969479093 MB/s
[0;36m[PROGRESS][0m 399/406 (98%) | elapsed 8h33m | ETA ~9m | remaining 7 | WebSocket payload | ws-erlang-yaws-28-4-3 | payload 2/3 | clients=5 size_kb=1024
[0;35m[MEASURE][0m ws-erlang-yaws-28-4-3 | Docker start + WebSocket readiness wait …
[0;35m[MEASURE][0m ws-erlang-yaws-28-4-3 | Scaphandre power sampling + WebSocket load | burst | clients=5 size_kb=1024 bursts=3 interval=0.5s
[0;35m[MEASURE][0m ws-erlang-yaws-28-4-3 | stopping Scaphandre + appending CSV …
[0;35m[MEASURE][0m ws-erlang-yaws-28-4-3 | [0;32m15/15 ok[0m | 1.9s | 8 msg/s | results/2026-05-07_234827/websocket/ws-erlang-yaws-28-4-3_payload.csv
  -> [SUCCESS] 15/15, Avg Latency: 111.30857386718465 ms, Throughput: 7.95956414455373 MB/s
[0;36m[PROGRESS][0m 400/406 (98%) | elapsed 8h34m | ETA ~7m | remaining 6 | WebSocket payload | ws-erlang-yaws-28-4-3 | payload 3/3 | clients=5 size_kb=65536
[0;35m[MEASURE][0m ws-erlang-yaws-28-4-3 | Docker start + WebSocket readiness wait …
[0;35m[MEASURE][0m ws-erlang-yaws-28-4-3 | Scaphandre power sampling + WebSocket load | burst | clients=5 size_kb=65536 bursts=3 interval=0.5s
[0;35m[MEASURE][0m ws-erlang-yaws-28-4-3 | stopping Scaphandre + appending CSV …
[0;35m[MEASURE][0m ws-erlang-yaws-28-4-3 | [0;32m15/15 ok[0m | 17.5s | 1 msg/s | results/2026-05-07_234827/websocket/ws-erlang-yaws-28-4-3_payload.csv
  -> [SUCCESS] 15/15, Avg Latency: 5141.134072999557 ms, Throughput: 54.96933147842032 MB/s
[0;32m[SUCCESS][0m Payload completed for ws-erlang-yaws-28-4-3 at Fri May  8 08:24:18 AM CEST 2026
[0;34m[INFO][0m Results saved to: results/2026-05-07_234827/websocket/ws-erlang-yaws-28-4-3_payload.csv

[0;34m=== WebSocket Concurrency: ws-erlang-cowboy-28-4-3 ===[0m
[0;36m[PROGRESS][0m 401/406 (98%) | elapsed 8h35m | ETA ~6m | remaining 5 | WebSocket concurrency | ws-erlang-cowboy-28-4-3 | concurrency 1/3 | clients=100 size_kb=8
[0;35m[MEASURE][0m ws-erlang-cowboy-28-4-3 | Docker start + WebSocket readiness wait …
[0;35m[MEASURE][0m ws-erlang-cowboy-28-4-3 | Scaphandre power sampling + WebSocket load | burst | clients=100 size_kb=8 bursts=3 interval=0.5s
[0;35m[MEASURE][0m ws-erlang-cowboy-28-4-3 | stopping Scaphandre + appending CSV …
[0;35m[MEASURE][0m ws-erlang-cowboy-28-4-3 | [0;32m300/300 ok[0m | 1.7s | 173 msg/s | results/2026-05-07_234827/websocket/ws-erlang-cowboy-28-4-3_concurrency.csv
  -> [SUCCESS] 300/300, Avg Latency: 6.368480316596106 ms, Throughput: 1.353187908030465 MB/s
[0;36m[PROGRESS][0m 402/406 (99%) | elapsed 8h36m | ETA ~5m | remaining 4 | WebSocket concurrency | ws-erlang-cowboy-28-4-3 | concurrency 2/3 | clients=1000 size_kb=8
[0;35m[MEASURE][0m ws-erlang-cowboy-28-4-3 | Docker start + WebSocket readiness wait …
[0;35m[MEASURE][0m ws-erlang-cowboy-28-4-3 | Scaphandre power sampling + WebSocket load | burst | clients=1000 size_kb=8 bursts=3 interval=0.5s
[0;35m[MEASURE][0m ws-erlang-cowboy-28-4-3 | stopping Scaphandre + appending CSV …
[0;35m[MEASURE][0m ws-erlang-cowboy-28-4-3 | [0;32m3000/3000 ok[0m | 2.2s | 1358 msg/s | results/2026-05-07_234827/websocket/ws-erlang-cowboy-28-4-3_concurrency.csv
  -> [SUCCESS] 3000/3000, Avg Latency: 30.70721223966757 ms, Throughput: 10.613204491610404 MB/s
[0;36m[PROGRESS][0m 403/406 (99%) | elapsed 8h37m | ETA ~3m | remaining 3 | WebSocket concurrency | ws-erlang-cowboy-28-4-3 | concurrency 3/3 | clients=5000 size_kb=8
[0;35m[MEASURE][0m ws-erlang-cowboy-28-4-3 | Docker start + WebSocket readiness wait …
[0;35m[MEASURE][0m ws-erlang-cowboy-28-4-3 | Scaphandre power sampling + WebSocket load | burst | clients=5000 size_kb=8 bursts=3 interval=0.5s
[0;35m[MEASURE][0m ws-erlang-cowboy-28-4-3 | stopping Scaphandre + appending CSV …
[0;35m[MEASURE][0m ws-erlang-cowboy-28-4-3 | [0;32m15000/15000 ok[0m | 5.0s | 2976 msg/s | results/2026-05-07_234827/websocket/ws-erlang-cowboy-28-4-3_concurrency.csv
  -> [SUCCESS] 15000/15000, Avg Latency: 143.4419195662168 ms, Throughput: 23.251858949508147 MB/s
[0;32m[SUCCESS][0m Concurrency completed for ws-erlang-cowboy-28-4-3 at Fri May  8 08:27:09 AM CEST 2026
[0;34m[INFO][0m Results saved to: results/2026-05-07_234827/websocket/ws-erlang-cowboy-28-4-3_concurrency.csv

[0;34m=== WebSocket Payload: ws-erlang-cowboy-28-4-3 ===[0m
[0;36m[PROGRESS][0m 404/406 (99%) | elapsed 8h38m | ETA ~2m | remaining 2 | WebSocket payload | ws-erlang-cowboy-28-4-3 | payload 1/3 | clients=5 size_kb=8
[0;35m[MEASURE][0m ws-erlang-cowboy-28-4-3 | Docker start + WebSocket readiness wait …
[0;35m[MEASURE][0m ws-erlang-cowboy-28-4-3 | Scaphandre power sampling + WebSocket load | burst | clients=5 size_kb=8 bursts=3 interval=0.5s
[0;35m[MEASURE][0m ws-erlang-cowboy-28-4-3 | stopping Scaphandre + appending CSV …
[0;35m[MEASURE][0m ws-erlang-cowboy-28-4-3 | [0;32m15/15 ok[0m | 1.5s | 10 msg/s | results/2026-05-07_234827/websocket/ws-erlang-cowboy-28-4-3_payload.csv
  -> [SUCCESS] 15/15, Avg Latency: 1.2740032000389572 ms, Throughput: 0.07703507735323574 MB/s
[0;36m[PROGRESS][0m 405/406 (99%) | elapsed 8h39m | ETA ~1m | remaining 1 | WebSocket payload | ws-erlang-cowboy-28-4-3 | payload 2/3 | clients=5 size_kb=1024
[0;35m[MEASURE][0m ws-erlang-cowboy-28-4-3 | Docker start + WebSocket readiness wait …
[0;35m[MEASURE][0m ws-erlang-cowboy-28-4-3 | Scaphandre power sampling + WebSocket load | burst | clients=5 size_kb=1024 bursts=3 interval=0.5s
[0;35m[MEASURE][0m ws-erlang-cowboy-28-4-3 | stopping Scaphandre + appending CSV …
[0;35m[MEASURE][0m ws-erlang-cowboy-28-4-3 | [0;32m15/15 ok[0m | 1.6s | 10 msg/s | results/2026-05-07_234827/websocket/ws-erlang-cowboy-28-4-3_payload.csv
  -> [SUCCESS] 15/15, Avg Latency: 8.803198800160317 ms, Throughput: 9.635027240601705 MB/s
[0;36m[PROGRESS][0m 406/406 (100%) | elapsed 8h40m | ETA — | remaining 0 | WebSocket payload | ws-erlang-cowboy-28-4-3 | payload 3/3 | clients=5 size_kb=65536
[0;35m[MEASURE][0m ws-erlang-cowboy-28-4-3 | Docker start + WebSocket readiness wait …
[0;35m[MEASURE][0m ws-erlang-cowboy-28-4-3 | Scaphandre power sampling + WebSocket load | burst | clients=5 size_kb=65536 bursts=3 interval=0.5s
[0;35m[MEASURE][0m ws-erlang-cowboy-28-4-3 | stopping Scaphandre + appending CSV …
[0;35m[MEASURE][0m ws-erlang-cowboy-28-4-3 | [0;32m15/15 ok[0m | 3.3s | 5 msg/s | results/2026-05-07_234827/websocket/ws-erlang-cowboy-28-4-3_payload.csv
  -> [SUCCESS] 15/15, Avg Latency: 450.63723733401275 ms, Throughput: 288.7831763631853 MB/s
[0;32m[SUCCESS][0m Payload completed for ws-erlang-cowboy-28-4-3 at Fri May  8 08:29:57 AM CEST 2026
[0;34m[INFO][0m Results saved to: results/2026-05-07_234827/websocket/ws-erlang-cowboy-28-4-3_payload.csv

[0;34m[INFO][0m Measurement steps finished: 406/406 (total elapsed 8h41m)
[0;32m[SUCCESS][0m Benchmarks completed at Fri May  8 08:29:58 AM CEST 2026
[0;34m[INFO][0m Results saved to: results/2026-05-07_234827

[RUN SUMMARY] All containers ran successfully (no 100% failed requests).
