[0;34m[INFO][0m Requesting sudo authentication once for long benchmark run...
[0;34m[INFO][0m Starting benchmarks at Thu May  7 02:25:51 PM CEST 2026
[0;34m[INFO][0m Results will be saved to: results/2026-05-07_142551
[0;34m[INFO][0m HTTP client max workers: 100 (column "HTTP Max Workers" in static/dynamic CSVs; override with HTTP_MAX_WORKERS=N or HTTP_MAX_WORKERS=system)

[0;34m──────────────── Run plan ─────────────────[0m
[0;34m[INFO][0m Log file (full output): logs/run_2026-05-07_142551.log
[0;34m[INFO][0m Results directory: results/2026-05-07_142551
[0;34m[INFO][0m Total measurement steps (each step = one HTTP or WebSocket measurement): [0;32m406[0m
[0;34m[INFO][0m   · Static HTTP:     11 containers × 13 levels = 143
[0;34m[INFO][0m   · Dynamic HTTP:    11 containers × 13 levels = 143
[0;34m[INFO][0m   · WebSocket grid:  5 × 18 (burst+stream invocations) = 90
[0;34m[INFO][0m   · WS concurrency:  5 × 3 = 15
[0;34m[INFO][0m   · WS payload:      5 × 3 = 15
[0;34m[INFO][0m Measurement output is compact (BENCH_MEASURE_QUIET=1): magenta [MEASURE] lines + load heartbeats every 60s for HTTP+WebSocket. BENCH_MEASURE_QUIET=0 or MEASURE_HEARTBEAT_SEC=3600 to reduce noise.
[0;34m[INFO][0m While running: [0;36mtail -f logs/run_2026-05-07_142551.log[0m
[0;34m[INFO][0m Milestones only: [0;36mgrep -F '[PROGRESS]' logs/run_2026-05-07_142551.log[0m
[0;34m────────────────────────────────────────────[0m

[0;34m[INFO][0m Running all benchmarks...

[0;34m=== Static Container Tests ===[0m
[0;34mRunning static tests for st-elixir-index-1-19-5 on port 8001[0m (1/11)
[0;36m[PROGRESS][0m 1/406 (0%) | elapsed 0s | ETA ~0s | remaining 405 | static HTTP | st-elixir-index-1-19-5 | level 1/13 | 100 requests
[0;35m[MEASURE][0m st-elixir-index-1-19-5 | Docker start + HTTP readiness wait …
[0;35m[MEASURE][0m st-elixir-index-1-19-5 | Scaphandre power sampling + HTTP load | 100 GET → http://localhost:8001/
[0;35m[MEASURE][0m st-elixir-index-1-19-5 | stopping Scaphandre + appending CSV …
[0;35m[MEASURE][0m st-elixir-index-1-19-5 | [0;32m100/100 ok[0m | 1.5s | 66 req/s | results/2026-05-07_142551/static/st-elixir-index-1-19-5.csv
[0;36m[PROGRESS][0m 2/406 (0%) | elapsed 48s | ETA ~2h41m | remaining 404 | static HTTP | st-elixir-index-1-19-5 | level 2/13 | 1000 requests
[0;35m[MEASURE][0m st-elixir-index-1-19-5 | Docker start + HTTP readiness wait …
[0;35m[MEASURE][0m st-elixir-index-1-19-5 | Scaphandre power sampling + HTTP load | 1000 GET → http://localhost:8001/
[0;35m[MEASURE][0m st-elixir-index-1-19-5 | stopping Scaphandre + appending CSV …
[0;35m[MEASURE][0m st-elixir-index-1-19-5 | [0;32m1000/1000 ok[0m | 2.2s | 459 req/s | results/2026-05-07_142551/static/st-elixir-index-1-19-5.csv
[0;36m[PROGRESS][0m 3/406 (0%) | elapsed 1m35s | ETA ~3h32m | remaining 403 | static HTTP | st-elixir-index-1-19-5 | level 3/13 | 5000 requests
[0;35m[MEASURE][0m st-elixir-index-1-19-5 | Docker start + HTTP readiness wait …
[0;35m[MEASURE][0m st-elixir-index-1-19-5 | Scaphandre power sampling + HTTP load | 5000 GET → http://localhost:8001/
[0;35m[MEASURE][0m st-elixir-index-1-19-5 | stopping Scaphandre + appending CSV …
[0;35m[MEASURE][0m st-elixir-index-1-19-5 | [0;32m5000/5000 ok[0m | 4.4s | 1126 req/s | results/2026-05-07_142551/static/st-elixir-index-1-19-5.csv
[0;36m[PROGRESS][0m 4/406 (0%) | elapsed 2m24s | ETA ~4h01m | remaining 402 | static HTTP | st-elixir-index-1-19-5 | level 4/13 | 8000 requests
[0;35m[MEASURE][0m st-elixir-index-1-19-5 | Docker start + HTTP readiness wait …
[0;35m[MEASURE][0m st-elixir-index-1-19-5 | Scaphandre power sampling + HTTP load | 8000 GET → http://localhost:8001/
[0;35m[MEASURE][0m st-elixir-index-1-19-5 | stopping Scaphandre + appending CSV …
[0;35m[MEASURE][0m st-elixir-index-1-19-5 | [0;32m8000/8000 ok[0m | 6.2s | 1285 req/s | results/2026-05-07_142551/static/st-elixir-index-1-19-5.csv
[0;36m[PROGRESS][0m 5/406 (1%) | elapsed 3m16s | ETA ~4h21m | remaining 401 | static HTTP | st-elixir-index-1-19-5 | level 5/13 | 10000 requests
[0;35m[MEASURE][0m st-elixir-index-1-19-5 | Docker start + HTTP readiness wait …
[0;35m[MEASURE][0m st-elixir-index-1-19-5 | Scaphandre power sampling + HTTP load | 10000 GET → http://localhost:8001/
[0;35m[MEASURE][0m st-elixir-index-1-19-5 | stopping Scaphandre + appending CSV …
[0;35m[MEASURE][0m st-elixir-index-1-19-5 | [0;32m10000/10000 ok[0m | 7.9s | 1271 req/s | results/2026-05-07_142551/static/st-elixir-index-1-19-5.csv
[0;36m[PROGRESS][0m 6/406 (1%) | elapsed 4m10s | ETA ~4h37m | remaining 400 | static HTTP | st-elixir-index-1-19-5 | level 6/13 | 15000 requests
[0;35m[MEASURE][0m st-elixir-index-1-19-5 | Docker start + HTTP readiness wait …
[0;35m[MEASURE][0m st-elixir-index-1-19-5 | Scaphandre power sampling + HTTP load | 15000 GET → http://localhost:8001/
[0;35m[MEASURE][0m st-elixir-index-1-19-5 | stopping Scaphandre + appending CSV …
[0;35m[MEASURE][0m st-elixir-index-1-19-5 | [0;32m15000/15000 ok[0m | 12.3s | 1215 req/s | results/2026-05-07_142551/static/st-elixir-index-1-19-5.csv
[0;36m[PROGRESS][0m 7/406 (1%) | elapsed 5m07s | ETA ~4h51m | remaining 399 | static HTTP | st-elixir-index-1-19-5 | level 7/13 | 20000 requests
[0;35m[MEASURE][0m st-elixir-index-1-19-5 | Docker start + HTTP readiness wait …
[0;35m[MEASURE][0m st-elixir-index-1-19-5 | Scaphandre power sampling + HTTP load | 20000 GET → http://localhost:8001/
[0;35m[MEASURE][0m st-elixir-index-1-19-5 | stopping Scaphandre + appending CSV …
[0;35m[MEASURE][0m st-elixir-index-1-19-5 | [0;32m20000/20000 ok[0m | 16.3s | 1227 req/s | results/2026-05-07_142551/static/st-elixir-index-1-19-5.csv
[0;36m[PROGRESS][0m 8/406 (1%) | elapsed 6m09s | ETA ~5h05m | remaining 398 | static HTTP | st-elixir-index-1-19-5 | level 8/13 | 30000 requests
[0;35m[MEASURE][0m st-elixir-index-1-19-5 | Docker start + HTTP readiness wait …
[0;35m[MEASURE][0m st-elixir-index-1-19-5 | Scaphandre power sampling + HTTP load | 30000 GET → http://localhost:8001/
[0;35m[MEASURE][0m st-elixir-index-1-19-5 | stopping Scaphandre + appending CSV …
[0;35m[MEASURE][0m st-elixir-index-1-19-5 | [0;32m30000/30000 ok[0m | 24.5s | 1223 req/s | results/2026-05-07_142551/static/st-elixir-index-1-19-5.csv
[0;36m[PROGRESS][0m 9/406 (2%) | elapsed 7m19s | ETA ~5h22m | remaining 397 | static HTTP | st-elixir-index-1-19-5 | level 9/13 | 40000 requests
[0;35m[MEASURE][0m st-elixir-index-1-19-5 | Docker start + HTTP readiness wait …
[0;35m[MEASURE][0m st-elixir-index-1-19-5 | Scaphandre power sampling + HTTP load | 40000 GET → http://localhost:8001/
[0;35m[MEASURE][0m st-elixir-index-1-19-5 | stopping Scaphandre + appending CSV …
[0;35m[MEASURE][0m st-elixir-index-1-19-5 | [0;32m40000/40000 ok[0m | 32.3s | 1238 req/s | results/2026-05-07_142551/static/st-elixir-index-1-19-5.csv
[0;36m[PROGRESS][0m 10/406 (2%) | elapsed 8m37s | ETA ~5h41m | remaining 396 | static HTTP | st-elixir-index-1-19-5 | level 10/13 | 50000 requests
[0;35m[MEASURE][0m st-elixir-index-1-19-5 | Docker start + HTTP readiness wait …
[0;35m[MEASURE][0m st-elixir-index-1-19-5 | Scaphandre power sampling + HTTP load | 50000 GET → http://localhost:8001/
[0;35m[MEASURE][0m st-elixir-index-1-19-5 | stopping Scaphandre + appending CSV …
[0;35m[MEASURE][0m st-elixir-index-1-19-5 | [0;32m50000/50000 ok[0m | 41.4s | 1208 req/s | results/2026-05-07_142551/static/st-elixir-index-1-19-5.csv
[0;36m[PROGRESS][0m 11/406 (2%) | elapsed 10m03s | ETA ~6h00m | remaining 395 | static HTTP | st-elixir-index-1-19-5 | level 11/13 | 60000 requests
[0;35m[MEASURE][0m st-elixir-index-1-19-5 | Docker start + HTTP readiness wait …
[0;35m[MEASURE][0m st-elixir-index-1-19-5 | Scaphandre power sampling + HTTP load | 60000 GET → http://localhost:8001/
[0;35m[MEASURE][0m st-elixir-index-1-19-5 | stopping Scaphandre + appending CSV …
[0;35m[MEASURE][0m st-elixir-index-1-19-5 | [0;32m60000/60000 ok[0m | 49.1s | 1221 req/s | results/2026-05-07_142551/static/st-elixir-index-1-19-5.csv
[0;36m[PROGRESS][0m 12/406 (2%) | elapsed 11m38s | ETA ~6h21m | remaining 394 | static HTTP | st-elixir-index-1-19-5 | level 12/13 | 70000 requests
[0;35m[MEASURE][0m st-elixir-index-1-19-5 | Docker start + HTTP readiness wait …
[0;35m[MEASURE][0m st-elixir-index-1-19-5 | Scaphandre power sampling + HTTP load | 70000 GET → http://localhost:8001/
[0;35m[MEASURE][0m st-elixir-index-1-19-5 | stopping Scaphandre + appending CSV …
[0;35m[MEASURE][0m st-elixir-index-1-19-5 | 69999/70000 | 57.2s | 1224 req/s | results/2026-05-07_142551/static/st-elixir-index-1-19-5.csv
[0;36m[PROGRESS][0m 13/406 (3%) | elapsed 13m20s | ETA ~6h43m | remaining 393 | static HTTP | st-elixir-index-1-19-5 | level 13/13 | 80000 requests
[0;35m[MEASURE][0m st-elixir-index-1-19-5 | Docker start + HTTP readiness wait …
[0;35m[MEASURE][0m st-elixir-index-1-19-5 | Scaphandre power sampling + HTTP load | 80000 GET → http://localhost:8001/
[0;35m[MEASURE][0m st-elixir-index-1-19-5 | HTTP requests 72763/80000 (60s elapsed)
[0;35m[MEASURE][0m st-elixir-index-1-19-5 | stopping Scaphandre + appending CSV …
[0;35m[MEASURE][0m st-elixir-index-1-19-5 | [0;32m80000/80000 ok[0m | 65.9s | 1214 req/s | results/2026-05-07_142551/static/st-elixir-index-1-19-5.csv
[0;34mRunning static tests for st-elixir-cowboy-1-19-5 on port 8001[0m (2/11)
[0;36m[PROGRESS][0m 14/406 (3%) | elapsed 15m14s | ETA ~7h06m | remaining 392 | static HTTP | st-elixir-cowboy-1-19-5 | level 1/13 | 100 requests
[0;35m[MEASURE][0m st-elixir-cowboy-1-19-5 | Docker start + HTTP readiness wait …
[0;35m[MEASURE][0m st-elixir-cowboy-1-19-5 | Scaphandre power sampling + HTTP load | 100 GET → http://localhost:8001/
[0;35m[MEASURE][0m st-elixir-cowboy-1-19-5 | stopping Scaphandre + appending CSV …
[0;35m[MEASURE][0m st-elixir-cowboy-1-19-5 | [0;32m100/100 ok[0m | 0.1s | 988 req/s | results/2026-05-07_142551/static/st-elixir-cowboy-1-19-5.csv
[0;36m[PROGRESS][0m 15/406 (3%) | elapsed 16m02s | ETA ~6h57m | remaining 391 | static HTTP | st-elixir-cowboy-1-19-5 | level 2/13 | 1000 requests
[0;35m[MEASURE][0m st-elixir-cowboy-1-19-5 | Docker start + HTTP readiness wait …
[0;35m[MEASURE][0m st-elixir-cowboy-1-19-5 | Scaphandre power sampling + HTTP load | 1000 GET → http://localhost:8001/
[0;35m[MEASURE][0m st-elixir-cowboy-1-19-5 | stopping Scaphandre + appending CSV …
[0;35m[MEASURE][0m st-elixir-cowboy-1-19-5 | [0;32m1000/1000 ok[0m | 0.8s | 1289 req/s | results/2026-05-07_142551/static/st-elixir-cowboy-1-19-5.csv
[0;36m[PROGRESS][0m 16/406 (3%) | elapsed 16m47s | ETA ~6h49m | remaining 390 | static HTTP | st-elixir-cowboy-1-19-5 | level 3/13 | 5000 requests
[0;35m[MEASURE][0m st-elixir-cowboy-1-19-5 | Docker start + HTTP readiness wait …
[0;35m[MEASURE][0m st-elixir-cowboy-1-19-5 | Scaphandre power sampling + HTTP load | 5000 GET → http://localhost:8001/
[0;35m[MEASURE][0m st-elixir-cowboy-1-19-5 | stopping Scaphandre + appending CSV …
[0;35m[MEASURE][0m st-elixir-cowboy-1-19-5 | [0;32m5000/5000 ok[0m | 4.1s | 1209 req/s | results/2026-05-07_142551/static/st-elixir-cowboy-1-19-5.csv
[0;36m[PROGRESS][0m 17/406 (4%) | elapsed 17m37s | ETA ~6h43m | remaining 389 | static HTTP | st-elixir-cowboy-1-19-5 | level 4/13 | 8000 requests
[0;35m[MEASURE][0m st-elixir-cowboy-1-19-5 | Docker start + HTTP readiness wait …
[0;35m[MEASURE][0m st-elixir-cowboy-1-19-5 | Scaphandre power sampling + HTTP load | 8000 GET → http://localhost:8001/
[0;35m[MEASURE][0m st-elixir-cowboy-1-19-5 | stopping Scaphandre + appending CSV …
[0;35m[MEASURE][0m st-elixir-cowboy-1-19-5 | [0;32m8000/8000 ok[0m | 6.6s | 1210 req/s | results/2026-05-07_142551/static/st-elixir-cowboy-1-19-5.csv
[0;36m[PROGRESS][0m 18/406 (4%) | elapsed 18m28s | ETA ~6h38m | remaining 388 | static HTTP | st-elixir-cowboy-1-19-5 | level 5/13 | 10000 requests
[0;35m[MEASURE][0m st-elixir-cowboy-1-19-5 | Docker start + HTTP readiness wait …
[0;35m[MEASURE][0m st-elixir-cowboy-1-19-5 | Scaphandre power sampling + HTTP load | 10000 GET → http://localhost:8001/
[0;35m[MEASURE][0m st-elixir-cowboy-1-19-5 | stopping Scaphandre + appending CSV …
[0;35m[MEASURE][0m st-elixir-cowboy-1-19-5 | [0;32m10000/10000 ok[0m | 9.7s | 1026 req/s | results/2026-05-07_142551/static/st-elixir-cowboy-1-19-5.csv
[0;36m[PROGRESS][0m 19/406 (4%) | elapsed 19m24s | ETA ~6h35m | remaining 387 | static HTTP | st-elixir-cowboy-1-19-5 | level 6/13 | 15000 requests
[0;35m[MEASURE][0m st-elixir-cowboy-1-19-5 | Docker start + HTTP readiness wait …
[0;35m[MEASURE][0m st-elixir-cowboy-1-19-5 | Scaphandre power sampling + HTTP load | 15000 GET → http://localhost:8001/
[0;35m[MEASURE][0m st-elixir-cowboy-1-19-5 | stopping Scaphandre + appending CSV …
[0;35m[MEASURE][0m st-elixir-cowboy-1-19-5 | [0;32m15000/15000 ok[0m | 13.3s | 1128 req/s | results/2026-05-07_142551/static/st-elixir-cowboy-1-19-5.csv
[0;36m[PROGRESS][0m 20/406 (4%) | elapsed 20m21s | ETA ~6h32m | remaining 386 | static HTTP | st-elixir-cowboy-1-19-5 | level 7/13 | 20000 requests
[0;35m[MEASURE][0m st-elixir-cowboy-1-19-5 | Docker start + HTTP readiness wait …
[0;35m[MEASURE][0m st-elixir-cowboy-1-19-5 | Scaphandre power sampling + HTTP load | 20000 GET → http://localhost:8001/
[0;35m[MEASURE][0m st-elixir-cowboy-1-19-5 | stopping Scaphandre + appending CSV …
[0;35m[MEASURE][0m st-elixir-cowboy-1-19-5 | [0;32m20000/20000 ok[0m | 19.0s | 1054 req/s | results/2026-05-07_142551/static/st-elixir-cowboy-1-19-5.csv
[0;36m[PROGRESS][0m 21/406 (5%) | elapsed 21m26s | ETA ~6h32m | remaining 385 | static HTTP | st-elixir-cowboy-1-19-5 | level 8/13 | 30000 requests
[0;35m[MEASURE][0m st-elixir-cowboy-1-19-5 | Docker start + HTTP readiness wait …
[0;35m[MEASURE][0m st-elixir-cowboy-1-19-5 | Scaphandre power sampling + HTTP load | 30000 GET → http://localhost:8001/
[0;35m[MEASURE][0m st-elixir-cowboy-1-19-5 | stopping Scaphandre + appending CSV …
[0;35m[MEASURE][0m st-elixir-cowboy-1-19-5 | 28231/30000 | 33.4s | 899 req/s | results/2026-05-07_142551/static/st-elixir-cowboy-1-19-5.csv
[0;36m[PROGRESS][0m 22/406 (5%) | elapsed 22m44s | ETA ~6h36m | remaining 384 | static HTTP | st-elixir-cowboy-1-19-5 | level 9/13 | 40000 requests
[0;35m[MEASURE][0m st-elixir-cowboy-1-19-5 | Docker start + HTTP readiness wait …
[0;35m[MEASURE][0m st-elixir-cowboy-1-19-5 | Scaphandre power sampling + HTTP load | 40000 GET → http://localhost:8001/
[0;35m[MEASURE][0m st-elixir-cowboy-1-19-5 | HTTP requests 39948/40000 (60s elapsed)
[0;35m[MEASURE][0m st-elixir-cowboy-1-19-5 | stopping Scaphandre + appending CSV …
[0;35m[MEASURE][0m st-elixir-cowboy-1-19-5 | 28232/40000 | 60.0s | 666 req/s | results/2026-05-07_142551/static/st-elixir-cowboy-1-19-5.csv
[0;36m[PROGRESS][0m 23/406 (5%) | elapsed 24m32s | ETA ~6h48m | remaining 383 | static HTTP | st-elixir-cowboy-1-19-5 | level 10/13 | 50000 requests
[0;35m[MEASURE][0m st-elixir-cowboy-1-19-5 | Docker start + HTTP readiness wait …
[0;35m[MEASURE][0m st-elixir-cowboy-1-19-5 | Scaphandre power sampling + HTTP load | 50000 GET → http://localhost:8001/
[0;35m[MEASURE][0m st-elixir-cowboy-1-19-5 | HTTP requests 40103/50000 (60s elapsed)
[0;35m[MEASURE][0m st-elixir-cowboy-1-19-5 | stopping Scaphandre + appending CSV …
[0;35m[MEASURE][0m st-elixir-cowboy-1-19-5 | 37297/50000 | 70.4s | 710 req/s | results/2026-05-07_142551/static/st-elixir-cowboy-1-19-5.csv
[0;36m[PROGRESS][0m 24/406 (5%) | elapsed 26m30s | ETA ~7h01m | remaining 382 | static HTTP | st-elixir-cowboy-1-19-5 | level 11/13 | 60000 requests
[0;35m[MEASURE][0m st-elixir-cowboy-1-19-5 | Docker start + HTTP readiness wait …
[0;35m[MEASURE][0m st-elixir-cowboy-1-19-5 | Scaphandre power sampling + HTTP load | 60000 GET → http://localhost:8001/
[0;35m[MEASURE][0m st-elixir-cowboy-1-19-5 | HTTP requests 39824/60000 (60s elapsed)
[0;35m[MEASURE][0m st-elixir-cowboy-1-19-5 | stopping Scaphandre + appending CSV …
[0;35m[MEASURE][0m st-elixir-cowboy-1-19-5 | 47506/60000 | 81.5s | 737 req/s | results/2026-05-07_142551/static/st-elixir-cowboy-1-19-5.csv
[0;36m[PROGRESS][0m 25/406 (6%) | elapsed 28m36s | ETA ~7h15m | remaining 381 | static HTTP | st-elixir-cowboy-1-19-5 | level 12/13 | 70000 requests
[0;35m[MEASURE][0m st-elixir-cowboy-1-19-5 | Docker start + HTTP readiness wait …
[0;35m[MEASURE][0m st-elixir-cowboy-1-19-5 | Scaphandre power sampling + HTTP load | 70000 GET → http://localhost:8001/
[0;35m[MEASURE][0m st-elixir-cowboy-1-19-5 | HTTP requests 39585/70000 (60s elapsed)
[0;35m[MEASURE][0m st-elixir-cowboy-1-19-5 | stopping Scaphandre + appending CSV …
[0;35m[MEASURE][0m st-elixir-cowboy-1-19-5 | 56463/70000 | 96.5s | 726 req/s | results/2026-05-07_142551/static/st-elixir-cowboy-1-19-5.csv
[0;36m[PROGRESS][0m 26/406 (6%) | elapsed 30m59s | ETA ~7h32m | remaining 380 | static HTTP | st-elixir-cowboy-1-19-5 | level 13/13 | 80000 requests
[0;35m[MEASURE][0m st-elixir-cowboy-1-19-5 | Docker start + HTTP readiness wait …
[0;35m[MEASURE][0m st-elixir-cowboy-1-19-5 | Scaphandre power sampling + HTTP load | 80000 GET → http://localhost:8001/
[0;35m[MEASURE][0m st-elixir-cowboy-1-19-5 | HTTP requests 39778/80000 (60s elapsed)
[0;35m[MEASURE][0m st-elixir-cowboy-1-19-5 | HTTP requests 78460/80000 (120s elapsed)
[0;35m[MEASURE][0m st-elixir-cowboy-1-19-5 | stopping Scaphandre + appending CSV …
[0;35m[MEASURE][0m st-elixir-cowboy-1-19-5 | 56826/80000 | 123.6s | 647 req/s | results/2026-05-07_142551/static/st-elixir-cowboy-1-19-5.csv
[0;34mRunning static tests for st-elixir-phoenix-1-8-5 on port 8001[0m (3/11)
[0;36m[PROGRESS][0m 27/406 (6%) | elapsed 33m48s | ETA ~7h54m | remaining 379 | static HTTP | st-elixir-phoenix-1-8-5 | level 1/13 | 100 requests
[0;35m[MEASURE][0m st-elixir-phoenix-1-8-5 | Docker start + HTTP readiness wait …
[0;35m[MEASURE][0m st-elixir-phoenix-1-8-5 | Scaphandre power sampling + HTTP load | 100 GET → http://localhost:8001/
[0;35m[MEASURE][0m st-elixir-phoenix-1-8-5 | stopping Scaphandre + appending CSV …
[0;35m[MEASURE][0m st-elixir-phoenix-1-8-5 | [0;32m100/100 ok[0m | 0.1s | 688 req/s | results/2026-05-07_142551/static/st-elixir-phoenix-1-8-5.csv
[0;36m[PROGRESS][0m 28/406 (6%) | elapsed 34m35s | ETA ~7h46m | remaining 378 | static HTTP | st-elixir-phoenix-1-8-5 | level 2/13 | 1000 requests
[0;35m[MEASURE][0m st-elixir-phoenix-1-8-5 | Docker start + HTTP readiness wait …
[0;35m[MEASURE][0m st-elixir-phoenix-1-8-5 | Scaphandre power sampling + HTTP load | 1000 GET → http://localhost:8001/
[0;35m[MEASURE][0m st-elixir-phoenix-1-8-5 | stopping Scaphandre + appending CSV …
[0;35m[MEASURE][0m st-elixir-phoenix-1-8-5 | [0;32m1000/1000 ok[0m | 0.9s | 1092 req/s | results/2026-05-07_142551/static/st-elixir-phoenix-1-8-5.csv
[0;36m[PROGRESS][0m 29/406 (7%) | elapsed 35m21s | ETA ~7h39m | remaining 377 | static HTTP | st-elixir-phoenix-1-8-5 | level 3/13 | 5000 requests
[0;35m[MEASURE][0m st-elixir-phoenix-1-8-5 | Docker start + HTTP readiness wait …
[0;35m[MEASURE][0m st-elixir-phoenix-1-8-5 | Scaphandre power sampling + HTTP load | 5000 GET → http://localhost:8001/
[0;35m[MEASURE][0m st-elixir-phoenix-1-8-5 | stopping Scaphandre + appending CSV …
[0;35m[MEASURE][0m st-elixir-phoenix-1-8-5 | [0;32m5000/5000 ok[0m | 4.1s | 1210 req/s | results/2026-05-07_142551/static/st-elixir-phoenix-1-8-5.csv
[0;36m[PROGRESS][0m 30/406 (7%) | elapsed 36m10s | ETA ~7h33m | remaining 376 | static HTTP | st-elixir-phoenix-1-8-5 | level 4/13 | 8000 requests
[0;35m[MEASURE][0m st-elixir-phoenix-1-8-5 | Docker start + HTTP readiness wait …
[0;35m[MEASURE][0m st-elixir-phoenix-1-8-5 | Scaphandre power sampling + HTTP load | 8000 GET → http://localhost:8001/
[0;35m[MEASURE][0m st-elixir-phoenix-1-8-5 | stopping Scaphandre + appending CSV …
[0;35m[MEASURE][0m st-elixir-phoenix-1-8-5 | [0;32m8000/8000 ok[0m | 6.5s | 1223 req/s | results/2026-05-07_142551/static/st-elixir-phoenix-1-8-5.csv
[0;36m[PROGRESS][0m 31/406 (7%) | elapsed 37m02s | ETA ~7h27m | remaining 375 | static HTTP | st-elixir-phoenix-1-8-5 | level 5/13 | 10000 requests
[0;35m[MEASURE][0m st-elixir-phoenix-1-8-5 | Docker start + HTTP readiness wait …
[0;35m[MEASURE][0m st-elixir-phoenix-1-8-5 | Scaphandre power sampling + HTTP load | 10000 GET → http://localhost:8001/
[0;35m[MEASURE][0m st-elixir-phoenix-1-8-5 | stopping Scaphandre + appending CSV …
[0;35m[MEASURE][0m st-elixir-phoenix-1-8-5 | [0;32m10000/10000 ok[0m | 9.4s | 1066 req/s | results/2026-05-07_142551/static/st-elixir-phoenix-1-8-5.csv
[0;36m[PROGRESS][0m 32/406 (7%) | elapsed 37m56s | ETA ~7h23m | remaining 374 | static HTTP | st-elixir-phoenix-1-8-5 | level 6/13 | 15000 requests
[0;35m[MEASURE][0m st-elixir-phoenix-1-8-5 | Docker start + HTTP readiness wait …
[0;35m[MEASURE][0m st-elixir-phoenix-1-8-5 | Scaphandre power sampling + HTTP load | 15000 GET → http://localhost:8001/
[0;35m[MEASURE][0m st-elixir-phoenix-1-8-5 | stopping Scaphandre + appending CSV …
[0;35m[MEASURE][0m st-elixir-phoenix-1-8-5 | [0;32m15000/15000 ok[0m | 13.3s | 1127 req/s | results/2026-05-07_142551/static/st-elixir-phoenix-1-8-5.csv
[0;36m[PROGRESS][0m 33/406 (8%) | elapsed 38m53s | ETA ~7h19m | remaining 373 | static HTTP | st-elixir-phoenix-1-8-5 | level 7/13 | 20000 requests
[0;35m[MEASURE][0m st-elixir-phoenix-1-8-5 | Docker start + HTTP readiness wait …
[0;35m[MEASURE][0m st-elixir-phoenix-1-8-5 | Scaphandre power sampling + HTTP load | 20000 GET → http://localhost:8001/
[0;35m[MEASURE][0m st-elixir-phoenix-1-8-5 | stopping Scaphandre + appending CSV …
[0;35m[MEASURE][0m st-elixir-phoenix-1-8-5 | [0;32m20000/20000 ok[0m | 18.8s | 1063 req/s | results/2026-05-07_142551/static/st-elixir-phoenix-1-8-5.csv
[0;36m[PROGRESS][0m 34/406 (8%) | elapsed 39m57s | ETA ~7h17m | remaining 372 | static HTTP | st-elixir-phoenix-1-8-5 | level 8/13 | 30000 requests
[0;35m[MEASURE][0m st-elixir-phoenix-1-8-5 | Docker start + HTTP readiness wait …
[0;35m[MEASURE][0m st-elixir-phoenix-1-8-5 | Scaphandre power sampling + HTTP load | 30000 GET → http://localhost:8001/
[0;35m[MEASURE][0m st-elixir-phoenix-1-8-5 | stopping Scaphandre + appending CSV …
[0;35m[MEASURE][0m st-elixir-phoenix-1-8-5 | 28231/30000 | 33.3s | 901 req/s | results/2026-05-07_142551/static/st-elixir-phoenix-1-8-5.csv
[0;36m[PROGRESS][0m 35/406 (8%) | elapsed 41m16s | ETA ~7h17m | remaining 371 | static HTTP | st-elixir-phoenix-1-8-5 | level 9/13 | 40000 requests
[0;35m[MEASURE][0m st-elixir-phoenix-1-8-5 | Docker start + HTTP readiness wait …
[0;35m[MEASURE][0m st-elixir-phoenix-1-8-5 | Scaphandre power sampling + HTTP load | 40000 GET → http://localhost:8001/
[0;35m[MEASURE][0m st-elixir-phoenix-1-8-5 | HTTP requests 39923/40000 (60s elapsed)
[0;35m[MEASURE][0m st-elixir-phoenix-1-8-5 | stopping Scaphandre + appending CSV …
[0;35m[MEASURE][0m st-elixir-phoenix-1-8-5 | 28238/40000 | 60.1s | 665 req/s | results/2026-05-07_142551/static/st-elixir-phoenix-1-8-5.csv
[0;36m[PROGRESS][0m 36/406 (8%) | elapsed 43m04s | ETA ~7h22m | remaining 370 | static HTTP | st-elixir-phoenix-1-8-5 | level 10/13 | 50000 requests
[0;35m[MEASURE][0m st-elixir-phoenix-1-8-5 | Docker start + HTTP readiness wait …
[0;35m[MEASURE][0m st-elixir-phoenix-1-8-5 | Scaphandre power sampling + HTTP load | 50000 GET → http://localhost:8001/
[0;35m[MEASURE][0m st-elixir-phoenix-1-8-5 | HTTP requests 39968/50000 (60s elapsed)
[0;35m[MEASURE][0m st-elixir-phoenix-1-8-5 | stopping Scaphandre + appending CSV …
[0;35m[MEASURE][0m st-elixir-phoenix-1-8-5 | 37431/50000 | 70.6s | 708 req/s | results/2026-05-07_142551/static/st-elixir-phoenix-1-8-5.csv
[0;36m[PROGRESS][0m 37/406 (9%) | elapsed 45m01s | ETA ~7h28m | remaining 369 | static HTTP | st-elixir-phoenix-1-8-5 | level 11/13 | 60000 requests
[0;35m[MEASURE][0m st-elixir-phoenix-1-8-5 | Docker start + HTTP readiness wait …
[0;35m[MEASURE][0m st-elixir-phoenix-1-8-5 | Scaphandre power sampling + HTTP load | 60000 GET → http://localhost:8001/
[0;35m[MEASURE][0m st-elixir-phoenix-1-8-5 | HTTP requests 39658/60000 (60s elapsed)
[0;35m[MEASURE][0m st-elixir-phoenix-1-8-5 | stopping Scaphandre + appending CSV …
[0;35m[MEASURE][0m st-elixir-phoenix-1-8-5 | 47710/60000 | 81.8s | 733 req/s | results/2026-05-07_142551/static/st-elixir-phoenix-1-8-5.csv
[0;36m[PROGRESS][0m 38/406 (9%) | elapsed 47m10s | ETA ~7h36m | remaining 368 | static HTTP | st-elixir-phoenix-1-8-5 | level 12/13 | 70000 requests
[0;35m[MEASURE][0m st-elixir-phoenix-1-8-5 | Docker start + HTTP readiness wait …
[0;35m[MEASURE][0m st-elixir-phoenix-1-8-5 | Scaphandre power sampling + HTTP load | 70000 GET → http://localhost:8001/
[0;35m[MEASURE][0m st-elixir-phoenix-1-8-5 | HTTP requests 39915/70000 (60s elapsed)
[0;35m[MEASURE][0m st-elixir-phoenix-1-8-5 | stopping Scaphandre + appending CSV …
[0;35m[MEASURE][0m st-elixir-phoenix-1-8-5 | 56463/70000 | 95.1s | 736 req/s | results/2026-05-07_142551/static/st-elixir-phoenix-1-8-5.csv
[0;36m[PROGRESS][0m 39/406 (9%) | elapsed 49m31s | ETA ~7h45m | remaining 367 | static HTTP | st-elixir-phoenix-1-8-5 | level 13/13 | 80000 requests
[0;35m[MEASURE][0m st-elixir-phoenix-1-8-5 | Docker start + HTTP readiness wait …
[0;35m[MEASURE][0m st-elixir-phoenix-1-8-5 | Scaphandre power sampling + HTTP load | 80000 GET → http://localhost:8001/
[0;35m[MEASURE][0m st-elixir-phoenix-1-8-5 | HTTP requests 39642/80000 (60s elapsed)
[0;35m[MEASURE][0m st-elixir-phoenix-1-8-5 | HTTP requests 78176/80000 (120s elapsed)
[0;35m[MEASURE][0m st-elixir-phoenix-1-8-5 | stopping Scaphandre + appending CSV …
[0;35m[MEASURE][0m st-elixir-phoenix-1-8-5 | 57101/80000 | 123.9s | 646 req/s | results/2026-05-07_142551/static/st-elixir-phoenix-1-8-5.csv
[0;34mRunning static tests for st-elixir-pure-1-19-5 on port 8001[0m (4/11)
[0;36m[PROGRESS][0m 40/406 (9%) | elapsed 52m20s | ETA ~7h58m | remaining 366 | static HTTP | st-elixir-pure-1-19-5 | level 1/13 | 100 requests
[0;35m[MEASURE][0m st-elixir-pure-1-19-5 | Docker start + HTTP readiness wait …
[0;35m[MEASURE][0m st-elixir-pure-1-19-5 | Scaphandre power sampling + HTTP load | 100 GET → http://localhost:8001/
[0;35m[MEASURE][0m st-elixir-pure-1-19-5 | stopping Scaphandre + appending CSV …
[0;35m[MEASURE][0m st-elixir-pure-1-19-5 | [0;32m100/100 ok[0m | 1.9s | 52 req/s | results/2026-05-07_142551/static/st-elixir-pure-1-19-5.csv
[0;36m[PROGRESS][0m 41/406 (10%) | elapsed 53m07s | ETA ~7h52m | remaining 365 | static HTTP | st-elixir-pure-1-19-5 | level 2/13 | 1000 requests
[0;35m[MEASURE][0m st-elixir-pure-1-19-5 | Docker start + HTTP readiness wait …
[0;35m[MEASURE][0m st-elixir-pure-1-19-5 | Scaphandre power sampling + HTTP load | 1000 GET → http://localhost:8001/
[0;35m[MEASURE][0m st-elixir-pure-1-19-5 | stopping Scaphandre + appending CSV …
[0;35m[MEASURE][0m st-elixir-pure-1-19-5 | [0;32m1000/1000 ok[0m | 2.8s | 361 req/s | results/2026-05-07_142551/static/st-elixir-pure-1-19-5.csv
[0;36m[PROGRESS][0m 42/406 (10%) | elapsed 53m56s | ETA ~7h47m | remaining 364 | static HTTP | st-elixir-pure-1-19-5 | level 3/13 | 5000 requests
[0;35m[MEASURE][0m st-elixir-pure-1-19-5 | Docker start + HTTP readiness wait …
[0;35m[MEASURE][0m st-elixir-pure-1-19-5 | Scaphandre power sampling + HTTP load | 5000 GET → http://localhost:8001/
[0;35m[MEASURE][0m st-elixir-pure-1-19-5 | stopping Scaphandre + appending CSV …
[0;35m[MEASURE][0m st-elixir-pure-1-19-5 | [0;32m5000/5000 ok[0m | 3.6s | 1372 req/s | results/2026-05-07_142551/static/st-elixir-pure-1-19-5.csv
[0;36m[PROGRESS][0m 43/406 (10%) | elapsed 54m46s | ETA ~7h42m | remaining 363 | static HTTP | st-elixir-pure-1-19-5 | level 4/13 | 8000 requests
[0;35m[MEASURE][0m st-elixir-pure-1-19-5 | Docker start + HTTP readiness wait …
[0;35m[MEASURE][0m st-elixir-pure-1-19-5 | Scaphandre power sampling + HTTP load | 8000 GET → http://localhost:8001/
[0;35m[MEASURE][0m st-elixir-pure-1-19-5 | stopping Scaphandre + appending CSV …
[0;35m[MEASURE][0m st-elixir-pure-1-19-5 | [0;32m8000/8000 ok[0m | 6.0s | 1329 req/s | results/2026-05-07_142551/static/st-elixir-pure-1-19-5.csv
[0;36m[PROGRESS][0m 44/406 (10%) | elapsed 55m37s | ETA ~7h37m | remaining 362 | static HTTP | st-elixir-pure-1-19-5 | level 5/13 | 10000 requests
[0;35m[MEASURE][0m st-elixir-pure-1-19-5 | Docker start + HTTP readiness wait …
[0;35m[MEASURE][0m st-elixir-pure-1-19-5 | Scaphandre power sampling + HTTP load | 10000 GET → http://localhost:8001/
[0;35m[MEASURE][0m st-elixir-pure-1-19-5 | stopping Scaphandre + appending CSV …
[0;35m[MEASURE][0m st-elixir-pure-1-19-5 | [0;32m10000/10000 ok[0m | 7.7s | 1301 req/s | results/2026-05-07_142551/static/st-elixir-pure-1-19-5.csv
[0;36m[PROGRESS][0m 45/406 (11%) | elapsed 56m31s | ETA ~7h33m | remaining 361 | static HTTP | st-elixir-pure-1-19-5 | level 6/13 | 15000 requests
[0;35m[MEASURE][0m st-elixir-pure-1-19-5 | Docker start + HTTP readiness wait …
[0;35m[MEASURE][0m st-elixir-pure-1-19-5 | Scaphandre power sampling + HTTP load | 15000 GET → http://localhost:8001/
[0;35m[MEASURE][0m st-elixir-pure-1-19-5 | stopping Scaphandre + appending CSV …
[0;35m[MEASURE][0m st-elixir-pure-1-19-5 | [0;32m15000/15000 ok[0m | 11.7s | 1279 req/s | results/2026-05-07_142551/static/st-elixir-pure-1-19-5.csv
[0;36m[PROGRESS][0m 46/406 (11%) | elapsed 57m29s | ETA ~7h29m | remaining 360 | static HTTP | st-elixir-pure-1-19-5 | level 7/13 | 20000 requests
[0;35m[MEASURE][0m st-elixir-pure-1-19-5 | Docker start + HTTP readiness wait …
[0;35m[MEASURE][0m st-elixir-pure-1-19-5 | Scaphandre power sampling + HTTP load | 20000 GET → http://localhost:8001/
[0;35m[MEASURE][0m st-elixir-pure-1-19-5 | stopping Scaphandre + appending CSV …
[0;35m[MEASURE][0m st-elixir-pure-1-19-5 | [0;32m20000/20000 ok[0m | 16.0s | 1248 req/s | results/2026-05-07_142551/static/st-elixir-pure-1-19-5.csv
[0;36m[PROGRESS][0m 47/406 (11%) | elapsed 58m30s | ETA ~7h26m | remaining 359 | static HTTP | st-elixir-pure-1-19-5 | level 8/13 | 30000 requests
[0;35m[MEASURE][0m st-elixir-pure-1-19-5 | Docker start + HTTP readiness wait …
[0;35m[MEASURE][0m st-elixir-pure-1-19-5 | Scaphandre power sampling + HTTP load | 30000 GET → http://localhost:8001/
[0;35m[MEASURE][0m st-elixir-pure-1-19-5 | stopping Scaphandre + appending CSV …
[0;35m[MEASURE][0m st-elixir-pure-1-19-5 | [0;32m30000/30000 ok[0m | 23.9s | 1253 req/s | results/2026-05-07_142551/static/st-elixir-pure-1-19-5.csv
[0;36m[PROGRESS][0m 48/406 (11%) | elapsed 59m40s | ETA ~7h25m | remaining 358 | static HTTP | st-elixir-pure-1-19-5 | level 9/13 | 40000 requests
[0;35m[MEASURE][0m st-elixir-pure-1-19-5 | Docker start + HTTP readiness wait …
[0;35m[MEASURE][0m st-elixir-pure-1-19-5 | Scaphandre power sampling + HTTP load | 40000 GET → http://localhost:8001/
[0;35m[MEASURE][0m st-elixir-pure-1-19-5 | stopping Scaphandre + appending CSV …
[0;35m[MEASURE][0m st-elixir-pure-1-19-5 | [0;32m40000/40000 ok[0m | 32.5s | 1230 req/s | results/2026-05-07_142551/static/st-elixir-pure-1-19-5.csv
[0;36m[PROGRESS][0m 49/406 (12%) | elapsed 1h00m | ETA ~7h24m | remaining 357 | static HTTP | st-elixir-pure-1-19-5 | level 10/13 | 50000 requests
[0;35m[MEASURE][0m st-elixir-pure-1-19-5 | Docker start + HTTP readiness wait …
[0;35m[MEASURE][0m st-elixir-pure-1-19-5 | Scaphandre power sampling + HTTP load | 50000 GET → http://localhost:8001/
[0;35m[MEASURE][0m st-elixir-pure-1-19-5 | stopping Scaphandre + appending CSV …
[0;35m[MEASURE][0m st-elixir-pure-1-19-5 | [0;32m50000/50000 ok[0m | 40.2s | 1244 req/s | results/2026-05-07_142551/static/st-elixir-pure-1-19-5.csv
[0;36m[PROGRESS][0m 50/406 (12%) | elapsed 1h02m | ETA ~7h24m | remaining 356 | static HTTP | st-elixir-pure-1-19-5 | level 11/13 | 60000 requests
[0;35m[MEASURE][0m st-elixir-pure-1-19-5 | Docker start + HTTP readiness wait …
[0;35m[MEASURE][0m st-elixir-pure-1-19-5 | Scaphandre power sampling + HTTP load | 60000 GET → http://localhost:8001/
[0;35m[MEASURE][0m st-elixir-pure-1-19-5 | stopping Scaphandre + appending CSV …
[0;35m[MEASURE][0m st-elixir-pure-1-19-5 | [0;32m60000/60000 ok[0m | 48.5s | 1236 req/s | results/2026-05-07_142551/static/st-elixir-pure-1-19-5.csv
[0;36m[PROGRESS][0m 51/406 (12%) | elapsed 1h03m | ETA ~7h25m | remaining 355 | static HTTP | st-elixir-pure-1-19-5 | level 12/13 | 70000 requests
[0;35m[MEASURE][0m st-elixir-pure-1-19-5 | Docker start + HTTP readiness wait …
[0;35m[MEASURE][0m st-elixir-pure-1-19-5 | Scaphandre power sampling + HTTP load | 70000 GET → http://localhost:8001/
[0;35m[MEASURE][0m st-elixir-pure-1-19-5 | stopping Scaphandre + appending CSV …
[0;35m[MEASURE][0m st-elixir-pure-1-19-5 | [0;32m70000/70000 ok[0m | 56.8s | 1232 req/s | results/2026-05-07_142551/static/st-elixir-pure-1-19-5.csv
[0;36m[PROGRESS][0m 52/406 (12%) | elapsed 1h05m | ETA ~7h27m | remaining 354 | static HTTP | st-elixir-pure-1-19-5 | level 13/13 | 80000 requests
[0;35m[MEASURE][0m st-elixir-pure-1-19-5 | Docker start + HTTP readiness wait …
[0;35m[MEASURE][0m st-elixir-pure-1-19-5 | Scaphandre power sampling + HTTP load | 80000 GET → http://localhost:8001/
[0;35m[MEASURE][0m st-elixir-pure-1-19-5 | HTTP requests 75878/80000 (60s elapsed)
[0;35m[MEASURE][0m st-elixir-pure-1-19-5 | stopping Scaphandre + appending CSV …
[0;35m[MEASURE][0m st-elixir-pure-1-19-5 | [0;32m80000/80000 ok[0m | 63.2s | 1265 req/s | results/2026-05-07_142551/static/st-elixir-pure-1-19-5.csv
[0;34mRunning static tests for st-gleam-index-1-15-2 on port 8001[0m (5/11)
[0;36m[PROGRESS][0m 53/406 (13%) | elapsed 1h07m | ETA ~7h29m | remaining 353 | static HTTP | st-gleam-index-1-15-2 | level 1/13 | 100 requests
[0;35m[MEASURE][0m st-gleam-index-1-15-2 | Docker start + HTTP readiness wait …
[0;35m[MEASURE][0m st-gleam-index-1-15-2 | Scaphandre power sampling + HTTP load | 100 GET → http://localhost:8001/
[0;35m[MEASURE][0m st-gleam-index-1-15-2 | stopping Scaphandre + appending CSV …
[0;35m[MEASURE][0m st-gleam-index-1-15-2 | [0;32m100/100 ok[0m | 0.2s | 476 req/s | results/2026-05-07_142551/static/st-gleam-index-1-15-2.csv
[0;36m[PROGRESS][0m 54/406 (13%) | elapsed 1h08m | ETA ~7h26m | remaining 352 | static HTTP | st-gleam-index-1-15-2 | level 2/13 | 1000 requests
[0;35m[MEASURE][0m st-gleam-index-1-15-2 | Docker start + HTTP readiness wait …
[0;35m[MEASURE][0m st-gleam-index-1-15-2 | Scaphandre power sampling + HTTP load | 1000 GET → http://localhost:8001/
[0;35m[MEASURE][0m st-gleam-index-1-15-2 | stopping Scaphandre + appending CSV …
[0;35m[MEASURE][0m st-gleam-index-1-15-2 | [0;32m1000/1000 ok[0m | 0.9s | 1097 req/s | results/2026-05-07_142551/static/st-gleam-index-1-15-2.csv
[0;36m[PROGRESS][0m 55/406 (13%) | elapsed 1h09m | ETA ~7h22m | remaining 351 | static HTTP | st-gleam-index-1-15-2 | level 3/13 | 5000 requests
[0;35m[MEASURE][0m st-gleam-index-1-15-2 | Docker start + HTTP readiness wait …
[0;35m[MEASURE][0m st-gleam-index-1-15-2 | Scaphandre power sampling + HTTP load | 5000 GET → http://localhost:8001/
[0;35m[MEASURE][0m st-gleam-index-1-15-2 | stopping Scaphandre + appending CSV …
[0;35m[MEASURE][0m st-gleam-index-1-15-2 | [0;32m5000/5000 ok[0m | 4.1s | 1216 req/s | results/2026-05-07_142551/static/st-gleam-index-1-15-2.csv
[0;36m[PROGRESS][0m 56/406 (13%) | elapsed 1h10m | ETA ~7h19m | remaining 350 | static HTTP | st-gleam-index-1-15-2 | level 4/13 | 8000 requests
[0;35m[MEASURE][0m st-gleam-index-1-15-2 | Docker start + HTTP readiness wait …
[0;35m[MEASURE][0m st-gleam-index-1-15-2 | Scaphandre power sampling + HTTP load | 8000 GET → http://localhost:8001/
[0;35m[MEASURE][0m st-gleam-index-1-15-2 | stopping Scaphandre + appending CSV …
[0;35m[MEASURE][0m st-gleam-index-1-15-2 | [0;32m8000/8000 ok[0m | 7.0s | 1141 req/s | results/2026-05-07_142551/static/st-gleam-index-1-15-2.csv
[0;36m[PROGRESS][0m 57/406 (14%) | elapsed 1h11m | ETA ~7h16m | remaining 349 | static HTTP | st-gleam-index-1-15-2 | level 5/13 | 10000 requests
[0;35m[MEASURE][0m st-gleam-index-1-15-2 | Docker start + HTTP readiness wait …
[0;35m[MEASURE][0m st-gleam-index-1-15-2 | Scaphandre power sampling + HTTP load | 10000 GET → http://localhost:8001/
[0;35m[MEASURE][0m st-gleam-index-1-15-2 | stopping Scaphandre + appending CSV …
[0;35m[MEASURE][0m st-gleam-index-1-15-2 | [0;32m10000/10000 ok[0m | 8.8s | 1143 req/s | results/2026-05-07_142551/static/st-gleam-index-1-15-2.csv
[0;36m[PROGRESS][0m 58/406 (14%) | elapsed 1h12m | ETA ~7h14m | remaining 348 | static HTTP | st-gleam-index-1-15-2 | level 6/13 | 15000 requests
[0;35m[MEASURE][0m st-gleam-index-1-15-2 | Docker start + HTTP readiness wait …
[0;35m[MEASURE][0m st-gleam-index-1-15-2 | Scaphandre power sampling + HTTP load | 15000 GET → http://localhost:8001/
[0;35m[MEASURE][0m st-gleam-index-1-15-2 | stopping Scaphandre + appending CSV …
[0;35m[MEASURE][0m st-gleam-index-1-15-2 | [0;32m15000/15000 ok[0m | 13.4s | 1121 req/s | results/2026-05-07_142551/static/st-gleam-index-1-15-2.csv
[0;36m[PROGRESS][0m 59/406 (14%) | elapsed 1h13m | ETA ~7h12m | remaining 347 | static HTTP | st-gleam-index-1-15-2 | level 7/13 | 20000 requests
[0;35m[MEASURE][0m st-gleam-index-1-15-2 | Docker start + HTTP readiness wait …
[0;35m[MEASURE][0m st-gleam-index-1-15-2 | Scaphandre power sampling + HTTP load | 20000 GET → http://localhost:8001/
[0;35m[MEASURE][0m st-gleam-index-1-15-2 | stopping Scaphandre + appending CSV …
[0;35m[MEASURE][0m st-gleam-index-1-15-2 | [0;32m20000/20000 ok[0m | 19.1s | 1047 req/s | results/2026-05-07_142551/static/st-gleam-index-1-15-2.csv
[0;36m[PROGRESS][0m 60/406 (14%) | elapsed 1h14m | ETA ~7h10m | remaining 346 | static HTTP | st-gleam-index-1-15-2 | level 8/13 | 30000 requests
[0;35m[MEASURE][0m st-gleam-index-1-15-2 | Docker start + HTTP readiness wait …
[0;35m[MEASURE][0m st-gleam-index-1-15-2 | Scaphandre power sampling + HTTP load | 30000 GET → http://localhost:8001/
[0;35m[MEASURE][0m st-gleam-index-1-15-2 | stopping Scaphandre + appending CSV …
[0;35m[MEASURE][0m st-gleam-index-1-15-2 | 28231/30000 | 33.1s | 907 req/s | results/2026-05-07_142551/static/st-gleam-index-1-15-2.csv
[0;36m[PROGRESS][0m 61/406 (15%) | elapsed 1h16m | ETA ~7h10m | remaining 345 | static HTTP | st-gleam-index-1-15-2 | level 9/13 | 40000 requests
[0;35m[MEASURE][0m st-gleam-index-1-15-2 | Docker start + HTTP readiness wait …
[0;35m[MEASURE][0m st-gleam-index-1-15-2 | Scaphandre power sampling + HTTP load | 40000 GET → http://localhost:8001/
[0;35m[MEASURE][0m st-gleam-index-1-15-2 | stopping Scaphandre + appending CSV …
[0;35m[MEASURE][0m st-gleam-index-1-15-2 | 28232/40000 | 59.6s | 671 req/s | results/2026-05-07_142551/static/st-gleam-index-1-15-2.csv
[0;36m[PROGRESS][0m 62/406 (15%) | elapsed 1h18m | ETA ~7h13m | remaining 344 | static HTTP | st-gleam-index-1-15-2 | level 10/13 | 50000 requests
[0;35m[MEASURE][0m st-gleam-index-1-15-2 | Docker start + HTTP readiness wait …
[0;35m[MEASURE][0m st-gleam-index-1-15-2 | Scaphandre power sampling + HTTP load | 50000 GET → http://localhost:8001/
[0;35m[MEASURE][0m st-gleam-index-1-15-2 | HTTP requests 39955/50000 (60s elapsed)
[0;35m[MEASURE][0m st-gleam-index-1-15-2 | stopping Scaphandre + appending CSV …
[0;35m[MEASURE][0m st-gleam-index-1-15-2 | 37436/50000 | 70.7s | 707 req/s | results/2026-05-07_142551/static/st-gleam-index-1-15-2.csv
[0;36m[PROGRESS][0m 63/406 (15%) | elapsed 1h20m | ETA ~7h16m | remaining 343 | static HTTP | st-gleam-index-1-15-2 | level 11/13 | 60000 requests
[0;35m[MEASURE][0m st-gleam-index-1-15-2 | Docker start + HTTP readiness wait …
[0;35m[MEASURE][0m st-gleam-index-1-15-2 | Scaphandre power sampling + HTTP load | 60000 GET → http://localhost:8001/
[0;35m[MEASURE][0m st-gleam-index-1-15-2 | HTTP requests 39765/60000 (60s elapsed)
[0;35m[MEASURE][0m st-gleam-index-1-15-2 | stopping Scaphandre + appending CSV …
[0;35m[MEASURE][0m st-gleam-index-1-15-2 | 47582/60000 | 81.9s | 732 req/s | results/2026-05-07_142551/static/st-gleam-index-1-15-2.csv
[0;36m[PROGRESS][0m 64/406 (15%) | elapsed 1h22m | ETA ~7h20m | remaining 342 | static HTTP | st-gleam-index-1-15-2 | level 12/13 | 70000 requests
[0;35m[MEASURE][0m st-gleam-index-1-15-2 | Docker start + HTTP readiness wait …
[0;35m[MEASURE][0m st-gleam-index-1-15-2 | Scaphandre power sampling + HTTP load | 70000 GET → http://localhost:8001/
[0;35m[MEASURE][0m st-gleam-index-1-15-2 | HTTP requests 39836/70000 (60s elapsed)
[0;35m[MEASURE][0m st-gleam-index-1-15-2 | stopping Scaphandre + appending CSV …
[0;35m[MEASURE][0m st-gleam-index-1-15-2 | 56463/70000 | 96.0s | 730 req/s | results/2026-05-07_142551/static/st-gleam-index-1-15-2.csv
[0;36m[PROGRESS][0m 65/406 (16%) | elapsed 1h24m | ETA ~7h25m | remaining 341 | static HTTP | st-gleam-index-1-15-2 | level 13/13 | 80000 requests
[0;35m[MEASURE][0m st-gleam-index-1-15-2 | Docker start + HTTP readiness wait …
[0;35m[MEASURE][0m st-gleam-index-1-15-2 | Scaphandre power sampling + HTTP load | 80000 GET → http://localhost:8001/
[0;35m[MEASURE][0m st-gleam-index-1-15-2 | HTTP requests 39727/80000 (60s elapsed)
[0;35m[MEASURE][0m st-gleam-index-1-15-2 | HTTP requests 78385/80000 (120s elapsed)
[0;35m[MEASURE][0m st-gleam-index-1-15-2 | stopping Scaphandre + appending CSV …
[0;35m[MEASURE][0m st-gleam-index-1-15-2 | 57138/80000 | 123.2s | 649 req/s | results/2026-05-07_142551/static/st-gleam-index-1-15-2.csv
[0;34mRunning static tests for st-gleam-pure-1-15-2 on port 8001[0m (6/11)
[0;36m[PROGRESS][0m 66/406 (16%) | elapsed 1h27m | ETA ~7h32m | remaining 340 | static HTTP | st-gleam-pure-1-15-2 | level 1/13 | 100 requests
[0;35m[MEASURE][0m st-gleam-pure-1-15-2 | Docker start + HTTP readiness wait …
[0;35m[MEASURE][0m st-gleam-pure-1-15-2 | Scaphandre power sampling + HTTP load | 100 GET → http://localhost:8001/
[0;35m[MEASURE][0m st-gleam-pure-1-15-2 | stopping Scaphandre + appending CSV …
[0;35m[MEASURE][0m st-gleam-pure-1-15-2 | [0;32m100/100 ok[0m | 0.2s | 592 req/s | results/2026-05-07_142551/static/st-gleam-pure-1-15-2.csv
[0;36m[PROGRESS][0m 67/406 (16%) | elapsed 1h28m | ETA ~7h29m | remaining 339 | static HTTP | st-gleam-pure-1-15-2 | level 2/13 | 1000 requests
[0;35m[MEASURE][0m st-gleam-pure-1-15-2 | Docker start + HTTP readiness wait …
[0;35m[MEASURE][0m st-gleam-pure-1-15-2 | Scaphandre power sampling + HTTP load | 1000 GET → http://localhost:8001/
[0;35m[MEASURE][0m st-gleam-pure-1-15-2 | stopping Scaphandre + appending CSV …
[0;35m[MEASURE][0m st-gleam-pure-1-15-2 | [0;32m1000/1000 ok[0m | 0.9s | 1097 req/s | results/2026-05-07_142551/static/st-gleam-pure-1-15-2.csv
[0;36m[PROGRESS][0m 68/406 (16%) | elapsed 1h29m | ETA ~7h26m | remaining 338 | static HTTP | st-gleam-pure-1-15-2 | level 3/13 | 5000 requests
[0;35m[MEASURE][0m st-gleam-pure-1-15-2 | Docker start + HTTP readiness wait …
[0;35m[MEASURE][0m st-gleam-pure-1-15-2 | Scaphandre power sampling + HTTP load | 5000 GET → http://localhost:8001/
[0;35m[MEASURE][0m st-gleam-pure-1-15-2 | stopping Scaphandre + appending CSV …
[0;35m[MEASURE][0m st-gleam-pure-1-15-2 | [0;32m5000/5000 ok[0m | 4.3s | 1167 req/s | results/2026-05-07_142551/static/st-gleam-pure-1-15-2.csv
[0;36m[PROGRESS][0m 69/406 (16%) | elapsed 1h30m | ETA ~7h23m | remaining 337 | static HTTP | st-gleam-pure-1-15-2 | level 4/13 | 8000 requests
[0;35m[MEASURE][0m st-gleam-pure-1-15-2 | Docker start + HTTP readiness wait …
[0;35m[MEASURE][0m st-gleam-pure-1-15-2 | Scaphandre power sampling + HTTP load | 8000 GET → http://localhost:8001/
[0;35m[MEASURE][0m st-gleam-pure-1-15-2 | stopping Scaphandre + appending CSV …
[0;35m[MEASURE][0m st-gleam-pure-1-15-2 | [0;32m8000/8000 ok[0m | 6.6s | 1217 req/s | results/2026-05-07_142551/static/st-gleam-pure-1-15-2.csv
[0;36m[PROGRESS][0m 70/406 (17%) | elapsed 1h31m | ETA ~7h20m | remaining 336 | static HTTP | st-gleam-pure-1-15-2 | level 5/13 | 10000 requests
[0;35m[MEASURE][0m st-gleam-pure-1-15-2 | Docker start + HTTP readiness wait …
[0;35m[MEASURE][0m st-gleam-pure-1-15-2 | Scaphandre power sampling + HTTP load | 10000 GET → http://localhost:8001/
[0;35m[MEASURE][0m st-gleam-pure-1-15-2 | stopping Scaphandre + appending CSV …
[0;35m[MEASURE][0m st-gleam-pure-1-15-2 | [0;32m10000/10000 ok[0m | 8.3s | 1203 req/s | results/2026-05-07_142551/static/st-gleam-pure-1-15-2.csv
[0;36m[PROGRESS][0m 71/406 (17%) | elapsed 1h32m | ETA ~7h17m | remaining 335 | static HTTP | st-gleam-pure-1-15-2 | level 6/13 | 15000 requests
[0;35m[MEASURE][0m st-gleam-pure-1-15-2 | Docker start + HTTP readiness wait …
[0;35m[MEASURE][0m st-gleam-pure-1-15-2 | Scaphandre power sampling + HTTP load | 15000 GET → http://localhost:8001/
[0;35m[MEASURE][0m st-gleam-pure-1-15-2 | stopping Scaphandre + appending CSV …
[0;35m[MEASURE][0m st-gleam-pure-1-15-2 | [0;32m15000/15000 ok[0m | 13.0s | 1154 req/s | results/2026-05-07_142551/static/st-gleam-pure-1-15-2.csv
[0;36m[PROGRESS][0m 72/406 (17%) | elapsed 1h33m | ETA ~7h15m | remaining 334 | static HTTP | st-gleam-pure-1-15-2 | level 7/13 | 20000 requests
[0;35m[MEASURE][0m st-gleam-pure-1-15-2 | Docker start + HTTP readiness wait …
[0;35m[MEASURE][0m st-gleam-pure-1-15-2 | Scaphandre power sampling + HTTP load | 20000 GET → http://localhost:8001/
[0;35m[MEASURE][0m st-gleam-pure-1-15-2 | stopping Scaphandre + appending CSV …
[0;35m[MEASURE][0m st-gleam-pure-1-15-2 | [0;32m20000/20000 ok[0m | 18.5s | 1079 req/s | results/2026-05-07_142551/static/st-gleam-pure-1-15-2.csv
[0;36m[PROGRESS][0m 73/406 (17%) | elapsed 1h35m | ETA ~7h14m | remaining 333 | static HTTP | st-gleam-pure-1-15-2 | level 8/13 | 30000 requests
[0;35m[MEASURE][0m st-gleam-pure-1-15-2 | Docker start + HTTP readiness wait …
[0;35m[MEASURE][0m st-gleam-pure-1-15-2 | Scaphandre power sampling + HTTP load | 30000 GET → http://localhost:8001/
[0;35m[MEASURE][0m st-gleam-pure-1-15-2 | stopping Scaphandre + appending CSV …
[0;35m[MEASURE][0m st-gleam-pure-1-15-2 | 28231/30000 | 32.4s | 927 req/s | results/2026-05-07_142551/static/st-gleam-pure-1-15-2.csv
[0;36m[PROGRESS][0m 74/406 (18%) | elapsed 1h36m | ETA ~7h13m | remaining 332 | static HTTP | st-gleam-pure-1-15-2 | level 9/13 | 40000 requests
[0;35m[MEASURE][0m st-gleam-pure-1-15-2 | Docker start + HTTP readiness wait …
[0;35m[MEASURE][0m st-gleam-pure-1-15-2 | Scaphandre power sampling + HTTP load | 40000 GET → http://localhost:8001/
[0;35m[MEASURE][0m st-gleam-pure-1-15-2 | stopping Scaphandre + appending CSV …
[0;35m[MEASURE][0m st-gleam-pure-1-15-2 | 28232/40000 | 58.8s | 680 req/s | results/2026-05-07_142551/static/st-gleam-pure-1-15-2.csv
[0;36m[PROGRESS][0m 75/406 (18%) | elapsed 1h38m | ETA ~7h14m | remaining 331 | static HTTP | st-gleam-pure-1-15-2 | level 10/13 | 50000 requests
[0;35m[MEASURE][0m st-gleam-pure-1-15-2 | Docker start + HTTP readiness wait …
[0;35m[MEASURE][0m st-gleam-pure-1-15-2 | Scaphandre power sampling + HTTP load | 50000 GET → http://localhost:8001/
[0;35m[MEASURE][0m st-gleam-pure-1-15-2 | HTTP requests 40415/50000 (60s elapsed)
[0;35m[MEASURE][0m st-gleam-pure-1-15-2 | stopping Scaphandre + appending CSV …
[0;35m[MEASURE][0m st-gleam-pure-1-15-2 | 36960/50000 | 69.9s | 715 req/s | results/2026-05-07_142551/static/st-gleam-pure-1-15-2.csv
[0;36m[PROGRESS][0m 76/406 (18%) | elapsed 1h40m | ETA ~7h16m | remaining 330 | static HTTP | st-gleam-pure-1-15-2 | level 11/13 | 60000 requests
[0;35m[MEASURE][0m st-gleam-pure-1-15-2 | Docker start + HTTP readiness wait …
[0;35m[MEASURE][0m st-gleam-pure-1-15-2 | Scaphandre power sampling + HTTP load | 60000 GET → http://localhost:8001/
[0;35m[MEASURE][0m st-gleam-pure-1-15-2 | HTTP requests 40076/60000 (60s elapsed)
[0;35m[MEASURE][0m st-gleam-pure-1-15-2 | stopping Scaphandre + appending CSV …
[0;35m[MEASURE][0m st-gleam-pure-1-15-2 | 47267/60000 | 80.7s | 743 req/s | results/2026-05-07_142551/static/st-gleam-pure-1-15-2.csv
[0;36m[PROGRESS][0m 77/406 (18%) | elapsed 1h42m | ETA ~7h19m | remaining 329 | static HTTP | st-gleam-pure-1-15-2 | level 12/13 | 70000 requests
[0;35m[MEASURE][0m st-gleam-pure-1-15-2 | Docker start + HTTP readiness wait …
[0;35m[MEASURE][0m st-gleam-pure-1-15-2 | Scaphandre power sampling + HTTP load | 70000 GET → http://localhost:8001/
[0;35m[MEASURE][0m st-gleam-pure-1-15-2 | HTTP requests 40070/70000 (60s elapsed)
[0;35m[MEASURE][0m st-gleam-pure-1-15-2 | stopping Scaphandre + appending CSV …
[0;35m[MEASURE][0m st-gleam-pure-1-15-2 | 56463/70000 | 94.2s | 743 req/s | results/2026-05-07_142551/static/st-gleam-pure-1-15-2.csv
[0;36m[PROGRESS][0m 78/406 (19%) | elapsed 1h45m | ETA ~7h23m | remaining 328 | static HTTP | st-gleam-pure-1-15-2 | level 13/13 | 80000 requests
[0;35m[MEASURE][0m st-gleam-pure-1-15-2 | Docker start + HTTP readiness wait …
[0;35m[MEASURE][0m st-gleam-pure-1-15-2 | Scaphandre power sampling + HTTP load | 80000 GET → http://localhost:8001/
[0;35m[MEASURE][0m st-gleam-pure-1-15-2 | HTTP requests 40113/80000 (60s elapsed)
[0;35m[MEASURE][0m st-gleam-pure-1-15-2 | HTTP requests 79123/80000 (120s elapsed)
[0;35m[MEASURE][0m st-gleam-pure-1-15-2 | stopping Scaphandre + appending CSV …
[0;35m[MEASURE][0m st-gleam-pure-1-15-2 | 56464/80000 | 122.3s | 654 req/s | results/2026-05-07_142551/static/st-gleam-pure-1-15-2.csv
[0;34mRunning static tests for st-gleam-mist-1-15-2 on port 8001[0m (7/11)
[0;36m[PROGRESS][0m 79/406 (19%) | elapsed 1h48m | ETA ~7h28m | remaining 327 | static HTTP | st-gleam-mist-1-15-2 | level 1/13 | 100 requests
[0;35m[MEASURE][0m st-gleam-mist-1-15-2 | Docker start + HTTP readiness wait …
[0;35m[MEASURE][0m st-gleam-mist-1-15-2 | Scaphandre power sampling + HTTP load | 100 GET → http://localhost:8001/
[0;35m[MEASURE][0m st-gleam-mist-1-15-2 | stopping Scaphandre + appending CSV …
[0;35m[MEASURE][0m st-gleam-mist-1-15-2 | [0;32m100/100 ok[0m | 0.2s | 461 req/s | results/2026-05-07_142551/static/st-gleam-mist-1-15-2.csv
[0;36m[PROGRESS][0m 80/406 (19%) | elapsed 1h49m | ETA ~7h25m | remaining 326 | static HTTP | st-gleam-mist-1-15-2 | level 2/13 | 1000 requests
[0;35m[MEASURE][0m st-gleam-mist-1-15-2 | Docker start + HTTP readiness wait …
[0;35m[MEASURE][0m st-gleam-mist-1-15-2 | Scaphandre power sampling + HTTP load | 1000 GET → http://localhost:8001/
[0;35m[MEASURE][0m st-gleam-mist-1-15-2 | stopping Scaphandre + appending CSV …
[0;35m[MEASURE][0m st-gleam-mist-1-15-2 | [0;32m1000/1000 ok[0m | 0.8s | 1316 req/s | results/2026-05-07_142551/static/st-gleam-mist-1-15-2.csv
[0;36m[PROGRESS][0m 81/406 (19%) | elapsed 1h50m | ETA ~7h22m | remaining 325 | static HTTP | st-gleam-mist-1-15-2 | level 3/13 | 5000 requests
[0;35m[MEASURE][0m st-gleam-mist-1-15-2 | Docker start + HTTP readiness wait …
[0;35m[MEASURE][0m st-gleam-mist-1-15-2 | Scaphandre power sampling + HTTP load | 5000 GET → http://localhost:8001/
[0;35m[MEASURE][0m st-gleam-mist-1-15-2 | stopping Scaphandre + appending CSV …
[0;35m[MEASURE][0m st-gleam-mist-1-15-2 | [0;32m5000/5000 ok[0m | 4.0s | 1235 req/s | results/2026-05-07_142551/static/st-gleam-mist-1-15-2.csv
[0;36m[PROGRESS][0m 82/406 (20%) | elapsed 1h51m | ETA ~7h19m | remaining 324 | static HTTP | st-gleam-mist-1-15-2 | level 4/13 | 8000 requests
[0;35m[MEASURE][0m st-gleam-mist-1-15-2 | Docker start + HTTP readiness wait …
[0;35m[MEASURE][0m st-gleam-mist-1-15-2 | Scaphandre power sampling + HTTP load | 8000 GET → http://localhost:8001/
[0;35m[MEASURE][0m st-gleam-mist-1-15-2 | stopping Scaphandre + appending CSV …
[0;35m[MEASURE][0m st-gleam-mist-1-15-2 | [0;32m8000/8000 ok[0m | 6.6s | 1215 req/s | results/2026-05-07_142551/static/st-gleam-mist-1-15-2.csv
[0;36m[PROGRESS][0m 83/406 (20%) | elapsed 1h52m | ETA ~7h16m | remaining 323 | static HTTP | st-gleam-mist-1-15-2 | level 5/13 | 10000 requests
[0;35m[MEASURE][0m st-gleam-mist-1-15-2 | Docker start + HTTP readiness wait …
[0;35m[MEASURE][0m st-gleam-mist-1-15-2 | Scaphandre power sampling + HTTP load | 10000 GET → http://localhost:8001/
[0;35m[MEASURE][0m st-gleam-mist-1-15-2 | stopping Scaphandre + appending CSV …
[0;35m[MEASURE][0m st-gleam-mist-1-15-2 | [0;32m10000/10000 ok[0m | 8.3s | 1204 req/s | results/2026-05-07_142551/static/st-gleam-mist-1-15-2.csv
[0;36m[PROGRESS][0m 84/406 (20%) | elapsed 1h53m | ETA ~7h13m | remaining 322 | static HTTP | st-gleam-mist-1-15-2 | level 6/13 | 15000 requests
[0;35m[MEASURE][0m st-gleam-mist-1-15-2 | Docker start + HTTP readiness wait …
[0;35m[MEASURE][0m st-gleam-mist-1-15-2 | Scaphandre power sampling + HTTP load | 15000 GET → http://localhost:8001/
[0;35m[MEASURE][0m st-gleam-mist-1-15-2 | stopping Scaphandre + appending CSV …
[0;35m[MEASURE][0m st-gleam-mist-1-15-2 | [0;32m15000/15000 ok[0m | 13.0s | 1151 req/s | results/2026-05-07_142551/static/st-gleam-mist-1-15-2.csv
[0;36m[PROGRESS][0m 85/406 (20%) | elapsed 1h54m | ETA ~7h11m | remaining 321 | static HTTP | st-gleam-mist-1-15-2 | level 7/13 | 20000 requests
[0;35m[MEASURE][0m st-gleam-mist-1-15-2 | Docker start + HTTP readiness wait …
[0;35m[MEASURE][0m st-gleam-mist-1-15-2 | Scaphandre power sampling + HTTP load | 20000 GET → http://localhost:8001/
[0;35m[MEASURE][0m st-gleam-mist-1-15-2 | stopping Scaphandre + appending CSV …
[0;35m[MEASURE][0m st-gleam-mist-1-15-2 | [0;32m20000/20000 ok[0m | 18.7s | 1071 req/s | results/2026-05-07_142551/static/st-gleam-mist-1-15-2.csv
[0;36m[PROGRESS][0m 86/406 (21%) | elapsed 1h55m | ETA ~7h09m | remaining 320 | static HTTP | st-gleam-mist-1-15-2 | level 8/13 | 30000 requests
[0;35m[MEASURE][0m st-gleam-mist-1-15-2 | Docker start + HTTP readiness wait …
[0;35m[MEASURE][0m st-gleam-mist-1-15-2 | Scaphandre power sampling + HTTP load | 30000 GET → http://localhost:8001/
[0;35m[MEASURE][0m st-gleam-mist-1-15-2 | stopping Scaphandre + appending CSV …
[0;35m[MEASURE][0m st-gleam-mist-1-15-2 | 28231/30000 | 32.3s | 928 req/s | results/2026-05-07_142551/static/st-gleam-mist-1-15-2.csv
[0;36m[PROGRESS][0m 87/406 (21%) | elapsed 1h57m | ETA ~7h09m | remaining 319 | static HTTP | st-gleam-mist-1-15-2 | level 9/13 | 40000 requests
[0;35m[MEASURE][0m st-gleam-mist-1-15-2 | Docker start + HTTP readiness wait …
[0;35m[MEASURE][0m st-gleam-mist-1-15-2 | Scaphandre power sampling + HTTP load | 40000 GET → http://localhost:8001/
[0;35m[MEASURE][0m st-gleam-mist-1-15-2 | stopping Scaphandre + appending CSV …
[0;35m[MEASURE][0m st-gleam-mist-1-15-2 | 28232/40000 | 59.0s | 678 req/s | results/2026-05-07_142551/static/st-gleam-mist-1-15-2.csv
[0;36m[PROGRESS][0m 88/406 (21%) | elapsed 1h58m | ETA ~7h09m | remaining 318 | static HTTP | st-gleam-mist-1-15-2 | level 10/13 | 50000 requests
[0;35m[MEASURE][0m st-gleam-mist-1-15-2 | Docker start + HTTP readiness wait …
[0;35m[MEASURE][0m st-gleam-mist-1-15-2 | Scaphandre power sampling + HTTP load | 50000 GET → http://localhost:8001/
[0;35m[MEASURE][0m st-gleam-mist-1-15-2 | HTTP requests 40380/50000 (60s elapsed)
[0;35m[MEASURE][0m st-gleam-mist-1-15-2 | stopping Scaphandre + appending CSV …
[0;35m[MEASURE][0m st-gleam-mist-1-15-2 | 36997/50000 | 69.9s | 715 req/s | results/2026-05-07_142551/static/st-gleam-mist-1-15-2.csv
[0;36m[PROGRESS][0m 89/406 (21%) | elapsed 2h01m | ETA ~7h11m | remaining 317 | static HTTP | st-gleam-mist-1-15-2 | level 11/13 | 60000 requests
[0;35m[MEASURE][0m st-gleam-mist-1-15-2 | Docker start + HTTP readiness wait …
[0;35m[MEASURE][0m st-gleam-mist-1-15-2 | Scaphandre power sampling + HTTP load | 60000 GET → http://localhost:8001/
[0;35m[MEASURE][0m st-gleam-mist-1-15-2 | HTTP requests 40182/60000 (60s elapsed)
[0;35m[MEASURE][0m st-gleam-mist-1-15-2 | stopping Scaphandre + appending CSV …
[0;35m[MEASURE][0m st-gleam-mist-1-15-2 | 47142/60000 | 80.5s | 745 req/s | results/2026-05-07_142551/static/st-gleam-mist-1-15-2.csv
[0;36m[PROGRESS][0m 90/406 (22%) | elapsed 2h03m | ETA ~7h12m | remaining 316 | static HTTP | st-gleam-mist-1-15-2 | level 12/13 | 70000 requests
[0;35m[MEASURE][0m st-gleam-mist-1-15-2 | Docker start + HTTP readiness wait …
[0;35m[MEASURE][0m st-gleam-mist-1-15-2 | Scaphandre power sampling + HTTP load | 70000 GET → http://localhost:8001/
[0;35m[MEASURE][0m st-gleam-mist-1-15-2 | HTTP requests 40156/70000 (60s elapsed)
[0;35m[MEASURE][0m st-gleam-mist-1-15-2 | stopping Scaphandre + appending CSV …
[0;35m[MEASURE][0m st-gleam-mist-1-15-2 | 56463/70000 | 94.1s | 744 req/s | results/2026-05-07_142551/static/st-gleam-mist-1-15-2.csv
[0;36m[PROGRESS][0m 91/406 (22%) | elapsed 2h05m | ETA ~7h15m | remaining 315 | static HTTP | st-gleam-mist-1-15-2 | level 13/13 | 80000 requests
[0;35m[MEASURE][0m st-gleam-mist-1-15-2 | Docker start + HTTP readiness wait …
[0;35m[MEASURE][0m st-gleam-mist-1-15-2 | Scaphandre power sampling + HTTP load | 80000 GET → http://localhost:8001/
[0;35m[MEASURE][0m st-gleam-mist-1-15-2 | HTTP requests 40195/80000 (60s elapsed)
[0;35m[MEASURE][0m st-gleam-mist-1-15-2 | HTTP requests 79211/80000 (120s elapsed)
[0;35m[MEASURE][0m st-gleam-mist-1-15-2 | stopping Scaphandre + appending CSV …
[0;35m[MEASURE][0m st-gleam-mist-1-15-2 | 56464/80000 | 122.1s | 655 req/s | results/2026-05-07_142551/static/st-gleam-mist-1-15-2.csv
[0;34mRunning static tests for st-erlang-index-28-4-3 on port 8001[0m (8/11)
[0;36m[PROGRESS][0m 92/406 (22%) | elapsed 2h08m | ETA ~7h19m | remaining 314 | static HTTP | st-erlang-index-28-4-3 | level 1/13 | 100 requests
[0;35m[MEASURE][0m st-erlang-index-28-4-3 | Docker start + HTTP readiness wait …
[0;35m[MEASURE][0m st-erlang-index-28-4-3 | Scaphandre power sampling + HTTP load | 100 GET → http://localhost:8001/
[0;35m[MEASURE][0m st-erlang-index-28-4-3 | stopping Scaphandre + appending CSV …
[0;35m[MEASURE][0m st-erlang-index-28-4-3 | [0;32m100/100 ok[0m | 1.5s | 65 req/s | results/2026-05-07_142551/static/st-erlang-index-28-4-3.csv
[0;36m[PROGRESS][0m 93/406 (22%) | elapsed 2h09m | ETA ~7h16m | remaining 313 | static HTTP | st-erlang-index-28-4-3 | level 2/13 | 1000 requests
[0;35m[MEASURE][0m st-erlang-index-28-4-3 | Docker start + HTTP readiness wait …
[0;35m[MEASURE][0m st-erlang-index-28-4-3 | Scaphandre power sampling + HTTP load | 1000 GET → http://localhost:8001/
[0;35m[MEASURE][0m st-erlang-index-28-4-3 | stopping Scaphandre + appending CSV …
[0;35m[MEASURE][0m st-erlang-index-28-4-3 | [0;32m1000/1000 ok[0m | 2.8s | 357 req/s | results/2026-05-07_142551/static/st-erlang-index-28-4-3.csv
[0;36m[PROGRESS][0m 94/406 (23%) | elapsed 2h10m | ETA ~7h12m | remaining 312 | static HTTP | st-erlang-index-28-4-3 | level 3/13 | 5000 requests
[0;35m[MEASURE][0m st-erlang-index-28-4-3 | Docker start + HTTP readiness wait …
[0;35m[MEASURE][0m st-erlang-index-28-4-3 | Scaphandre power sampling + HTTP load | 5000 GET → http://localhost:8001/
[0;35m[MEASURE][0m st-erlang-index-28-4-3 | stopping Scaphandre + appending CSV …
[0;35m[MEASURE][0m st-erlang-index-28-4-3 | [0;32m5000/5000 ok[0m | 4.4s | 1128 req/s | results/2026-05-07_142551/static/st-erlang-index-28-4-3.csv
[0;36m[PROGRESS][0m 95/406 (23%) | elapsed 2h11m | ETA ~7h09m | remaining 311 | static HTTP | st-erlang-index-28-4-3 | level 4/13 | 8000 requests
[0;35m[MEASURE][0m st-erlang-index-28-4-3 | Docker start + HTTP readiness wait …
[0;35m[MEASURE][0m st-erlang-index-28-4-3 | Scaphandre power sampling + HTTP load | 8000 GET → http://localhost:8001/
[0;35m[MEASURE][0m st-erlang-index-28-4-3 | stopping Scaphandre + appending CSV …
[0;35m[MEASURE][0m st-erlang-index-28-4-3 | [0;32m8000/8000 ok[0m | 6.4s | 1248 req/s | results/2026-05-07_142551/static/st-erlang-index-28-4-3.csv
[0;36m[PROGRESS][0m 96/406 (23%) | elapsed 2h12m | ETA ~7h06m | remaining 310 | static HTTP | st-erlang-index-28-4-3 | level 5/13 | 10000 requests
[0;35m[MEASURE][0m st-erlang-index-28-4-3 | Docker start + HTTP readiness wait …
[0;35m[MEASURE][0m st-erlang-index-28-4-3 | Scaphandre power sampling + HTTP load | 10000 GET → http://localhost:8001/
[0;35m[MEASURE][0m st-erlang-index-28-4-3 | stopping Scaphandre + appending CSV …
[0;35m[MEASURE][0m st-erlang-index-28-4-3 | [0;32m10000/10000 ok[0m | 8.2s | 1225 req/s | results/2026-05-07_142551/static/st-erlang-index-28-4-3.csv
[0;36m[PROGRESS][0m 97/406 (23%) | elapsed 2h12m | ETA ~7h03m | remaining 309 | static HTTP | st-erlang-index-28-4-3 | level 6/13 | 15000 requests
[0;35m[MEASURE][0m st-erlang-index-28-4-3 | Docker start + HTTP readiness wait …
[0;35m[MEASURE][0m st-erlang-index-28-4-3 | Scaphandre power sampling + HTTP load | 15000 GET → http://localhost:8001/
[0;35m[MEASURE][0m st-erlang-index-28-4-3 | stopping Scaphandre + appending CSV …
[0;35m[MEASURE][0m st-erlang-index-28-4-3 | 14997/15000 | 12.6s | 1192 req/s | results/2026-05-07_142551/static/st-erlang-index-28-4-3.csv
[0;36m[PROGRESS][0m 98/406 (24%) | elapsed 2h13m | ETA ~7h00m | remaining 308 | static HTTP | st-erlang-index-28-4-3 | level 7/13 | 20000 requests
[0;35m[MEASURE][0m st-erlang-index-28-4-3 | Docker start + HTTP readiness wait …
[0;35m[MEASURE][0m st-erlang-index-28-4-3 | Scaphandre power sampling + HTTP load | 20000 GET → http://localhost:8001/
[0;35m[MEASURE][0m st-erlang-index-28-4-3 | stopping Scaphandre + appending CSV …
[0;35m[MEASURE][0m st-erlang-index-28-4-3 | [0;32m20000/20000 ok[0m | 17.3s | 1156 req/s | results/2026-05-07_142551/static/st-erlang-index-28-4-3.csv
[0;36m[PROGRESS][0m 99/406 (24%) | elapsed 2h14m | ETA ~6h58m | remaining 307 | static HTTP | st-erlang-index-28-4-3 | level 8/13 | 30000 requests
[0;35m[MEASURE][0m st-erlang-index-28-4-3 | Docker start + HTTP readiness wait …
[0;35m[MEASURE][0m st-erlang-index-28-4-3 | Scaphandre power sampling + HTTP load | 30000 GET → http://localhost:8001/
[0;35m[MEASURE][0m st-erlang-index-28-4-3 | stopping Scaphandre + appending CSV …
[0;35m[MEASURE][0m st-erlang-index-28-4-3 | [0;32m30000/30000 ok[0m | 26.9s | 1115 req/s | results/2026-05-07_142551/static/st-erlang-index-28-4-3.csv
[0;36m[PROGRESS][0m 100/406 (24%) | elapsed 2h16m | ETA ~6h56m | remaining 306 | static HTTP | st-erlang-index-28-4-3 | level 9/13 | 40000 requests
[0;35m[MEASURE][0m st-erlang-index-28-4-3 | Docker start + HTTP readiness wait …
[0;35m[MEASURE][0m st-erlang-index-28-4-3 | Scaphandre power sampling + HTTP load | 40000 GET → http://localhost:8001/
[0;35m[MEASURE][0m st-erlang-index-28-4-3 | stopping Scaphandre + appending CSV …
[0;35m[MEASURE][0m st-erlang-index-28-4-3 | [0;32m40000/40000 ok[0m | 36.0s | 1112 req/s | results/2026-05-07_142551/static/st-erlang-index-28-4-3.csv
[0;36m[PROGRESS][0m 101/406 (24%) | elapsed 2h17m | ETA ~6h55m | remaining 305 | static HTTP | st-erlang-index-28-4-3 | level 10/13 | 50000 requests
[0;35m[MEASURE][0m st-erlang-index-28-4-3 | Docker start + HTTP readiness wait …
[0;35m[MEASURE][0m st-erlang-index-28-4-3 | Scaphandre power sampling + HTTP load | 50000 GET → http://localhost:8001/
[0;35m[MEASURE][0m st-erlang-index-28-4-3 | stopping Scaphandre + appending CSV …
[0;35m[MEASURE][0m st-erlang-index-28-4-3 | 49965/50000 | 45.1s | 1109 req/s | results/2026-05-07_142551/static/st-erlang-index-28-4-3.csv
[0;36m[PROGRESS][0m 102/406 (25%) | elapsed 2h18m | ETA ~6h54m | remaining 304 | static HTTP | st-erlang-index-28-4-3 | level 11/13 | 60000 requests
[0;35m[MEASURE][0m st-erlang-index-28-4-3 | Docker start + HTTP readiness wait …
[0;35m[MEASURE][0m st-erlang-index-28-4-3 | Scaphandre power sampling + HTTP load | 60000 GET → http://localhost:8001/
[0;35m[MEASURE][0m st-erlang-index-28-4-3 | stopping Scaphandre + appending CSV …
[0;35m[MEASURE][0m st-erlang-index-28-4-3 | 59920/60000 | 55.0s | 1090 req/s | results/2026-05-07_142551/static/st-erlang-index-28-4-3.csv
[0;36m[PROGRESS][0m 103/406 (25%) | elapsed 2h20m | ETA ~6h53m | remaining 303 | static HTTP | st-erlang-index-28-4-3 | level 12/13 | 70000 requests
[0;35m[MEASURE][0m st-erlang-index-28-4-3 | Docker start + HTTP readiness wait …
[0;35m[MEASURE][0m st-erlang-index-28-4-3 | Scaphandre power sampling + HTTP load | 70000 GET → http://localhost:8001/
[0;35m[MEASURE][0m st-erlang-index-28-4-3 | HTTP requests 64244/70000 (60s elapsed)
[0;35m[MEASURE][0m st-erlang-index-28-4-3 | stopping Scaphandre + appending CSV …
[0;35m[MEASURE][0m st-erlang-index-28-4-3 | 69902/70000 | 68.8s | 1018 req/s | results/2026-05-07_142551/static/st-erlang-index-28-4-3.csv
[0;36m[PROGRESS][0m 104/406 (25%) | elapsed 2h22m | ETA ~6h53m | remaining 302 | static HTTP | st-erlang-index-28-4-3 | level 13/13 | 80000 requests
[0;35m[MEASURE][0m st-erlang-index-28-4-3 | Docker start + HTTP readiness wait …
[0;35m[MEASURE][0m st-erlang-index-28-4-3 | Scaphandre power sampling + HTTP load | 80000 GET → http://localhost:8001/
[0;35m[MEASURE][0m st-erlang-index-28-4-3 | HTTP requests 63823/80000 (60s elapsed)
[0;35m[MEASURE][0m st-erlang-index-28-4-3 | stopping Scaphandre + appending CSV …
[0;35m[MEASURE][0m st-erlang-index-28-4-3 | 79866/80000 | 85.1s | 940 req/s | results/2026-05-07_142551/static/st-erlang-index-28-4-3.csv
[0;34mRunning static tests for st-erlang-yaws-28-4-3 on port 8001[0m (9/11)
[0;36m[PROGRESS][0m 105/406 (25%) | elapsed 2h24m | ETA ~6h54m | remaining 301 | static HTTP | st-erlang-yaws-28-4-3 | level 1/13 | 100 requests
[0;35m[MEASURE][0m st-erlang-yaws-28-4-3 | Docker start + HTTP readiness wait …
[0;35m[MEASURE][0m st-erlang-yaws-28-4-3 | Scaphandre power sampling + HTTP load | 100 GET → http://localhost:8001/
[0;35m[MEASURE][0m st-erlang-yaws-28-4-3 | stopping Scaphandre + appending CSV …
[0;35m[MEASURE][0m st-erlang-yaws-28-4-3 | [0;32m100/100 ok[0m | 0.2s | 565 req/s | results/2026-05-07_142551/static/st-erlang-yaws-28-4-3.csv
[0;36m[PROGRESS][0m 106/406 (26%) | elapsed 2h25m | ETA ~6h52m | remaining 300 | static HTTP | st-erlang-yaws-28-4-3 | level 2/13 | 1000 requests
[0;35m[MEASURE][0m st-erlang-yaws-28-4-3 | Docker start + HTTP readiness wait …
[0;35m[MEASURE][0m st-erlang-yaws-28-4-3 | Scaphandre power sampling + HTTP load | 1000 GET → http://localhost:8001/
[0;35m[MEASURE][0m st-erlang-yaws-28-4-3 | stopping Scaphandre + appending CSV …
[0;35m[MEASURE][0m st-erlang-yaws-28-4-3 | [0;32m1000/1000 ok[0m | 0.8s | 1287 req/s | results/2026-05-07_142551/static/st-erlang-yaws-28-4-3.csv
[0;36m[PROGRESS][0m 107/406 (26%) | elapsed 2h26m | ETA ~6h49m | remaining 299 | static HTTP | st-erlang-yaws-28-4-3 | level 3/13 | 5000 requests
[0;35m[MEASURE][0m st-erlang-yaws-28-4-3 | Docker start + HTTP readiness wait …
[0;35m[MEASURE][0m st-erlang-yaws-28-4-3 | Scaphandre power sampling + HTTP load | 5000 GET → http://localhost:8001/
[0;35m[MEASURE][0m st-erlang-yaws-28-4-3 | stopping Scaphandre + appending CSV …
[0;35m[MEASURE][0m st-erlang-yaws-28-4-3 | [0;32m5000/5000 ok[0m | 4.4s | 1142 req/s | results/2026-05-07_142551/static/st-erlang-yaws-28-4-3.csv
[0;36m[PROGRESS][0m 108/406 (26%) | elapsed 2h27m | ETA ~6h47m | remaining 298 | static HTTP | st-erlang-yaws-28-4-3 | level 4/13 | 8000 requests
[0;35m[MEASURE][0m st-erlang-yaws-28-4-3 | Docker start + HTTP readiness wait …
[0;35m[MEASURE][0m st-erlang-yaws-28-4-3 | Scaphandre power sampling + HTTP load | 8000 GET → http://localhost:8001/
[0;35m[MEASURE][0m st-erlang-yaws-28-4-3 | stopping Scaphandre + appending CSV …
[0;35m[MEASURE][0m st-erlang-yaws-28-4-3 | [0;32m8000/8000 ok[0m | 6.5s | 1227 req/s | results/2026-05-07_142551/static/st-erlang-yaws-28-4-3.csv
[0;36m[PROGRESS][0m 109/406 (26%) | elapsed 2h28m | ETA ~6h44m | remaining 297 | static HTTP | st-erlang-yaws-28-4-3 | level 5/13 | 10000 requests
[0;35m[MEASURE][0m st-erlang-yaws-28-4-3 | Docker start + HTTP readiness wait …
[0;35m[MEASURE][0m st-erlang-yaws-28-4-3 | Scaphandre power sampling + HTTP load | 10000 GET → http://localhost:8001/
[0;35m[MEASURE][0m st-erlang-yaws-28-4-3 | stopping Scaphandre + appending CSV …
[0;35m[MEASURE][0m st-erlang-yaws-28-4-3 | [0;32m10000/10000 ok[0m | 8.1s | 1228 req/s | results/2026-05-07_142551/static/st-erlang-yaws-28-4-3.csv
[0;36m[PROGRESS][0m 110/406 (27%) | elapsed 2h29m | ETA ~6h42m | remaining 296 | static HTTP | st-erlang-yaws-28-4-3 | level 6/13 | 15000 requests
[0;35m[MEASURE][0m st-erlang-yaws-28-4-3 | Docker start + HTTP readiness wait …
[0;35m[MEASURE][0m st-erlang-yaws-28-4-3 | Scaphandre power sampling + HTTP load | 15000 GET → http://localhost:8001/
[0;35m[MEASURE][0m st-erlang-yaws-28-4-3 | stopping Scaphandre + appending CSV …
[0;35m[MEASURE][0m st-erlang-yaws-28-4-3 | [0;32m15000/15000 ok[0m | 13.0s | 1155 req/s | results/2026-05-07_142551/static/st-erlang-yaws-28-4-3.csv
[0;36m[PROGRESS][0m 111/406 (27%) | elapsed 2h30m | ETA ~6h40m | remaining 295 | static HTTP | st-erlang-yaws-28-4-3 | level 7/13 | 20000 requests
[0;35m[MEASURE][0m st-erlang-yaws-28-4-3 | Docker start + HTTP readiness wait …
[0;35m[MEASURE][0m st-erlang-yaws-28-4-3 | Scaphandre power sampling + HTTP load | 20000 GET → http://localhost:8001/
[0;35m[MEASURE][0m st-erlang-yaws-28-4-3 | stopping Scaphandre + appending CSV …
[0;35m[MEASURE][0m st-erlang-yaws-28-4-3 | [0;32m20000/20000 ok[0m | 18.6s | 1075 req/s | results/2026-05-07_142551/static/st-erlang-yaws-28-4-3.csv
[0;36m[PROGRESS][0m 112/406 (27%) | elapsed 2h31m | ETA ~6h38m | remaining 294 | static HTTP | st-erlang-yaws-28-4-3 | level 8/13 | 30000 requests
[0;35m[MEASURE][0m st-erlang-yaws-28-4-3 | Docker start + HTTP readiness wait …
[0;35m[MEASURE][0m st-erlang-yaws-28-4-3 | Scaphandre power sampling + HTTP load | 30000 GET → http://localhost:8001/
[0;35m[MEASURE][0m st-erlang-yaws-28-4-3 | stopping Scaphandre + appending CSV …
[0;35m[MEASURE][0m st-erlang-yaws-28-4-3 | 28231/30000 | 32.6s | 921 req/s | results/2026-05-07_142551/static/st-erlang-yaws-28-4-3.csv
[0;36m[PROGRESS][0m 113/406 (27%) | elapsed 2h33m | ETA ~6h37m | remaining 293 | static HTTP | st-erlang-yaws-28-4-3 | level 9/13 | 40000 requests
[0;35m[MEASURE][0m st-erlang-yaws-28-4-3 | Docker start + HTTP readiness wait …
[0;35m[MEASURE][0m st-erlang-yaws-28-4-3 | Scaphandre power sampling + HTTP load | 40000 GET → http://localhost:8001/
[0;35m[MEASURE][0m st-erlang-yaws-28-4-3 | stopping Scaphandre + appending CSV …
[0;35m[MEASURE][0m st-erlang-yaws-28-4-3 | 28232/40000 | 59.4s | 674 req/s | results/2026-05-07_142551/static/st-erlang-yaws-28-4-3.csv
[0;36m[PROGRESS][0m 114/406 (28%) | elapsed 2h35m | ETA ~6h37m | remaining 292 | static HTTP | st-erlang-yaws-28-4-3 | level 10/13 | 50000 requests
[0;35m[MEASURE][0m st-erlang-yaws-28-4-3 | Docker start + HTTP readiness wait …
[0;35m[MEASURE][0m st-erlang-yaws-28-4-3 | Scaphandre power sampling + HTTP load | 50000 GET → http://localhost:8001/
[0;35m[MEASURE][0m st-erlang-yaws-28-4-3 | HTTP requests 40189/50000 (60s elapsed)
[0;35m[MEASURE][0m st-erlang-yaws-28-4-3 | stopping Scaphandre + appending CSV …
[0;35m[MEASURE][0m st-erlang-yaws-28-4-3 | 37214/50000 | 70.6s | 709 req/s | results/2026-05-07_142551/static/st-erlang-yaws-28-4-3.csv
[0;36m[PROGRESS][0m 115/406 (28%) | elapsed 2h37m | ETA ~6h38m | remaining 291 | static HTTP | st-erlang-yaws-28-4-3 | level 11/13 | 60000 requests
[0;35m[MEASURE][0m st-erlang-yaws-28-4-3 | Docker start + HTTP readiness wait …
[0;35m[MEASURE][0m st-erlang-yaws-28-4-3 | Scaphandre power sampling + HTTP load | 60000 GET → http://localhost:8001/
[0;35m[MEASURE][0m st-erlang-yaws-28-4-3 | HTTP requests 40262/60000 (60s elapsed)
[0;35m[MEASURE][0m st-erlang-yaws-28-4-3 | stopping Scaphandre + appending CSV …
[0;35m[MEASURE][0m st-erlang-yaws-28-4-3 | 47083/60000 | 81.0s | 741 req/s | results/2026-05-07_142551/static/st-erlang-yaws-28-4-3.csv
[0;36m[PROGRESS][0m 116/406 (28%) | elapsed 2h39m | ETA ~6h39m | remaining 290 | static HTTP | st-erlang-yaws-28-4-3 | level 12/13 | 70000 requests
[0;35m[MEASURE][0m st-erlang-yaws-28-4-3 | Docker start + HTTP readiness wait …
[0;35m[MEASURE][0m st-erlang-yaws-28-4-3 | Scaphandre power sampling + HTTP load | 70000 GET → http://localhost:8001/
[0;35m[MEASURE][0m st-erlang-yaws-28-4-3 | HTTP requests 39992/70000 (60s elapsed)
[0;35m[MEASURE][0m st-erlang-yaws-28-4-3 | stopping Scaphandre + appending CSV …
[0;35m[MEASURE][0m st-erlang-yaws-28-4-3 | 56463/70000 | 96.3s | 727 req/s | results/2026-05-07_142551/static/st-erlang-yaws-28-4-3.csv
[0;36m[PROGRESS][0m 117/406 (28%) | elapsed 2h42m | ETA ~6h40m | remaining 289 | static HTTP | st-erlang-yaws-28-4-3 | level 13/13 | 80000 requests
[0;35m[MEASURE][0m st-erlang-yaws-28-4-3 | Docker start + HTTP readiness wait …
[0;35m[MEASURE][0m st-erlang-yaws-28-4-3 | Scaphandre power sampling + HTTP load | 80000 GET → http://localhost:8001/
[0;35m[MEASURE][0m st-erlang-yaws-28-4-3 | HTTP requests 40030/80000 (60s elapsed)
[0;35m[MEASURE][0m st-erlang-yaws-28-4-3 | HTTP requests 78485/80000 (120s elapsed)
[0;35m[MEASURE][0m st-erlang-yaws-28-4-3 | stopping Scaphandre + appending CSV …
[0;35m[MEASURE][0m st-erlang-yaws-28-4-3 | 56985/80000 | 123.3s | 649 req/s | results/2026-05-07_142551/static/st-erlang-yaws-28-4-3.csv
[0;34mRunning static tests for st-erlang-cowboy-28-4-3 on port 8001[0m (10/11)
[0;36m[PROGRESS][0m 118/406 (29%) | elapsed 2h45m | ETA ~6h43m | remaining 288 | static HTTP | st-erlang-cowboy-28-4-3 | level 1/13 | 100 requests
[0;35m[MEASURE][0m st-erlang-cowboy-28-4-3 | Docker start + HTTP readiness wait …
[0;35m[MEASURE][0m st-erlang-cowboy-28-4-3 | Scaphandre power sampling + HTTP load | 100 GET → http://localhost:8001/
[0;35m[MEASURE][0m st-erlang-cowboy-28-4-3 | stopping Scaphandre + appending CSV …
[0;35m[MEASURE][0m st-erlang-cowboy-28-4-3 | [0;32m100/100 ok[0m | 0.2s | 495 req/s | results/2026-05-07_142551/static/st-erlang-cowboy-28-4-3.csv
[0;36m[PROGRESS][0m 119/406 (29%) | elapsed 2h45m | ETA ~6h40m | remaining 287 | static HTTP | st-erlang-cowboy-28-4-3 | level 2/13 | 1000 requests
[0;35m[MEASURE][0m st-erlang-cowboy-28-4-3 | Docker start + HTTP readiness wait …
[0;35m[MEASURE][0m st-erlang-cowboy-28-4-3 | Scaphandre power sampling + HTTP load | 1000 GET → http://localhost:8001/
[0;35m[MEASURE][0m st-erlang-cowboy-28-4-3 | stopping Scaphandre + appending CSV …
[0;35m[MEASURE][0m st-erlang-cowboy-28-4-3 | [0;32m1000/1000 ok[0m | 0.8s | 1323 req/s | results/2026-05-07_142551/static/st-erlang-cowboy-28-4-3.csv
[0;36m[PROGRESS][0m 120/406 (29%) | elapsed 2h46m | ETA ~6h37m | remaining 286 | static HTTP | st-erlang-cowboy-28-4-3 | level 3/13 | 5000 requests
[0;35m[MEASURE][0m st-erlang-cowboy-28-4-3 | Docker start + HTTP readiness wait …
[0;35m[MEASURE][0m st-erlang-cowboy-28-4-3 | Scaphandre power sampling + HTTP load | 5000 GET → http://localhost:8001/
[0;35m[MEASURE][0m st-erlang-cowboy-28-4-3 | stopping Scaphandre + appending CSV …
[0;35m[MEASURE][0m st-erlang-cowboy-28-4-3 | [0;32m5000/5000 ok[0m | 4.0s | 1237 req/s | results/2026-05-07_142551/static/st-erlang-cowboy-28-4-3.csv
[0;36m[PROGRESS][0m 121/406 (29%) | elapsed 2h47m | ETA ~6h34m | remaining 285 | static HTTP | st-erlang-cowboy-28-4-3 | level 4/13 | 8000 requests
[0;35m[MEASURE][0m st-erlang-cowboy-28-4-3 | Docker start + HTTP readiness wait …
[0;35m[MEASURE][0m st-erlang-cowboy-28-4-3 | Scaphandre power sampling + HTTP load | 8000 GET → http://localhost:8001/
[0;35m[MEASURE][0m st-erlang-cowboy-28-4-3 | stopping Scaphandre + appending CSV …
[0;35m[MEASURE][0m st-erlang-cowboy-28-4-3 | [0;32m8000/8000 ok[0m | 6.6s | 1217 req/s | results/2026-05-07_142551/static/st-erlang-cowboy-28-4-3.csv
[0;36m[PROGRESS][0m 122/406 (30%) | elapsed 2h48m | ETA ~6h32m | remaining 284 | static HTTP | st-erlang-cowboy-28-4-3 | level 5/13 | 10000 requests
[0;35m[MEASURE][0m st-erlang-cowboy-28-4-3 | Docker start + HTTP readiness wait …
[0;35m[MEASURE][0m st-erlang-cowboy-28-4-3 | Scaphandre power sampling + HTTP load | 10000 GET → http://localhost:8001/
[0;35m[MEASURE][0m st-erlang-cowboy-28-4-3 | stopping Scaphandre + appending CSV …
[0;35m[MEASURE][0m st-erlang-cowboy-28-4-3 | [0;32m10000/10000 ok[0m | 9.1s | 1098 req/s | results/2026-05-07_142551/static/st-erlang-cowboy-28-4-3.csv
[0;36m[PROGRESS][0m 123/406 (30%) | elapsed 2h49m | ETA ~6h29m | remaining 283 | static HTTP | st-erlang-cowboy-28-4-3 | level 6/13 | 15000 requests
[0;35m[MEASURE][0m st-erlang-cowboy-28-4-3 | Docker start + HTTP readiness wait …
[0;35m[MEASURE][0m st-erlang-cowboy-28-4-3 | Scaphandre power sampling + HTTP load | 15000 GET → http://localhost:8001/
[0;35m[MEASURE][0m st-erlang-cowboy-28-4-3 | stopping Scaphandre + appending CSV …
[0;35m[MEASURE][0m st-erlang-cowboy-28-4-3 | [0;32m15000/15000 ok[0m | 13.1s | 1149 req/s | results/2026-05-07_142551/static/st-erlang-cowboy-28-4-3.csv
[0;36m[PROGRESS][0m 124/406 (30%) | elapsed 2h50m | ETA ~6h27m | remaining 282 | static HTTP | st-erlang-cowboy-28-4-3 | level 7/13 | 20000 requests
[0;35m[MEASURE][0m st-erlang-cowboy-28-4-3 | Docker start + HTTP readiness wait …
[0;35m[MEASURE][0m st-erlang-cowboy-28-4-3 | Scaphandre power sampling + HTTP load | 20000 GET → http://localhost:8001/
[0;35m[MEASURE][0m st-erlang-cowboy-28-4-3 | stopping Scaphandre + appending CSV …
[0;35m[MEASURE][0m st-erlang-cowboy-28-4-3 | [0;32m20000/20000 ok[0m | 18.7s | 1072 req/s | results/2026-05-07_142551/static/st-erlang-cowboy-28-4-3.csv
[0;36m[PROGRESS][0m 125/406 (30%) | elapsed 2h51m | ETA ~6h25m | remaining 281 | static HTTP | st-erlang-cowboy-28-4-3 | level 8/13 | 30000 requests
[0;35m[MEASURE][0m st-erlang-cowboy-28-4-3 | Docker start + HTTP readiness wait …
[0;35m[MEASURE][0m st-erlang-cowboy-28-4-3 | Scaphandre power sampling + HTTP load | 30000 GET → http://localhost:8001/
[0;35m[MEASURE][0m st-erlang-cowboy-28-4-3 | stopping Scaphandre + appending CSV …
[0;35m[MEASURE][0m st-erlang-cowboy-28-4-3 | 28231/30000 | 33.0s | 910 req/s | results/2026-05-07_142551/static/st-erlang-cowboy-28-4-3.csv
[0;36m[PROGRESS][0m 126/406 (31%) | elapsed 2h52m | ETA ~6h23m | remaining 280 | static HTTP | st-erlang-cowboy-28-4-3 | level 9/13 | 40000 requests
[0;35m[MEASURE][0m st-erlang-cowboy-28-4-3 | Docker start + HTTP readiness wait …
[0;35m[MEASURE][0m st-erlang-cowboy-28-4-3 | Scaphandre power sampling + HTTP load | 40000 GET → http://localhost:8001/
[0;35m[MEASURE][0m st-erlang-cowboy-28-4-3 | stopping Scaphandre + appending CSV …
[0;35m[MEASURE][0m st-erlang-cowboy-28-4-3 | 28232/40000 | 59.4s | 674 req/s | results/2026-05-07_142551/static/st-erlang-cowboy-28-4-3.csv
[0;36m[PROGRESS][0m 127/406 (31%) | elapsed 2h54m | ETA ~6h23m | remaining 279 | static HTTP | st-erlang-cowboy-28-4-3 | level 10/13 | 50000 requests
[0;35m[MEASURE][0m st-erlang-cowboy-28-4-3 | Docker start + HTTP readiness wait …
[0;35m[MEASURE][0m st-erlang-cowboy-28-4-3 | Scaphandre power sampling + HTTP load | 50000 GET → http://localhost:8001/
[0;35m[MEASURE][0m st-erlang-cowboy-28-4-3 | HTTP requests 40237/50000 (60s elapsed)
[0;35m[MEASURE][0m st-erlang-cowboy-28-4-3 | stopping Scaphandre + appending CSV …
[0;35m[MEASURE][0m st-erlang-cowboy-28-4-3 | 37102/50000 | 70.1s | 713 req/s | results/2026-05-07_142551/static/st-erlang-cowboy-28-4-3.csv
[0;36m[PROGRESS][0m 128/406 (31%) | elapsed 2h56m | ETA ~6h23m | remaining 278 | static HTTP | st-erlang-cowboy-28-4-3 | level 11/13 | 60000 requests
[0;35m[MEASURE][0m st-erlang-cowboy-28-4-3 | Docker start + HTTP readiness wait …
[0;35m[MEASURE][0m st-erlang-cowboy-28-4-3 | Scaphandre power sampling + HTTP load | 60000 GET → http://localhost:8001/
[0;35m[MEASURE][0m st-erlang-cowboy-28-4-3 | HTTP requests 39872/60000 (60s elapsed)
[0;35m[MEASURE][0m st-erlang-cowboy-28-4-3 | stopping Scaphandre + appending CSV …
[0;35m[MEASURE][0m st-erlang-cowboy-28-4-3 | 47484/60000 | 81.1s | 740 req/s | results/2026-05-07_142551/static/st-erlang-cowboy-28-4-3.csv
[0;36m[PROGRESS][0m 129/406 (31%) | elapsed 2h58m | ETA ~6h23m | remaining 277 | static HTTP | st-erlang-cowboy-28-4-3 | level 12/13 | 70000 requests
[0;35m[MEASURE][0m st-erlang-cowboy-28-4-3 | Docker start + HTTP readiness wait …
[0;35m[MEASURE][0m st-erlang-cowboy-28-4-3 | Scaphandre power sampling + HTTP load | 70000 GET → http://localhost:8001/
[0;35m[MEASURE][0m st-erlang-cowboy-28-4-3 | HTTP requests 39973/70000 (60s elapsed)
[0;35m[MEASURE][0m st-erlang-cowboy-28-4-3 | stopping Scaphandre + appending CSV …
[0;35m[MEASURE][0m st-erlang-cowboy-28-4-3 | 56463/70000 | 94.5s | 740 req/s | results/2026-05-07_142551/static/st-erlang-cowboy-28-4-3.csv
[0;36m[PROGRESS][0m 130/406 (32%) | elapsed 3h00m | ETA ~6h23m | remaining 276 | static HTTP | st-erlang-cowboy-28-4-3 | level 13/13 | 80000 requests
[0;35m[MEASURE][0m st-erlang-cowboy-28-4-3 | Docker start + HTTP readiness wait …
[0;35m[MEASURE][0m st-erlang-cowboy-28-4-3 | Scaphandre power sampling + HTTP load | 80000 GET → http://localhost:8001/
[0;35m[MEASURE][0m st-erlang-cowboy-28-4-3 | HTTP requests 40053/80000 (60s elapsed)
[0;35m[MEASURE][0m st-erlang-cowboy-28-4-3 | HTTP requests 78935/80000 (120s elapsed)
[0;35m[MEASURE][0m st-erlang-cowboy-28-4-3 | stopping Scaphandre + appending CSV …
[0;35m[MEASURE][0m st-erlang-cowboy-28-4-3 | 56499/80000 | 122.8s | 651 req/s | results/2026-05-07_142551/static/st-erlang-cowboy-28-4-3.csv
[0;34mRunning static tests for st-erlang-pure-28-4-3 on port 8001[0m (11/11)
[0;36m[PROGRESS][0m 131/406 (32%) | elapsed 3h03m | ETA ~6h25m | remaining 275 | static HTTP | st-erlang-pure-28-4-3 | level 1/13 | 100 requests
[0;35m[MEASURE][0m st-erlang-pure-28-4-3 | Docker start + HTTP readiness wait …
[0;35m[MEASURE][0m st-erlang-pure-28-4-3 | Scaphandre power sampling + HTTP load | 100 GET → http://localhost:8001/
[0;35m[MEASURE][0m st-erlang-pure-28-4-3 | stopping Scaphandre + appending CSV …
[0;35m[MEASURE][0m st-erlang-pure-28-4-3 | [0;32m100/100 ok[0m | 1.5s | 65 req/s | results/2026-05-07_142551/static/st-erlang-pure-28-4-3.csv
[0;36m[PROGRESS][0m 132/406 (32%) | elapsed 3h04m | ETA ~6h22m | remaining 274 | static HTTP | st-erlang-pure-28-4-3 | level 2/13 | 1000 requests
[0;35m[MEASURE][0m st-erlang-pure-28-4-3 | Docker start + HTTP readiness wait …
[0;35m[MEASURE][0m st-erlang-pure-28-4-3 | Scaphandre power sampling + HTTP load | 1000 GET → http://localhost:8001/
[0;35m[MEASURE][0m st-erlang-pure-28-4-3 | stopping Scaphandre + appending CSV …
[0;35m[MEASURE][0m st-erlang-pure-28-4-3 | 999/1000 | 5.2s | 194 req/s | results/2026-05-07_142551/static/st-erlang-pure-28-4-3.csv
[0;36m[PROGRESS][0m 133/406 (32%) | elapsed 3h05m | ETA ~6h20m | remaining 273 | static HTTP | st-erlang-pure-28-4-3 | level 3/13 | 5000 requests
[0;35m[MEASURE][0m st-erlang-pure-28-4-3 | Docker start + HTTP readiness wait …
[0;35m[MEASURE][0m st-erlang-pure-28-4-3 | Scaphandre power sampling + HTTP load | 5000 GET → http://localhost:8001/
[0;35m[MEASURE][0m st-erlang-pure-28-4-3 | stopping Scaphandre + appending CSV …
[0;35m[MEASURE][0m st-erlang-pure-28-4-3 | [0;32m5000/5000 ok[0m | 4.3s | 1155 req/s | results/2026-05-07_142551/static/st-erlang-pure-28-4-3.csv
[0;36m[PROGRESS][0m 134/406 (33%) | elapsed 3h06m | ETA ~6h17m | remaining 272 | static HTTP | st-erlang-pure-28-4-3 | level 4/13 | 8000 requests
[0;35m[MEASURE][0m st-erlang-pure-28-4-3 | Docker start + HTTP readiness wait …
[0;35m[MEASURE][0m st-erlang-pure-28-4-3 | Scaphandre power sampling + HTTP load | 8000 GET → http://localhost:8001/
[0;35m[MEASURE][0m st-erlang-pure-28-4-3 | stopping Scaphandre + appending CSV …
[0;35m[MEASURE][0m st-erlang-pure-28-4-3 | [0;32m8000/8000 ok[0m | 6.1s | 1310 req/s | results/2026-05-07_142551/static/st-erlang-pure-28-4-3.csv
[0;36m[PROGRESS][0m 135/406 (33%) | elapsed 3h06m | ETA ~6h15m | remaining 271 | static HTTP | st-erlang-pure-28-4-3 | level 5/13 | 10000 requests
[0;35m[MEASURE][0m st-erlang-pure-28-4-3 | Docker start + HTTP readiness wait …
[0;35m[MEASURE][0m st-erlang-pure-28-4-3 | Scaphandre power sampling + HTTP load | 10000 GET → http://localhost:8001/
[0;35m[MEASURE][0m st-erlang-pure-28-4-3 | stopping Scaphandre + appending CSV …
[0;35m[MEASURE][0m st-erlang-pure-28-4-3 | [0;32m10000/10000 ok[0m | 7.9s | 1270 req/s | results/2026-05-07_142551/static/st-erlang-pure-28-4-3.csv
[0;36m[PROGRESS][0m 136/406 (33%) | elapsed 3h07m | ETA ~6h12m | remaining 270 | static HTTP | st-erlang-pure-28-4-3 | level 6/13 | 15000 requests
[0;35m[MEASURE][0m st-erlang-pure-28-4-3 | Docker start + HTTP readiness wait …
[0;35m[MEASURE][0m st-erlang-pure-28-4-3 | Scaphandre power sampling + HTTP load | 15000 GET → http://localhost:8001/
[0;35m[MEASURE][0m st-erlang-pure-28-4-3 | stopping Scaphandre + appending CSV …
[0;35m[MEASURE][0m st-erlang-pure-28-4-3 | [0;32m15000/15000 ok[0m | 11.7s | 1278 req/s | results/2026-05-07_142551/static/st-erlang-pure-28-4-3.csv
[0;36m[PROGRESS][0m 137/406 (33%) | elapsed 3h08m | ETA ~6h10m | remaining 269 | static HTTP | st-erlang-pure-28-4-3 | level 7/13 | 20000 requests
[0;35m[MEASURE][0m st-erlang-pure-28-4-3 | Docker start + HTTP readiness wait …
[0;35m[MEASURE][0m st-erlang-pure-28-4-3 | Scaphandre power sampling + HTTP load | 20000 GET → http://localhost:8001/
[0;35m[MEASURE][0m st-erlang-pure-28-4-3 | stopping Scaphandre + appending CSV …
[0;35m[MEASURE][0m st-erlang-pure-28-4-3 | [0;32m20000/20000 ok[0m | 16.1s | 1245 req/s | results/2026-05-07_142551/static/st-erlang-pure-28-4-3.csv
[0;36m[PROGRESS][0m 138/406 (33%) | elapsed 3h09m | ETA ~6h08m | remaining 268 | static HTTP | st-erlang-pure-28-4-3 | level 8/13 | 30000 requests
[0;35m[MEASURE][0m st-erlang-pure-28-4-3 | Docker start + HTTP readiness wait …
[0;35m[MEASURE][0m st-erlang-pure-28-4-3 | Scaphandre power sampling + HTTP load | 30000 GET → http://localhost:8001/
[0;35m[MEASURE][0m st-erlang-pure-28-4-3 | stopping Scaphandre + appending CSV …
[0;35m[MEASURE][0m st-erlang-pure-28-4-3 | [0;32m30000/30000 ok[0m | 25.2s | 1192 req/s | results/2026-05-07_142551/static/st-erlang-pure-28-4-3.csv
[0;36m[PROGRESS][0m 139/406 (34%) | elapsed 3h11m | ETA ~6h06m | remaining 267 | static HTTP | st-erlang-pure-28-4-3 | level 9/13 | 40000 requests
[0;35m[MEASURE][0m st-erlang-pure-28-4-3 | Docker start + HTTP readiness wait …
[0;35m[MEASURE][0m st-erlang-pure-28-4-3 | Scaphandre power sampling + HTTP load | 40000 GET → http://localhost:8001/
[0;35m[MEASURE][0m st-erlang-pure-28-4-3 | stopping Scaphandre + appending CSV …
[0;35m[MEASURE][0m st-erlang-pure-28-4-3 | [0;32m40000/40000 ok[0m | 34.4s | 1164 req/s | results/2026-05-07_142551/static/st-erlang-pure-28-4-3.csv
[0;36m[PROGRESS][0m 140/406 (34%) | elapsed 3h12m | ETA ~6h05m | remaining 266 | static HTTP | st-erlang-pure-28-4-3 | level 10/13 | 50000 requests
[0;35m[MEASURE][0m st-erlang-pure-28-4-3 | Docker start + HTTP readiness wait …
[0;35m[MEASURE][0m st-erlang-pure-28-4-3 | Scaphandre power sampling + HTTP load | 50000 GET → http://localhost:8001/
[0;35m[MEASURE][0m st-erlang-pure-28-4-3 | stopping Scaphandre + appending CSV …
[0;35m[MEASURE][0m st-erlang-pure-28-4-3 | [0;32m50000/50000 ok[0m | 42.6s | 1175 req/s | results/2026-05-07_142551/static/st-erlang-pure-28-4-3.csv
[0;36m[PROGRESS][0m 141/406 (34%) | elapsed 3h13m | ETA ~6h04m | remaining 265 | static HTTP | st-erlang-pure-28-4-3 | level 11/13 | 60000 requests
[0;35m[MEASURE][0m st-erlang-pure-28-4-3 | Docker start + HTTP readiness wait …
[0;35m[MEASURE][0m st-erlang-pure-28-4-3 | Scaphandre power sampling + HTTP load | 60000 GET → http://localhost:8001/
[0;35m[MEASURE][0m st-erlang-pure-28-4-3 | stopping Scaphandre + appending CSV …
[0;35m[MEASURE][0m st-erlang-pure-28-4-3 | [0;32m60000/60000 ok[0m | 51.5s | 1165 req/s | results/2026-05-07_142551/static/st-erlang-pure-28-4-3.csv
[0;36m[PROGRESS][0m 142/406 (34%) | elapsed 3h15m | ETA ~6h03m | remaining 264 | static HTTP | st-erlang-pure-28-4-3 | level 12/13 | 70000 requests
[0;35m[MEASURE][0m st-erlang-pure-28-4-3 | Docker start + HTTP readiness wait …
[0;35m[MEASURE][0m st-erlang-pure-28-4-3 | Scaphandre power sampling + HTTP load | 70000 GET → http://localhost:8001/
[0;35m[MEASURE][0m st-erlang-pure-28-4-3 | HTTP requests 69943/70000 (60s elapsed)
[0;35m[MEASURE][0m st-erlang-pure-28-4-3 | stopping Scaphandre + appending CSV …
[0;35m[MEASURE][0m st-erlang-pure-28-4-3 | 69991/70000 | 60.7s | 1153 req/s | results/2026-05-07_142551/static/st-erlang-pure-28-4-3.csv
[0;36m[PROGRESS][0m 143/406 (35%) | elapsed 3h17m | ETA ~6h02m | remaining 263 | static HTTP | st-erlang-pure-28-4-3 | level 13/13 | 80000 requests
[0;35m[MEASURE][0m st-erlang-pure-28-4-3 | Docker start + HTTP readiness wait …
[0;35m[MEASURE][0m st-erlang-pure-28-4-3 | Scaphandre power sampling + HTTP load | 80000 GET → http://localhost:8001/
[0;35m[MEASURE][0m st-erlang-pure-28-4-3 | HTTP requests 69686/80000 (60s elapsed)
[0;35m[MEASURE][0m st-erlang-pure-28-4-3 | stopping Scaphandre + appending CSV …
[0;35m[MEASURE][0m st-erlang-pure-28-4-3 | 79988/80000 | 72.8s | 1099 req/s | results/2026-05-07_142551/static/st-erlang-pure-28-4-3.csv

[0;34m=== Dynamic Container Tests ===[0m
[0;34mRunning dynamic tests for dy-elixir-index-1-19-5 on port 8001[0m (1/11)
[0;36m[PROGRESS][0m 144/406 (35%) | elapsed 3h19m | ETA ~6h02m | remaining 262 | dynamic HTTP | dy-elixir-index-1-19-5 | level 1/13 | 100 requests
[0;35m[MEASURE][0m dy-elixir-index-1-19-5 | Docker start + HTTP readiness wait …
[0;35m[MEASURE][0m dy-elixir-index-1-19-5 | Scaphandre power sampling + HTTP load | 100 GET → http://localhost:8001/
[0;35m[MEASURE][0m dy-elixir-index-1-19-5 | stopping Scaphandre + appending CSV …
[0;35m[MEASURE][0m dy-elixir-index-1-19-5 | [0;32m100/100 ok[0m | 1.4s | 73 req/s | results/2026-05-07_142551/dynamic/dy-elixir-index-1-19-5.csv
[0;36m[PROGRESS][0m 145/406 (35%) | elapsed 3h19m | ETA ~5h59m | remaining 261 | dynamic HTTP | dy-elixir-index-1-19-5 | level 2/13 | 1000 requests
[0;35m[MEASURE][0m dy-elixir-index-1-19-5 | Docker start + HTTP readiness wait …
[0;35m[MEASURE][0m dy-elixir-index-1-19-5 | Scaphandre power sampling + HTTP load | 1000 GET → http://localhost:8001/
[0;35m[MEASURE][0m dy-elixir-index-1-19-5 | stopping Scaphandre + appending CSV …
[0;35m[MEASURE][0m dy-elixir-index-1-19-5 | 996/1000 | 5.1s | 195 req/s | results/2026-05-07_142551/dynamic/dy-elixir-index-1-19-5.csv
[0;36m[PROGRESS][0m 146/406 (35%) | elapsed 3h20m | ETA ~5h57m | remaining 260 | dynamic HTTP | dy-elixir-index-1-19-5 | level 3/13 | 5000 requests
[0;35m[MEASURE][0m dy-elixir-index-1-19-5 | Docker start + HTTP readiness wait …
[0;35m[MEASURE][0m dy-elixir-index-1-19-5 | Scaphandre power sampling + HTTP load | 5000 GET → http://localhost:8001/
[0;35m[MEASURE][0m dy-elixir-index-1-19-5 | stopping Scaphandre + appending CSV …
[0;35m[MEASURE][0m dy-elixir-index-1-19-5 | [0;32m5000/5000 ok[0m | 3.8s | 1312 req/s | results/2026-05-07_142551/dynamic/dy-elixir-index-1-19-5.csv
[0;36m[PROGRESS][0m 147/406 (36%) | elapsed 3h21m | ETA ~5h55m | remaining 259 | dynamic HTTP | dy-elixir-index-1-19-5 | level 4/13 | 8000 requests
[0;35m[MEASURE][0m dy-elixir-index-1-19-5 | Docker start + HTTP readiness wait …
[0;35m[MEASURE][0m dy-elixir-index-1-19-5 | Scaphandre power sampling + HTTP load | 8000 GET → http://localhost:8001/
[0;35m[MEASURE][0m dy-elixir-index-1-19-5 | stopping Scaphandre + appending CSV …
[0;35m[MEASURE][0m dy-elixir-index-1-19-5 | [0;32m8000/8000 ok[0m | 6.2s | 1287 req/s | results/2026-05-07_142551/dynamic/dy-elixir-index-1-19-5.csv
[0;36m[PROGRESS][0m 148/406 (36%) | elapsed 3h22m | ETA ~5h52m | remaining 258 | dynamic HTTP | dy-elixir-index-1-19-5 | level 5/13 | 10000 requests
[0;35m[MEASURE][0m dy-elixir-index-1-19-5 | Docker start + HTTP readiness wait …
[0;35m[MEASURE][0m dy-elixir-index-1-19-5 | Scaphandre power sampling + HTTP load | 10000 GET → http://localhost:8001/
[0;35m[MEASURE][0m dy-elixir-index-1-19-5 | stopping Scaphandre + appending CSV …
[0;35m[MEASURE][0m dy-elixir-index-1-19-5 | [0;32m10000/10000 ok[0m | 7.8s | 1276 req/s | results/2026-05-07_142551/dynamic/dy-elixir-index-1-19-5.csv
[0;36m[PROGRESS][0m 149/406 (36%) | elapsed 3h23m | ETA ~5h50m | remaining 257 | dynamic HTTP | dy-elixir-index-1-19-5 | level 6/13 | 15000 requests
[0;35m[MEASURE][0m dy-elixir-index-1-19-5 | Docker start + HTTP readiness wait …
[0;35m[MEASURE][0m dy-elixir-index-1-19-5 | Scaphandre power sampling + HTTP load | 15000 GET → http://localhost:8001/
[0;35m[MEASURE][0m dy-elixir-index-1-19-5 | stopping Scaphandre + appending CSV …
[0;35m[MEASURE][0m dy-elixir-index-1-19-5 | [0;32m15000/15000 ok[0m | 12.2s | 1233 req/s | results/2026-05-07_142551/dynamic/dy-elixir-index-1-19-5.csv
[0;36m[PROGRESS][0m 150/406 (36%) | elapsed 3h24m | ETA ~5h48m | remaining 256 | dynamic HTTP | dy-elixir-index-1-19-5 | level 7/13 | 20000 requests
[0;35m[MEASURE][0m dy-elixir-index-1-19-5 | Docker start + HTTP readiness wait …
[0;35m[MEASURE][0m dy-elixir-index-1-19-5 | Scaphandre power sampling + HTTP load | 20000 GET → http://localhost:8001/
[0;35m[MEASURE][0m dy-elixir-index-1-19-5 | stopping Scaphandre + appending CSV …
[0;35m[MEASURE][0m dy-elixir-index-1-19-5 | [0;32m20000/20000 ok[0m | 16.3s | 1227 req/s | results/2026-05-07_142551/dynamic/dy-elixir-index-1-19-5.csv
[0;36m[PROGRESS][0m 151/406 (37%) | elapsed 3h25m | ETA ~5h46m | remaining 255 | dynamic HTTP | dy-elixir-index-1-19-5 | level 8/13 | 30000 requests
[0;35m[MEASURE][0m dy-elixir-index-1-19-5 | Docker start + HTTP readiness wait …
[0;35m[MEASURE][0m dy-elixir-index-1-19-5 | Scaphandre power sampling + HTTP load | 30000 GET → http://localhost:8001/
[0;35m[MEASURE][0m dy-elixir-index-1-19-5 | stopping Scaphandre + appending CSV …
[0;35m[MEASURE][0m dy-elixir-index-1-19-5 | [0;32m30000/30000 ok[0m | 24.5s | 1225 req/s | results/2026-05-07_142551/dynamic/dy-elixir-index-1-19-5.csv
[0;36m[PROGRESS][0m 152/406 (37%) | elapsed 3h26m | ETA ~5h45m | remaining 254 | dynamic HTTP | dy-elixir-index-1-19-5 | level 9/13 | 40000 requests
[0;35m[MEASURE][0m dy-elixir-index-1-19-5 | Docker start + HTTP readiness wait …
[0;35m[MEASURE][0m dy-elixir-index-1-19-5 | Scaphandre power sampling + HTTP load | 40000 GET → http://localhost:8001/
[0;35m[MEASURE][0m dy-elixir-index-1-19-5 | stopping Scaphandre + appending CSV …
[0;35m[MEASURE][0m dy-elixir-index-1-19-5 | [0;32m40000/40000 ok[0m | 32.7s | 1225 req/s | results/2026-05-07_142551/dynamic/dy-elixir-index-1-19-5.csv
[0;36m[PROGRESS][0m 153/406 (37%) | elapsed 3h27m | ETA ~5h43m | remaining 253 | dynamic HTTP | dy-elixir-index-1-19-5 | level 10/13 | 50000 requests
[0;35m[MEASURE][0m dy-elixir-index-1-19-5 | Docker start + HTTP readiness wait …
[0;35m[MEASURE][0m dy-elixir-index-1-19-5 | Scaphandre power sampling + HTTP load | 50000 GET → http://localhost:8001/
[0;35m[MEASURE][0m dy-elixir-index-1-19-5 | stopping Scaphandre + appending CSV …
[0;35m[MEASURE][0m dy-elixir-index-1-19-5 | [0;32m50000/50000 ok[0m | 40.1s | 1247 req/s | results/2026-05-07_142551/dynamic/dy-elixir-index-1-19-5.csv
[0;36m[PROGRESS][0m 154/406 (37%) | elapsed 3h29m | ETA ~5h42m | remaining 252 | dynamic HTTP | dy-elixir-index-1-19-5 | level 11/13 | 60000 requests
[0;35m[MEASURE][0m dy-elixir-index-1-19-5 | Docker start + HTTP readiness wait …
[0;35m[MEASURE][0m dy-elixir-index-1-19-5 | Scaphandre power sampling + HTTP load | 60000 GET → http://localhost:8001/
[0;35m[MEASURE][0m dy-elixir-index-1-19-5 | stopping Scaphandre + appending CSV …
[0;35m[MEASURE][0m dy-elixir-index-1-19-5 | [0;32m60000/60000 ok[0m | 49.4s | 1216 req/s | results/2026-05-07_142551/dynamic/dy-elixir-index-1-19-5.csv
[0;36m[PROGRESS][0m 155/406 (38%) | elapsed 3h30m | ETA ~5h41m | remaining 251 | dynamic HTTP | dy-elixir-index-1-19-5 | level 12/13 | 70000 requests
[0;35m[MEASURE][0m dy-elixir-index-1-19-5 | Docker start + HTTP readiness wait …
[0;35m[MEASURE][0m dy-elixir-index-1-19-5 | Scaphandre power sampling + HTTP load | 70000 GET → http://localhost:8001/
[0;35m[MEASURE][0m dy-elixir-index-1-19-5 | stopping Scaphandre + appending CSV …
[0;35m[MEASURE][0m dy-elixir-index-1-19-5 | [0;32m70000/70000 ok[0m | 57.5s | 1217 req/s | results/2026-05-07_142551/dynamic/dy-elixir-index-1-19-5.csv
[0;36m[PROGRESS][0m 156/406 (38%) | elapsed 3h32m | ETA ~5h40m | remaining 250 | dynamic HTTP | dy-elixir-index-1-19-5 | level 13/13 | 80000 requests
[0;35m[MEASURE][0m dy-elixir-index-1-19-5 | Docker start + HTTP readiness wait …
[0;35m[MEASURE][0m dy-elixir-index-1-19-5 | Scaphandre power sampling + HTTP load | 80000 GET → http://localhost:8001/
[0;35m[MEASURE][0m dy-elixir-index-1-19-5 | HTTP requests 73004/80000 (60s elapsed)
[0;35m[MEASURE][0m dy-elixir-index-1-19-5 | stopping Scaphandre + appending CSV …
[0;35m[MEASURE][0m dy-elixir-index-1-19-5 | [0;32m80000/80000 ok[0m | 65.7s | 1218 req/s | results/2026-05-07_142551/dynamic/dy-elixir-index-1-19-5.csv
[0;34mRunning dynamic tests for dy-elixir-cowboy-1-19-5 on port 8001[0m (2/11)
[0;36m[PROGRESS][0m 157/406 (38%) | elapsed 3h34m | ETA ~5h40m | remaining 249 | dynamic HTTP | dy-elixir-cowboy-1-19-5 | level 1/13 | 100 requests
[0;35m[MEASURE][0m dy-elixir-cowboy-1-19-5 | Docker start + HTTP readiness wait …
[0;35m[MEASURE][0m dy-elixir-cowboy-1-19-5 | Scaphandre power sampling + HTTP load | 100 GET → http://localhost:8001/
[0;35m[MEASURE][0m dy-elixir-cowboy-1-19-5 | stopping Scaphandre + appending CSV …
[0;35m[MEASURE][0m dy-elixir-cowboy-1-19-5 | [0;32m100/100 ok[0m | 0.2s | 515 req/s | results/2026-05-07_142551/dynamic/dy-elixir-cowboy-1-19-5.csv
[0;36m[PROGRESS][0m 158/406 (38%) | elapsed 3h35m | ETA ~5h37m | remaining 248 | dynamic HTTP | dy-elixir-cowboy-1-19-5 | level 2/13 | 1000 requests
[0;35m[MEASURE][0m dy-elixir-cowboy-1-19-5 | Docker start + HTTP readiness wait …
[0;35m[MEASURE][0m dy-elixir-cowboy-1-19-5 | Scaphandre power sampling + HTTP load | 1000 GET → http://localhost:8001/
[0;35m[MEASURE][0m dy-elixir-cowboy-1-19-5 | stopping Scaphandre + appending CSV …
[0;35m[MEASURE][0m dy-elixir-cowboy-1-19-5 | [0;32m1000/1000 ok[0m | 1.0s | 1004 req/s | results/2026-05-07_142551/dynamic/dy-elixir-cowboy-1-19-5.csv
[0;36m[PROGRESS][0m 159/406 (39%) | elapsed 3h35m | ETA ~5h35m | remaining 247 | dynamic HTTP | dy-elixir-cowboy-1-19-5 | level 3/13 | 5000 requests
[0;35m[MEASURE][0m dy-elixir-cowboy-1-19-5 | Docker start + HTTP readiness wait …
[0;35m[MEASURE][0m dy-elixir-cowboy-1-19-5 | Scaphandre power sampling + HTTP load | 5000 GET → http://localhost:8001/
[0;35m[MEASURE][0m dy-elixir-cowboy-1-19-5 | stopping Scaphandre + appending CSV …
[0;35m[MEASURE][0m dy-elixir-cowboy-1-19-5 | [0;32m5000/5000 ok[0m | 4.1s | 1217 req/s | results/2026-05-07_142551/dynamic/dy-elixir-cowboy-1-19-5.csv
[0;36m[PROGRESS][0m 160/406 (39%) | elapsed 3h36m | ETA ~5h33m | remaining 246 | dynamic HTTP | dy-elixir-cowboy-1-19-5 | level 4/13 | 8000 requests
[0;35m[MEASURE][0m dy-elixir-cowboy-1-19-5 | Docker start + HTTP readiness wait …
[0;35m[MEASURE][0m dy-elixir-cowboy-1-19-5 | Scaphandre power sampling + HTTP load | 8000 GET → http://localhost:8001/
[0;35m[MEASURE][0m dy-elixir-cowboy-1-19-5 | stopping Scaphandre + appending CSV …
[0;35m[MEASURE][0m dy-elixir-cowboy-1-19-5 | [0;32m8000/8000 ok[0m | 7.1s | 1134 req/s | results/2026-05-07_142551/dynamic/dy-elixir-cowboy-1-19-5.csv
[0;36m[PROGRESS][0m 161/406 (39%) | elapsed 3h37m | ETA ~5h31m | remaining 245 | dynamic HTTP | dy-elixir-cowboy-1-19-5 | level 5/13 | 10000 requests
[0;35m[MEASURE][0m dy-elixir-cowboy-1-19-5 | Docker start + HTTP readiness wait …
[0;35m[MEASURE][0m dy-elixir-cowboy-1-19-5 | Scaphandre power sampling + HTTP load | 10000 GET → http://localhost:8001/
[0;35m[MEASURE][0m dy-elixir-cowboy-1-19-5 | stopping Scaphandre + appending CSV …
[0;35m[MEASURE][0m dy-elixir-cowboy-1-19-5 | [0;32m10000/10000 ok[0m | 9.7s | 1029 req/s | results/2026-05-07_142551/dynamic/dy-elixir-cowboy-1-19-5.csv
[0;36m[PROGRESS][0m 162/406 (39%) | elapsed 3h38m | ETA ~5h29m | remaining 244 | dynamic HTTP | dy-elixir-cowboy-1-19-5 | level 6/13 | 15000 requests
[0;35m[MEASURE][0m dy-elixir-cowboy-1-19-5 | Docker start + HTTP readiness wait …
[0;35m[MEASURE][0m dy-elixir-cowboy-1-19-5 | Scaphandre power sampling + HTTP load | 15000 GET → http://localhost:8001/
[0;35m[MEASURE][0m dy-elixir-cowboy-1-19-5 | stopping Scaphandre + appending CSV …
[0;35m[MEASURE][0m dy-elixir-cowboy-1-19-5 | [0;32m15000/15000 ok[0m | 13.4s | 1118 req/s | results/2026-05-07_142551/dynamic/dy-elixir-cowboy-1-19-5.csv
[0;36m[PROGRESS][0m 163/406 (40%) | elapsed 3h39m | ETA ~5h27m | remaining 243 | dynamic HTTP | dy-elixir-cowboy-1-19-5 | level 7/13 | 20000 requests
[0;35m[MEASURE][0m dy-elixir-cowboy-1-19-5 | Docker start + HTTP readiness wait …
[0;35m[MEASURE][0m dy-elixir-cowboy-1-19-5 | Scaphandre power sampling + HTTP load | 20000 GET → http://localhost:8001/
[0;35m[MEASURE][0m dy-elixir-cowboy-1-19-5 | stopping Scaphandre + appending CSV …
[0;35m[MEASURE][0m dy-elixir-cowboy-1-19-5 | [0;32m20000/20000 ok[0m | 19.0s | 1051 req/s | results/2026-05-07_142551/dynamic/dy-elixir-cowboy-1-19-5.csv
[0;36m[PROGRESS][0m 164/406 (40%) | elapsed 3h40m | ETA ~5h25m | remaining 242 | dynamic HTTP | dy-elixir-cowboy-1-19-5 | level 8/13 | 30000 requests
[0;35m[MEASURE][0m dy-elixir-cowboy-1-19-5 | Docker start + HTTP readiness wait …
[0;35m[MEASURE][0m dy-elixir-cowboy-1-19-5 | Scaphandre power sampling + HTTP load | 30000 GET → http://localhost:8001/
[0;35m[MEASURE][0m dy-elixir-cowboy-1-19-5 | stopping Scaphandre + appending CSV …
[0;35m[MEASURE][0m dy-elixir-cowboy-1-19-5 | 28231/30000 | 33.3s | 901 req/s | results/2026-05-07_142551/dynamic/dy-elixir-cowboy-1-19-5.csv
[0;36m[PROGRESS][0m 165/406 (40%) | elapsed 3h41m | ETA ~5h24m | remaining 241 | dynamic HTTP | dy-elixir-cowboy-1-19-5 | level 9/13 | 40000 requests
[0;35m[MEASURE][0m dy-elixir-cowboy-1-19-5 | Docker start + HTTP readiness wait …
[0;35m[MEASURE][0m dy-elixir-cowboy-1-19-5 | Scaphandre power sampling + HTTP load | 40000 GET → http://localhost:8001/
[0;35m[MEASURE][0m dy-elixir-cowboy-1-19-5 | stopping Scaphandre + appending CSV …
[0;35m[MEASURE][0m dy-elixir-cowboy-1-19-5 | 28232/40000 | 60.0s | 667 req/s | results/2026-05-07_142551/dynamic/dy-elixir-cowboy-1-19-5.csv
[0;36m[PROGRESS][0m 166/406 (40%) | elapsed 3h43m | ETA ~5h23m | remaining 240 | dynamic HTTP | dy-elixir-cowboy-1-19-5 | level 10/13 | 50000 requests
[0;35m[MEASURE][0m dy-elixir-cowboy-1-19-5 | Docker start + HTTP readiness wait …
[0;35m[MEASURE][0m dy-elixir-cowboy-1-19-5 | Scaphandre power sampling + HTTP load | 50000 GET → http://localhost:8001/
[0;35m[MEASURE][0m dy-elixir-cowboy-1-19-5 | HTTP requests 39995/50000 (60s elapsed)
[0;35m[MEASURE][0m dy-elixir-cowboy-1-19-5 | stopping Scaphandre + appending CSV …
[0;35m[MEASURE][0m dy-elixir-cowboy-1-19-5 | 37392/50000 | 70.6s | 709 req/s | results/2026-05-07_142551/dynamic/dy-elixir-cowboy-1-19-5.csv
[0;36m[PROGRESS][0m 167/406 (41%) | elapsed 3h45m | ETA ~5h22m | remaining 239 | dynamic HTTP | dy-elixir-cowboy-1-19-5 | level 11/13 | 60000 requests
[0;35m[MEASURE][0m dy-elixir-cowboy-1-19-5 | Docker start + HTTP readiness wait …
[0;35m[MEASURE][0m dy-elixir-cowboy-1-19-5 | Scaphandre power sampling + HTTP load | 60000 GET → http://localhost:8001/
[0;35m[MEASURE][0m dy-elixir-cowboy-1-19-5 | HTTP requests 39725/60000 (60s elapsed)
[0;35m[MEASURE][0m dy-elixir-cowboy-1-19-5 | stopping Scaphandre + appending CSV …
[0;35m[MEASURE][0m dy-elixir-cowboy-1-19-5 | 47652/60000 | 81.7s | 735 req/s | results/2026-05-07_142551/dynamic/dy-elixir-cowboy-1-19-5.csv
[0;36m[PROGRESS][0m 168/406 (41%) | elapsed 3h47m | ETA ~5h22m | remaining 238 | dynamic HTTP | dy-elixir-cowboy-1-19-5 | level 12/13 | 70000 requests
[0;35m[MEASURE][0m dy-elixir-cowboy-1-19-5 | Docker start + HTTP readiness wait …
[0;35m[MEASURE][0m dy-elixir-cowboy-1-19-5 | Scaphandre power sampling + HTTP load | 70000 GET → http://localhost:8001/
[0;35m[MEASURE][0m dy-elixir-cowboy-1-19-5 | HTTP requests 39746/70000 (60s elapsed)
[0;35m[MEASURE][0m dy-elixir-cowboy-1-19-5 | stopping Scaphandre + appending CSV …
[0;35m[MEASURE][0m dy-elixir-cowboy-1-19-5 | 56463/70000 | 96.0s | 729 req/s | results/2026-05-07_142551/dynamic/dy-elixir-cowboy-1-19-5.csv
[0;36m[PROGRESS][0m 169/406 (41%) | elapsed 3h50m | ETA ~5h22m | remaining 237 | dynamic HTTP | dy-elixir-cowboy-1-19-5 | level 13/13 | 80000 requests
[0;35m[MEASURE][0m dy-elixir-cowboy-1-19-5 | Docker start + HTTP readiness wait …
[0;35m[MEASURE][0m dy-elixir-cowboy-1-19-5 | Scaphandre power sampling + HTTP load | 80000 GET → http://localhost:8001/
[0;35m[MEASURE][0m dy-elixir-cowboy-1-19-5 | HTTP requests 39792/80000 (60s elapsed)
[0;35m[MEASURE][0m dy-elixir-cowboy-1-19-5 | HTTP requests 78427/80000 (120s elapsed)
[0;35m[MEASURE][0m dy-elixir-cowboy-1-19-5 | stopping Scaphandre + appending CSV …
[0;35m[MEASURE][0m dy-elixir-cowboy-1-19-5 | 57008/80000 | 123.4s | 648 req/s | results/2026-05-07_142551/dynamic/dy-elixir-cowboy-1-19-5.csv
[0;34mRunning dynamic tests for dy-elixir-phoenix-1-8-5 on port 8001[0m (3/11)
[0;36m[PROGRESS][0m 170/406 (41%) | elapsed 3h52m | ETA ~5h23m | remaining 236 | dynamic HTTP | dy-elixir-phoenix-1-8-5 | level 1/13 | 100 requests
[0;35m[MEASURE][0m dy-elixir-phoenix-1-8-5 | Docker start + HTTP readiness wait …
[0;35m[MEASURE][0m dy-elixir-phoenix-1-8-5 | Scaphandre power sampling + HTTP load | 100 GET → http://localhost:8001/
[0;35m[MEASURE][0m dy-elixir-phoenix-1-8-5 | stopping Scaphandre + appending CSV …
[0;35m[MEASURE][0m dy-elixir-phoenix-1-8-5 | [0;32m100/100 ok[0m | 0.2s | 539 req/s | results/2026-05-07_142551/dynamic/dy-elixir-phoenix-1-8-5.csv
[0;36m[PROGRESS][0m 171/406 (42%) | elapsed 3h53m | ETA ~5h21m | remaining 235 | dynamic HTTP | dy-elixir-phoenix-1-8-5 | level 2/13 | 1000 requests
[0;35m[MEASURE][0m dy-elixir-phoenix-1-8-5 | Docker start + HTTP readiness wait …
[0;35m[MEASURE][0m dy-elixir-phoenix-1-8-5 | Scaphandre power sampling + HTTP load | 1000 GET → http://localhost:8001/
[0;35m[MEASURE][0m dy-elixir-phoenix-1-8-5 | stopping Scaphandre + appending CSV …
[0;35m[MEASURE][0m dy-elixir-phoenix-1-8-5 | [0;32m1000/1000 ok[0m | 0.8s | 1209 req/s | results/2026-05-07_142551/dynamic/dy-elixir-phoenix-1-8-5.csv
[0;36m[PROGRESS][0m 172/406 (42%) | elapsed 3h54m | ETA ~5h19m | remaining 234 | dynamic HTTP | dy-elixir-phoenix-1-8-5 | level 3/13 | 5000 requests
[0;35m[MEASURE][0m dy-elixir-phoenix-1-8-5 | Docker start + HTTP readiness wait …
[0;35m[MEASURE][0m dy-elixir-phoenix-1-8-5 | Scaphandre power sampling + HTTP load | 5000 GET → http://localhost:8001/
[0;35m[MEASURE][0m dy-elixir-phoenix-1-8-5 | stopping Scaphandre + appending CSV …
[0;35m[MEASURE][0m dy-elixir-phoenix-1-8-5 | [0;32m5000/5000 ok[0m | 4.1s | 1212 req/s | results/2026-05-07_142551/dynamic/dy-elixir-phoenix-1-8-5.csv
[0;36m[PROGRESS][0m 173/406 (42%) | elapsed 3h55m | ETA ~5h17m | remaining 233 | dynamic HTTP | dy-elixir-phoenix-1-8-5 | level 4/13 | 8000 requests
[0;35m[MEASURE][0m dy-elixir-phoenix-1-8-5 | Docker start + HTTP readiness wait …
[0;35m[MEASURE][0m dy-elixir-phoenix-1-8-5 | Scaphandre power sampling + HTTP load | 8000 GET → http://localhost:8001/
[0;35m[MEASURE][0m dy-elixir-phoenix-1-8-5 | stopping Scaphandre + appending CSV …
[0;35m[MEASURE][0m dy-elixir-phoenix-1-8-5 | [0;32m8000/8000 ok[0m | 6.8s | 1181 req/s | results/2026-05-07_142551/dynamic/dy-elixir-phoenix-1-8-5.csv
[0;36m[PROGRESS][0m 174/406 (42%) | elapsed 3h56m | ETA ~5h15m | remaining 232 | dynamic HTTP | dy-elixir-phoenix-1-8-5 | level 5/13 | 10000 requests
[0;35m[MEASURE][0m dy-elixir-phoenix-1-8-5 | Docker start + HTTP readiness wait …
[0;35m[MEASURE][0m dy-elixir-phoenix-1-8-5 | Scaphandre power sampling + HTTP load | 10000 GET → http://localhost:8001/
[0;35m[MEASURE][0m dy-elixir-phoenix-1-8-5 | stopping Scaphandre + appending CSV …
[0;35m[MEASURE][0m dy-elixir-phoenix-1-8-5 | [0;32m10000/10000 ok[0m | 9.6s | 1043 req/s | results/2026-05-07_142551/dynamic/dy-elixir-phoenix-1-8-5.csv
[0;36m[PROGRESS][0m 175/406 (43%) | elapsed 3h57m | ETA ~5h13m | remaining 231 | dynamic HTTP | dy-elixir-phoenix-1-8-5 | level 6/13 | 15000 requests
[0;35m[MEASURE][0m dy-elixir-phoenix-1-8-5 | Docker start + HTTP readiness wait …
[0;35m[MEASURE][0m dy-elixir-phoenix-1-8-5 | Scaphandre power sampling + HTTP load | 15000 GET → http://localhost:8001/
[0;35m[MEASURE][0m dy-elixir-phoenix-1-8-5 | stopping Scaphandre + appending CSV …
[0;35m[MEASURE][0m dy-elixir-phoenix-1-8-5 | [0;32m15000/15000 ok[0m | 13.4s | 1120 req/s | results/2026-05-07_142551/dynamic/dy-elixir-phoenix-1-8-5.csv
[0;36m[PROGRESS][0m 176/406 (43%) | elapsed 3h58m | ETA ~5h11m | remaining 230 | dynamic HTTP | dy-elixir-phoenix-1-8-5 | level 7/13 | 20000 requests
[0;35m[MEASURE][0m dy-elixir-phoenix-1-8-5 | Docker start + HTTP readiness wait …
[0;35m[MEASURE][0m dy-elixir-phoenix-1-8-5 | Scaphandre power sampling + HTTP load | 20000 GET → http://localhost:8001/
[0;35m[MEASURE][0m dy-elixir-phoenix-1-8-5 | stopping Scaphandre + appending CSV …
[0;35m[MEASURE][0m dy-elixir-phoenix-1-8-5 | [0;32m20000/20000 ok[0m | 19.1s | 1047 req/s | results/2026-05-07_142551/dynamic/dy-elixir-phoenix-1-8-5.csv
[0;36m[PROGRESS][0m 177/406 (43%) | elapsed 3h59m | ETA ~5h09m | remaining 229 | dynamic HTTP | dy-elixir-phoenix-1-8-5 | level 8/13 | 30000 requests
[0;35m[MEASURE][0m dy-elixir-phoenix-1-8-5 | Docker start + HTTP readiness wait …
[0;35m[MEASURE][0m dy-elixir-phoenix-1-8-5 | Scaphandre power sampling + HTTP load | 30000 GET → http://localhost:8001/
[0;35m[MEASURE][0m dy-elixir-phoenix-1-8-5 | stopping Scaphandre + appending CSV …
[0;35m[MEASURE][0m dy-elixir-phoenix-1-8-5 | 28231/30000 | 33.2s | 902 req/s | results/2026-05-07_142551/dynamic/dy-elixir-phoenix-1-8-5.csv
[0;36m[PROGRESS][0m 178/406 (43%) | elapsed 4h00m | ETA ~5h08m | remaining 228 | dynamic HTTP | dy-elixir-phoenix-1-8-5 | level 9/13 | 40000 requests
[0;35m[MEASURE][0m dy-elixir-phoenix-1-8-5 | Docker start + HTTP readiness wait …
[0;35m[MEASURE][0m dy-elixir-phoenix-1-8-5 | Scaphandre power sampling + HTTP load | 40000 GET → http://localhost:8001/
[0;35m[MEASURE][0m dy-elixir-phoenix-1-8-5 | HTTP requests 39877/40000 (60s elapsed)
[0;35m[MEASURE][0m dy-elixir-phoenix-1-8-5 | stopping Scaphandre + appending CSV …
[0;35m[MEASURE][0m dy-elixir-phoenix-1-8-5 | 28232/40000 | 60.2s | 664 req/s | results/2026-05-07_142551/dynamic/dy-elixir-phoenix-1-8-5.csv
[0;36m[PROGRESS][0m 179/406 (44%) | elapsed 4h02m | ETA ~5h07m | remaining 227 | dynamic HTTP | dy-elixir-phoenix-1-8-5 | level 10/13 | 50000 requests
[0;35m[MEASURE][0m dy-elixir-phoenix-1-8-5 | Docker start + HTTP readiness wait …
[0;35m[MEASURE][0m dy-elixir-phoenix-1-8-5 | Scaphandre power sampling + HTTP load | 50000 GET → http://localhost:8001/
[0;35m[MEASURE][0m dy-elixir-phoenix-1-8-5 | HTTP requests 40043/50000 (60s elapsed)
[0;35m[MEASURE][0m dy-elixir-phoenix-1-8-5 | stopping Scaphandre + appending CSV …
[0;35m[MEASURE][0m dy-elixir-phoenix-1-8-5 | 37312/50000 | 70.5s | 709 req/s | results/2026-05-07_142551/dynamic/dy-elixir-phoenix-1-8-5.csv
[0;36m[PROGRESS][0m 180/406 (44%) | elapsed 4h04m | ETA ~5h06m | remaining 226 | dynamic HTTP | dy-elixir-phoenix-1-8-5 | level 11/13 | 60000 requests
[0;35m[MEASURE][0m dy-elixir-phoenix-1-8-5 | Docker start + HTTP readiness wait …
[0;35m[MEASURE][0m dy-elixir-phoenix-1-8-5 | Scaphandre power sampling + HTTP load | 60000 GET → http://localhost:8001/
[0;35m[MEASURE][0m dy-elixir-phoenix-1-8-5 | HTTP requests 39760/60000 (60s elapsed)
[0;35m[MEASURE][0m dy-elixir-phoenix-1-8-5 | stopping Scaphandre + appending CSV …
[0;35m[MEASURE][0m dy-elixir-phoenix-1-8-5 | 47622/60000 | 81.7s | 735 req/s | results/2026-05-07_142551/dynamic/dy-elixir-phoenix-1-8-5.csv
[0;36m[PROGRESS][0m 181/406 (44%) | elapsed 4h06m | ETA ~5h06m | remaining 225 | dynamic HTTP | dy-elixir-phoenix-1-8-5 | level 12/13 | 70000 requests
[0;35m[MEASURE][0m dy-elixir-phoenix-1-8-5 | Docker start + HTTP readiness wait …
[0;35m[MEASURE][0m dy-elixir-phoenix-1-8-5 | Scaphandre power sampling + HTTP load | 70000 GET → http://localhost:8001/
[0;35m[MEASURE][0m dy-elixir-phoenix-1-8-5 | HTTP requests 39852/70000 (60s elapsed)
[0;35m[MEASURE][0m dy-elixir-phoenix-1-8-5 | stopping Scaphandre + appending CSV …
[0;35m[MEASURE][0m dy-elixir-phoenix-1-8-5 | 56463/70000 | 95.3s | 734 req/s | results/2026-05-07_142551/dynamic/dy-elixir-phoenix-1-8-5.csv
[0;36m[PROGRESS][0m 182/406 (44%) | elapsed 4h08m | ETA ~5h06m | remaining 224 | dynamic HTTP | dy-elixir-phoenix-1-8-5 | level 13/13 | 80000 requests
[0;35m[MEASURE][0m dy-elixir-phoenix-1-8-5 | Docker start + HTTP readiness wait …
[0;35m[MEASURE][0m dy-elixir-phoenix-1-8-5 | Scaphandre power sampling + HTTP load | 80000 GET → http://localhost:8001/
[0;35m[MEASURE][0m dy-elixir-phoenix-1-8-5 | HTTP requests 39640/80000 (60s elapsed)
[0;35m[MEASURE][0m dy-elixir-phoenix-1-8-5 | HTTP requests 78173/80000 (120s elapsed)
[0;35m[MEASURE][0m dy-elixir-phoenix-1-8-5 | stopping Scaphandre + appending CSV …
[0;35m[MEASURE][0m dy-elixir-phoenix-1-8-5 | 57235/80000 | 123.7s | 647 req/s | results/2026-05-07_142551/dynamic/dy-elixir-phoenix-1-8-5.csv
[0;34mRunning dynamic tests for dy-elixir-pure-1-19-5 on port 8001[0m (4/11)
[0;36m[PROGRESS][0m 183/406 (45%) | elapsed 4h11m | ETA ~5h06m | remaining 223 | dynamic HTTP | dy-elixir-pure-1-19-5 | level 1/13 | 100 requests
[0;35m[MEASURE][0m dy-elixir-pure-1-19-5 | Docker start + HTTP readiness wait …
[0;35m[MEASURE][0m dy-elixir-pure-1-19-5 | Scaphandre power sampling + HTTP load | 100 GET → http://localhost:8001/
[0;35m[MEASURE][0m dy-elixir-pure-1-19-5 | stopping Scaphandre + appending CSV …
[0;35m[MEASURE][0m dy-elixir-pure-1-19-5 | [0;32m100/100 ok[0m | 1.9s | 51 req/s | results/2026-05-07_142551/dynamic/dy-elixir-pure-1-19-5.csv
[0;36m[PROGRESS][0m 184/406 (45%) | elapsed 4h12m | ETA ~5h04m | remaining 222 | dynamic HTTP | dy-elixir-pure-1-19-5 | level 2/13 | 1000 requests
[0;35m[MEASURE][0m dy-elixir-pure-1-19-5 | Docker start + HTTP readiness wait …
[0;35m[MEASURE][0m dy-elixir-pure-1-19-5 | Scaphandre power sampling + HTTP load | 1000 GET → http://localhost:8001/
[0;35m[MEASURE][0m dy-elixir-pure-1-19-5 | stopping Scaphandre + appending CSV …
[0;35m[MEASURE][0m dy-elixir-pure-1-19-5 | [0;32m1000/1000 ok[0m | 2.8s | 358 req/s | results/2026-05-07_142551/dynamic/dy-elixir-pure-1-19-5.csv
[0;36m[PROGRESS][0m 185/406 (45%) | elapsed 4h13m | ETA ~5h02m | remaining 221 | dynamic HTTP | dy-elixir-pure-1-19-5 | level 3/13 | 5000 requests
[0;35m[MEASURE][0m dy-elixir-pure-1-19-5 | Docker start + HTTP readiness wait …
[0;35m[MEASURE][0m dy-elixir-pure-1-19-5 | Scaphandre power sampling + HTTP load | 5000 GET → http://localhost:8001/
[0;35m[MEASURE][0m dy-elixir-pure-1-19-5 | stopping Scaphandre + appending CSV …
[0;35m[MEASURE][0m dy-elixir-pure-1-19-5 | [0;32m5000/5000 ok[0m | 3.8s | 1321 req/s | results/2026-05-07_142551/dynamic/dy-elixir-pure-1-19-5.csv
[0;36m[PROGRESS][0m 186/406 (45%) | elapsed 4h13m | ETA ~5h00m | remaining 220 | dynamic HTTP | dy-elixir-pure-1-19-5 | level 4/13 | 8000 requests
[0;35m[MEASURE][0m dy-elixir-pure-1-19-5 | Docker start + HTTP readiness wait …
[0;35m[MEASURE][0m dy-elixir-pure-1-19-5 | Scaphandre power sampling + HTTP load | 8000 GET → http://localhost:8001/
[0;35m[MEASURE][0m dy-elixir-pure-1-19-5 | stopping Scaphandre + appending CSV …
[0;35m[MEASURE][0m dy-elixir-pure-1-19-5 | [0;32m8000/8000 ok[0m | 6.1s | 1302 req/s | results/2026-05-07_142551/dynamic/dy-elixir-pure-1-19-5.csv
[0;36m[PROGRESS][0m 187/406 (46%) | elapsed 4h14m | ETA ~4h58m | remaining 219 | dynamic HTTP | dy-elixir-pure-1-19-5 | level 5/13 | 10000 requests
[0;35m[MEASURE][0m dy-elixir-pure-1-19-5 | Docker start + HTTP readiness wait …
[0;35m[MEASURE][0m dy-elixir-pure-1-19-5 | Scaphandre power sampling + HTTP load | 10000 GET → http://localhost:8001/
[0;35m[MEASURE][0m dy-elixir-pure-1-19-5 | stopping Scaphandre + appending CSV …
[0;35m[MEASURE][0m dy-elixir-pure-1-19-5 | [0;32m10000/10000 ok[0m | 8.1s | 1230 req/s | results/2026-05-07_142551/dynamic/dy-elixir-pure-1-19-5.csv
[0;36m[PROGRESS][0m 188/406 (46%) | elapsed 4h15m | ETA ~4h56m | remaining 218 | dynamic HTTP | dy-elixir-pure-1-19-5 | level 6/13 | 15000 requests
[0;35m[MEASURE][0m dy-elixir-pure-1-19-5 | Docker start + HTTP readiness wait …
[0;35m[MEASURE][0m dy-elixir-pure-1-19-5 | Scaphandre power sampling + HTTP load | 15000 GET → http://localhost:8001/
[0;35m[MEASURE][0m dy-elixir-pure-1-19-5 | stopping Scaphandre + appending CSV …
[0;35m[MEASURE][0m dy-elixir-pure-1-19-5 | [0;32m15000/15000 ok[0m | 11.9s | 1259 req/s | results/2026-05-07_142551/dynamic/dy-elixir-pure-1-19-5.csv
[0;36m[PROGRESS][0m 189/406 (46%) | elapsed 4h16m | ETA ~4h54m | remaining 217 | dynamic HTTP | dy-elixir-pure-1-19-5 | level 7/13 | 20000 requests
[0;35m[MEASURE][0m dy-elixir-pure-1-19-5 | Docker start + HTTP readiness wait …
[0;35m[MEASURE][0m dy-elixir-pure-1-19-5 | Scaphandre power sampling + HTTP load | 20000 GET → http://localhost:8001/
[0;35m[MEASURE][0m dy-elixir-pure-1-19-5 | stopping Scaphandre + appending CSV …
[0;35m[MEASURE][0m dy-elixir-pure-1-19-5 | [0;32m20000/20000 ok[0m | 16.1s | 1245 req/s | results/2026-05-07_142551/dynamic/dy-elixir-pure-1-19-5.csv
[0;36m[PROGRESS][0m 190/406 (46%) | elapsed 4h17m | ETA ~4h52m | remaining 216 | dynamic HTTP | dy-elixir-pure-1-19-5 | level 8/13 | 30000 requests
[0;35m[MEASURE][0m dy-elixir-pure-1-19-5 | Docker start + HTTP readiness wait …
[0;35m[MEASURE][0m dy-elixir-pure-1-19-5 | Scaphandre power sampling + HTTP load | 30000 GET → http://localhost:8001/
[0;35m[MEASURE][0m dy-elixir-pure-1-19-5 | stopping Scaphandre + appending CSV …
[0;35m[MEASURE][0m dy-elixir-pure-1-19-5 | [0;32m30000/30000 ok[0m | 24.4s | 1228 req/s | results/2026-05-07_142551/dynamic/dy-elixir-pure-1-19-5.csv
[0;36m[PROGRESS][0m 191/406 (47%) | elapsed 4h18m | ETA ~4h51m | remaining 215 | dynamic HTTP | dy-elixir-pure-1-19-5 | level 9/13 | 40000 requests
[0;35m[MEASURE][0m dy-elixir-pure-1-19-5 | Docker start + HTTP readiness wait …
[0;35m[MEASURE][0m dy-elixir-pure-1-19-5 | Scaphandre power sampling + HTTP load | 40000 GET → http://localhost:8001/
[0;35m[MEASURE][0m dy-elixir-pure-1-19-5 | stopping Scaphandre + appending CSV …
[0;35m[MEASURE][0m dy-elixir-pure-1-19-5 | [0;32m40000/40000 ok[0m | 32.3s | 1237 req/s | results/2026-05-07_142551/dynamic/dy-elixir-pure-1-19-5.csv
[0;36m[PROGRESS][0m 192/406 (47%) | elapsed 4h20m | ETA ~4h49m | remaining 214 | dynamic HTTP | dy-elixir-pure-1-19-5 | level 10/13 | 50000 requests
[0;35m[MEASURE][0m dy-elixir-pure-1-19-5 | Docker start + HTTP readiness wait …
[0;35m[MEASURE][0m dy-elixir-pure-1-19-5 | Scaphandre power sampling + HTTP load | 50000 GET → http://localhost:8001/
[0;35m[MEASURE][0m dy-elixir-pure-1-19-5 | stopping Scaphandre + appending CSV …
[0;35m[MEASURE][0m dy-elixir-pure-1-19-5 | [0;32m50000/50000 ok[0m | 40.8s | 1226 req/s | results/2026-05-07_142551/dynamic/dy-elixir-pure-1-19-5.csv
[0;36m[PROGRESS][0m 193/406 (47%) | elapsed 4h21m | ETA ~4h48m | remaining 213 | dynamic HTTP | dy-elixir-pure-1-19-5 | level 11/13 | 60000 requests
[0;35m[MEASURE][0m dy-elixir-pure-1-19-5 | Docker start + HTTP readiness wait …
[0;35m[MEASURE][0m dy-elixir-pure-1-19-5 | Scaphandre power sampling + HTTP load | 60000 GET → http://localhost:8001/
[0;35m[MEASURE][0m dy-elixir-pure-1-19-5 | stopping Scaphandre + appending CSV …
[0;35m[MEASURE][0m dy-elixir-pure-1-19-5 | [0;32m60000/60000 ok[0m | 48.6s | 1235 req/s | results/2026-05-07_142551/dynamic/dy-elixir-pure-1-19-5.csv
[0;36m[PROGRESS][0m 194/406 (47%) | elapsed 4h23m | ETA ~4h47m | remaining 212 | dynamic HTTP | dy-elixir-pure-1-19-5 | level 12/13 | 70000 requests
[0;35m[MEASURE][0m dy-elixir-pure-1-19-5 | Docker start + HTTP readiness wait …
[0;35m[MEASURE][0m dy-elixir-pure-1-19-5 | Scaphandre power sampling + HTTP load | 70000 GET → http://localhost:8001/
[0;35m[MEASURE][0m dy-elixir-pure-1-19-5 | stopping Scaphandre + appending CSV …
[0;35m[MEASURE][0m dy-elixir-pure-1-19-5 | [0;32m70000/70000 ok[0m | 57.2s | 1224 req/s | results/2026-05-07_142551/dynamic/dy-elixir-pure-1-19-5.csv
[0;36m[PROGRESS][0m 195/406 (48%) | elapsed 4h24m | ETA ~4h46m | remaining 211 | dynamic HTTP | dy-elixir-pure-1-19-5 | level 13/13 | 80000 requests
[0;35m[MEASURE][0m dy-elixir-pure-1-19-5 | Docker start + HTTP readiness wait …
[0;35m[MEASURE][0m dy-elixir-pure-1-19-5 | Scaphandre power sampling + HTTP load | 80000 GET → http://localhost:8001/
[0;35m[MEASURE][0m dy-elixir-pure-1-19-5 | HTTP requests 74561/80000 (60s elapsed)
[0;35m[MEASURE][0m dy-elixir-pure-1-19-5 | stopping Scaphandre + appending CSV …
[0;35m[MEASURE][0m dy-elixir-pure-1-19-5 | 79997/80000 | 64.3s | 1244 req/s | results/2026-05-07_142551/dynamic/dy-elixir-pure-1-19-5.csv
[0;34mRunning dynamic tests for dy-gleam-index-1-15-2 on port 8001[0m (5/11)
[0;36m[PROGRESS][0m 196/406 (48%) | elapsed 4h26m | ETA ~4h45m | remaining 210 | dynamic HTTP | dy-gleam-index-1-15-2 | level 1/13 | 100 requests
[0;35m[MEASURE][0m dy-gleam-index-1-15-2 | Docker start + HTTP readiness wait …
[0;35m[MEASURE][0m dy-gleam-index-1-15-2 | Scaphandre power sampling + HTTP load | 100 GET → http://localhost:8001/
[0;35m[MEASURE][0m dy-gleam-index-1-15-2 | stopping Scaphandre + appending CSV …
[0;35m[MEASURE][0m dy-gleam-index-1-15-2 | [0;32m100/100 ok[0m | 0.2s | 567 req/s | results/2026-05-07_142551/dynamic/dy-gleam-index-1-15-2.csv
[0;36m[PROGRESS][0m 197/406 (48%) | elapsed 4h27m | ETA ~4h43m | remaining 209 | dynamic HTTP | dy-gleam-index-1-15-2 | level 2/13 | 1000 requests
[0;35m[MEASURE][0m dy-gleam-index-1-15-2 | Docker start + HTTP readiness wait …
[0;35m[MEASURE][0m dy-gleam-index-1-15-2 | Scaphandre power sampling + HTTP load | 1000 GET → http://localhost:8001/
[0;35m[MEASURE][0m dy-gleam-index-1-15-2 | stopping Scaphandre + appending CSV …
[0;35m[MEASURE][0m dy-gleam-index-1-15-2 | [0;32m1000/1000 ok[0m | 1.0s | 1000 req/s | results/2026-05-07_142551/dynamic/dy-gleam-index-1-15-2.csv
[0;36m[PROGRESS][0m 198/406 (48%) | elapsed 4h28m | ETA ~4h42m | remaining 208 | dynamic HTTP | dy-gleam-index-1-15-2 | level 3/13 | 5000 requests
[0;35m[MEASURE][0m dy-gleam-index-1-15-2 | Docker start + HTTP readiness wait …
[0;35m[MEASURE][0m dy-gleam-index-1-15-2 | Scaphandre power sampling + HTTP load | 5000 GET → http://localhost:8001/
[0;35m[MEASURE][0m dy-gleam-index-1-15-2 | stopping Scaphandre + appending CSV …
[0;35m[MEASURE][0m dy-gleam-index-1-15-2 | [0;32m5000/5000 ok[0m | 4.2s | 1200 req/s | results/2026-05-07_142551/dynamic/dy-gleam-index-1-15-2.csv
[0;36m[PROGRESS][0m 199/406 (49%) | elapsed 4h29m | ETA ~4h40m | remaining 207 | dynamic HTTP | dy-gleam-index-1-15-2 | level 4/13 | 8000 requests
[0;35m[MEASURE][0m dy-gleam-index-1-15-2 | Docker start + HTTP readiness wait …
[0;35m[MEASURE][0m dy-gleam-index-1-15-2 | Scaphandre power sampling + HTTP load | 8000 GET → http://localhost:8001/
[0;35m[MEASURE][0m dy-gleam-index-1-15-2 | stopping Scaphandre + appending CSV …
[0;35m[MEASURE][0m dy-gleam-index-1-15-2 | [0;32m8000/8000 ok[0m | 6.8s | 1182 req/s | results/2026-05-07_142551/dynamic/dy-gleam-index-1-15-2.csv
[0;36m[PROGRESS][0m 200/406 (49%) | elapsed 4h30m | ETA ~4h38m | remaining 206 | dynamic HTTP | dy-gleam-index-1-15-2 | level 5/13 | 10000 requests
[0;35m[MEASURE][0m dy-gleam-index-1-15-2 | Docker start + HTTP readiness wait …
[0;35m[MEASURE][0m dy-gleam-index-1-15-2 | Scaphandre power sampling + HTTP load | 10000 GET → http://localhost:8001/
[0;35m[MEASURE][0m dy-gleam-index-1-15-2 | stopping Scaphandre + appending CSV …
[0;35m[MEASURE][0m dy-gleam-index-1-15-2 | [0;32m10000/10000 ok[0m | 8.5s | 1179 req/s | results/2026-05-07_142551/dynamic/dy-gleam-index-1-15-2.csv
[0;36m[PROGRESS][0m 201/406 (49%) | elapsed 4h31m | ETA ~4h36m | remaining 205 | dynamic HTTP | dy-gleam-index-1-15-2 | level 6/13 | 15000 requests
[0;35m[MEASURE][0m dy-gleam-index-1-15-2 | Docker start + HTTP readiness wait …
[0;35m[MEASURE][0m dy-gleam-index-1-15-2 | Scaphandre power sampling + HTTP load | 15000 GET → http://localhost:8001/
[0;35m[MEASURE][0m dy-gleam-index-1-15-2 | stopping Scaphandre + appending CSV …
[0;35m[MEASURE][0m dy-gleam-index-1-15-2 | [0;32m15000/15000 ok[0m | 13.3s | 1125 req/s | results/2026-05-07_142551/dynamic/dy-gleam-index-1-15-2.csv
[0;36m[PROGRESS][0m 202/406 (49%) | elapsed 4h32m | ETA ~4h35m | remaining 204 | dynamic HTTP | dy-gleam-index-1-15-2 | level 7/13 | 20000 requests
[0;35m[MEASURE][0m dy-gleam-index-1-15-2 | Docker start + HTTP readiness wait …
[0;35m[MEASURE][0m dy-gleam-index-1-15-2 | Scaphandre power sampling + HTTP load | 20000 GET → http://localhost:8001/
[0;35m[MEASURE][0m dy-gleam-index-1-15-2 | stopping Scaphandre + appending CSV …
[0;35m[MEASURE][0m dy-gleam-index-1-15-2 | [0;32m20000/20000 ok[0m | 19.1s | 1048 req/s | results/2026-05-07_142551/dynamic/dy-gleam-index-1-15-2.csv
[0;36m[PROGRESS][0m 203/406 (50%) | elapsed 4h33m | ETA ~4h33m | remaining 203 | dynamic HTTP | dy-gleam-index-1-15-2 | level 8/13 | 30000 requests
[0;35m[MEASURE][0m dy-gleam-index-1-15-2 | Docker start + HTTP readiness wait …
[0;35m[MEASURE][0m dy-gleam-index-1-15-2 | Scaphandre power sampling + HTTP load | 30000 GET → http://localhost:8001/
[0;35m[MEASURE][0m dy-gleam-index-1-15-2 | stopping Scaphandre + appending CSV …
[0;35m[MEASURE][0m dy-gleam-index-1-15-2 | 28231/30000 | 33.1s | 905 req/s | results/2026-05-07_142551/dynamic/dy-gleam-index-1-15-2.csv
[0;36m[PROGRESS][0m 204/406 (50%) | elapsed 4h35m | ETA ~4h32m | remaining 202 | dynamic HTTP | dy-gleam-index-1-15-2 | level 9/13 | 40000 requests
[0;35m[MEASURE][0m dy-gleam-index-1-15-2 | Docker start + HTTP readiness wait …
[0;35m[MEASURE][0m dy-gleam-index-1-15-2 | Scaphandre power sampling + HTTP load | 40000 GET → http://localhost:8001/
[0;35m[MEASURE][0m dy-gleam-index-1-15-2 | stopping Scaphandre + appending CSV …
[0;35m[MEASURE][0m dy-gleam-index-1-15-2 | 28232/40000 | 59.5s | 673 req/s | results/2026-05-07_142551/dynamic/dy-gleam-index-1-15-2.csv
[0;36m[PROGRESS][0m 205/406 (50%) | elapsed 4h37m | ETA ~4h31m | remaining 201 | dynamic HTTP | dy-gleam-index-1-15-2 | level 10/13 | 50000 requests
[0;35m[MEASURE][0m dy-gleam-index-1-15-2 | Docker start + HTTP readiness wait …
[0;35m[MEASURE][0m dy-gleam-index-1-15-2 | Scaphandre power sampling + HTTP load | 50000 GET → http://localhost:8001/
[0;35m[MEASURE][0m dy-gleam-index-1-15-2 | HTTP requests 39985/50000 (60s elapsed)
[0;35m[MEASURE][0m dy-gleam-index-1-15-2 | stopping Scaphandre + appending CSV …
[0;35m[MEASURE][0m dy-gleam-index-1-15-2 | 37405/50000 | 70.6s | 708 req/s | results/2026-05-07_142551/dynamic/dy-gleam-index-1-15-2.csv
[0;36m[PROGRESS][0m 206/406 (50%) | elapsed 4h39m | ETA ~4h31m | remaining 200 | dynamic HTTP | dy-gleam-index-1-15-2 | level 11/13 | 60000 requests
[0;35m[MEASURE][0m dy-gleam-index-1-15-2 | Docker start + HTTP readiness wait …
[0;35m[MEASURE][0m dy-gleam-index-1-15-2 | Scaphandre power sampling + HTTP load | 60000 GET → http://localhost:8001/
[0;35m[MEASURE][0m dy-gleam-index-1-15-2 | HTTP requests 39823/60000 (60s elapsed)
[0;35m[MEASURE][0m dy-gleam-index-1-15-2 | stopping Scaphandre + appending CSV …
[0;35m[MEASURE][0m dy-gleam-index-1-15-2 | 47547/60000 | 81.8s | 733 req/s | results/2026-05-07_142551/dynamic/dy-gleam-index-1-15-2.csv
[0;36m[PROGRESS][0m 207/406 (50%) | elapsed 4h41m | ETA ~4h30m | remaining 199 | dynamic HTTP | dy-gleam-index-1-15-2 | level 12/13 | 70000 requests
[0;35m[MEASURE][0m dy-gleam-index-1-15-2 | Docker start + HTTP readiness wait …
[0;35m[MEASURE][0m dy-gleam-index-1-15-2 | Scaphandre power sampling + HTTP load | 70000 GET → http://localhost:8001/
[0;35m[MEASURE][0m dy-gleam-index-1-15-2 | HTTP requests 39800/70000 (60s elapsed)
[0;35m[MEASURE][0m dy-gleam-index-1-15-2 | stopping Scaphandre + appending CSV …
[0;35m[MEASURE][0m dy-gleam-index-1-15-2 | 56463/70000 | 96.2s | 727 req/s | results/2026-05-07_142551/dynamic/dy-gleam-index-1-15-2.csv
[0;36m[PROGRESS][0m 208/406 (51%) | elapsed 4h44m | ETA ~4h30m | remaining 198 | dynamic HTTP | dy-gleam-index-1-15-2 | level 13/13 | 80000 requests
[0;35m[MEASURE][0m dy-gleam-index-1-15-2 | Docker start + HTTP readiness wait …
[0;35m[MEASURE][0m dy-gleam-index-1-15-2 | Scaphandre power sampling + HTTP load | 80000 GET → http://localhost:8001/
[0;35m[MEASURE][0m dy-gleam-index-1-15-2 | HTTP requests 40042/80000 (60s elapsed)
[0;35m[MEASURE][0m dy-gleam-index-1-15-2 | HTTP requests 78824/80000 (120s elapsed)
[0;35m[MEASURE][0m dy-gleam-index-1-15-2 | stopping Scaphandre + appending CSV …
[0;35m[MEASURE][0m dy-gleam-index-1-15-2 | 56514/80000 | 123.1s | 650 req/s | results/2026-05-07_142551/dynamic/dy-gleam-index-1-15-2.csv
[0;34mRunning dynamic tests for dy-gleam-pure-1-15-2 on port 8001[0m (6/11)
[0;36m[PROGRESS][0m 209/406 (51%) | elapsed 4h47m | ETA ~4h30m | remaining 197 | dynamic HTTP | dy-gleam-pure-1-15-2 | level 1/13 | 100 requests
[0;35m[MEASURE][0m dy-gleam-pure-1-15-2 | Docker start + HTTP readiness wait …
[0;35m[MEASURE][0m dy-gleam-pure-1-15-2 | Scaphandre power sampling + HTTP load | 100 GET → http://localhost:8001/
[0;35m[MEASURE][0m dy-gleam-pure-1-15-2 | stopping Scaphandre + appending CSV …
[0;35m[MEASURE][0m dy-gleam-pure-1-15-2 | [0;32m100/100 ok[0m | 0.2s | 483 req/s | results/2026-05-07_142551/dynamic/dy-gleam-pure-1-15-2.csv
[0;36m[PROGRESS][0m 210/406 (51%) | elapsed 4h48m | ETA ~4h28m | remaining 196 | dynamic HTTP | dy-gleam-pure-1-15-2 | level 2/13 | 1000 requests
[0;35m[MEASURE][0m dy-gleam-pure-1-15-2 | Docker start + HTTP readiness wait …
[0;35m[MEASURE][0m dy-gleam-pure-1-15-2 | Scaphandre power sampling + HTTP load | 1000 GET → http://localhost:8001/
[0;35m[MEASURE][0m dy-gleam-pure-1-15-2 | stopping Scaphandre + appending CSV …
[0;35m[MEASURE][0m dy-gleam-pure-1-15-2 | [0;32m1000/1000 ok[0m | 0.8s | 1312 req/s | results/2026-05-07_142551/dynamic/dy-gleam-pure-1-15-2.csv
[0;36m[PROGRESS][0m 211/406 (51%) | elapsed 4h49m | ETA ~4h27m | remaining 195 | dynamic HTTP | dy-gleam-pure-1-15-2 | level 3/13 | 5000 requests
[0;35m[MEASURE][0m dy-gleam-pure-1-15-2 | Docker start + HTTP readiness wait …
[0;35m[MEASURE][0m dy-gleam-pure-1-15-2 | Scaphandre power sampling + HTTP load | 5000 GET → http://localhost:8001/
[0;35m[MEASURE][0m dy-gleam-pure-1-15-2 | stopping Scaphandre + appending CSV …
[0;35m[MEASURE][0m dy-gleam-pure-1-15-2 | [0;32m5000/5000 ok[0m | 4.1s | 1221 req/s | results/2026-05-07_142551/dynamic/dy-gleam-pure-1-15-2.csv
[0;36m[PROGRESS][0m 212/406 (52%) | elapsed 4h50m | ETA ~4h25m | remaining 194 | dynamic HTTP | dy-gleam-pure-1-15-2 | level 4/13 | 8000 requests
[0;35m[MEASURE][0m dy-gleam-pure-1-15-2 | Docker start + HTTP readiness wait …
[0;35m[MEASURE][0m dy-gleam-pure-1-15-2 | Scaphandre power sampling + HTTP load | 8000 GET → http://localhost:8001/
[0;35m[MEASURE][0m dy-gleam-pure-1-15-2 | stopping Scaphandre + appending CSV …
[0;35m[MEASURE][0m dy-gleam-pure-1-15-2 | [0;32m8000/8000 ok[0m | 6.6s | 1216 req/s | results/2026-05-07_142551/dynamic/dy-gleam-pure-1-15-2.csv
[0;36m[PROGRESS][0m 213/406 (52%) | elapsed 4h51m | ETA ~4h23m | remaining 193 | dynamic HTTP | dy-gleam-pure-1-15-2 | level 5/13 | 10000 requests
[0;35m[MEASURE][0m dy-gleam-pure-1-15-2 | Docker start + HTTP readiness wait …
[0;35m[MEASURE][0m dy-gleam-pure-1-15-2 | Scaphandre power sampling + HTTP load | 10000 GET → http://localhost:8001/
[0;35m[MEASURE][0m dy-gleam-pure-1-15-2 | stopping Scaphandre + appending CSV …
[0;35m[MEASURE][0m dy-gleam-pure-1-15-2 | [0;32m10000/10000 ok[0m | 8.4s | 1196 req/s | results/2026-05-07_142551/dynamic/dy-gleam-pure-1-15-2.csv
[0;36m[PROGRESS][0m 214/406 (52%) | elapsed 4h52m | ETA ~4h22m | remaining 192 | dynamic HTTP | dy-gleam-pure-1-15-2 | level 6/13 | 15000 requests
[0;35m[MEASURE][0m dy-gleam-pure-1-15-2 | Docker start + HTTP readiness wait …
[0;35m[MEASURE][0m dy-gleam-pure-1-15-2 | Scaphandre power sampling + HTTP load | 15000 GET → http://localhost:8001/
[0;35m[MEASURE][0m dy-gleam-pure-1-15-2 | stopping Scaphandre + appending CSV …
[0;35m[MEASURE][0m dy-gleam-pure-1-15-2 | [0;32m15000/15000 ok[0m | 13.1s | 1149 req/s | results/2026-05-07_142551/dynamic/dy-gleam-pure-1-15-2.csv
[0;36m[PROGRESS][0m 215/406 (52%) | elapsed 4h53m | ETA ~4h20m | remaining 191 | dynamic HTTP | dy-gleam-pure-1-15-2 | level 7/13 | 20000 requests
[0;35m[MEASURE][0m dy-gleam-pure-1-15-2 | Docker start + HTTP readiness wait …
[0;35m[MEASURE][0m dy-gleam-pure-1-15-2 | Scaphandre power sampling + HTTP load | 20000 GET → http://localhost:8001/
[0;35m[MEASURE][0m dy-gleam-pure-1-15-2 | stopping Scaphandre + appending CSV …
[0;35m[MEASURE][0m dy-gleam-pure-1-15-2 | [0;32m20000/20000 ok[0m | 18.6s | 1073 req/s | results/2026-05-07_142551/dynamic/dy-gleam-pure-1-15-2.csv
[0;36m[PROGRESS][0m 216/406 (53%) | elapsed 4h54m | ETA ~4h18m | remaining 190 | dynamic HTTP | dy-gleam-pure-1-15-2 | level 8/13 | 30000 requests
[0;35m[MEASURE][0m dy-gleam-pure-1-15-2 | Docker start + HTTP readiness wait …
[0;35m[MEASURE][0m dy-gleam-pure-1-15-2 | Scaphandre power sampling + HTTP load | 30000 GET → http://localhost:8001/
[0;35m[MEASURE][0m dy-gleam-pure-1-15-2 | stopping Scaphandre + appending CSV …
[0;35m[MEASURE][0m dy-gleam-pure-1-15-2 | 28231/30000 | 32.4s | 927 req/s | results/2026-05-07_142551/dynamic/dy-gleam-pure-1-15-2.csv
[0;36m[PROGRESS][0m 217/406 (53%) | elapsed 4h55m | ETA ~4h17m | remaining 189 | dynamic HTTP | dy-gleam-pure-1-15-2 | level 9/13 | 40000 requests
[0;35m[MEASURE][0m dy-gleam-pure-1-15-2 | Docker start + HTTP readiness wait …
[0;35m[MEASURE][0m dy-gleam-pure-1-15-2 | Scaphandre power sampling + HTTP load | 40000 GET → http://localhost:8001/
[0;35m[MEASURE][0m dy-gleam-pure-1-15-2 | stopping Scaphandre + appending CSV …
[0;35m[MEASURE][0m dy-gleam-pure-1-15-2 | 28232/40000 | 58.7s | 682 req/s | results/2026-05-07_142551/dynamic/dy-gleam-pure-1-15-2.csv
[0;36m[PROGRESS][0m 218/406 (53%) | elapsed 4h57m | ETA ~4h16m | remaining 188 | dynamic HTTP | dy-gleam-pure-1-15-2 | level 10/13 | 50000 requests
[0;35m[MEASURE][0m dy-gleam-pure-1-15-2 | Docker start + HTTP readiness wait …
[0;35m[MEASURE][0m dy-gleam-pure-1-15-2 | Scaphandre power sampling + HTTP load | 50000 GET → http://localhost:8001/
[0;35m[MEASURE][0m dy-gleam-pure-1-15-2 | HTTP requests 40291/50000 (60s elapsed)
[0;35m[MEASURE][0m dy-gleam-pure-1-15-2 | stopping Scaphandre + appending CSV …
[0;35m[MEASURE][0m dy-gleam-pure-1-15-2 | 37106/50000 | 70.1s | 713 req/s | results/2026-05-07_142551/dynamic/dy-gleam-pure-1-15-2.csv
[0;36m[PROGRESS][0m 219/406 (53%) | elapsed 4h59m | ETA ~4h16m | remaining 187 | dynamic HTTP | dy-gleam-pure-1-15-2 | level 11/13 | 60000 requests
[0;35m[MEASURE][0m dy-gleam-pure-1-15-2 | Docker start + HTTP readiness wait …
[0;35m[MEASURE][0m dy-gleam-pure-1-15-2 | Scaphandre power sampling + HTTP load | 60000 GET → http://localhost:8001/
[0;35m[MEASURE][0m dy-gleam-pure-1-15-2 | HTTP requests 40197/60000 (60s elapsed)
[0;35m[MEASURE][0m dy-gleam-pure-1-15-2 | stopping Scaphandre + appending CSV …
[0;35m[MEASURE][0m dy-gleam-pure-1-15-2 | 47166/60000 | 80.7s | 744 req/s | results/2026-05-07_142551/dynamic/dy-gleam-pure-1-15-2.csv
[0;36m[PROGRESS][0m 220/406 (54%) | elapsed 5h02m | ETA ~4h15m | remaining 186 | dynamic HTTP | dy-gleam-pure-1-15-2 | level 12/13 | 70000 requests
[0;35m[MEASURE][0m dy-gleam-pure-1-15-2 | Docker start + HTTP readiness wait …
[0;35m[MEASURE][0m dy-gleam-pure-1-15-2 | Scaphandre power sampling + HTTP load | 70000 GET → http://localhost:8001/
[0;35m[MEASURE][0m dy-gleam-pure-1-15-2 | HTTP requests 40123/70000 (60s elapsed)
[0;35m[MEASURE][0m dy-gleam-pure-1-15-2 | stopping Scaphandre + appending CSV …
[0;35m[MEASURE][0m dy-gleam-pure-1-15-2 | 56463/70000 | 94.2s | 743 req/s | results/2026-05-07_142551/dynamic/dy-gleam-pure-1-15-2.csv
[0;36m[PROGRESS][0m 221/406 (54%) | elapsed 5h04m | ETA ~4h15m | remaining 185 | dynamic HTTP | dy-gleam-pure-1-15-2 | level 13/13 | 80000 requests
[0;35m[MEASURE][0m dy-gleam-pure-1-15-2 | Docker start + HTTP readiness wait …
[0;35m[MEASURE][0m dy-gleam-pure-1-15-2 | Scaphandre power sampling + HTTP load | 80000 GET → http://localhost:8001/
[0;35m[MEASURE][0m dy-gleam-pure-1-15-2 | HTTP requests 40348/80000 (60s elapsed)
[0;35m[MEASURE][0m dy-gleam-pure-1-15-2 | HTTP requests 79485/80000 (120s elapsed)
[0;35m[MEASURE][0m dy-gleam-pure-1-15-2 | stopping Scaphandre + appending CSV …
[0;35m[MEASURE][0m dy-gleam-pure-1-15-2 | 56464/80000 | 121.3s | 659 req/s | results/2026-05-07_142551/dynamic/dy-gleam-pure-1-15-2.csv
[0;34mRunning dynamic tests for dy-gleam-mist-1-15-2 on port 8001[0m (7/11)
[0;36m[PROGRESS][0m 222/406 (54%) | elapsed 5h07m | ETA ~4h14m | remaining 184 | dynamic HTTP | dy-gleam-mist-1-15-2 | level 1/13 | 100 requests
[0;35m[MEASURE][0m dy-gleam-mist-1-15-2 | Docker start + HTTP readiness wait …
[0;35m[MEASURE][0m dy-gleam-mist-1-15-2 | Scaphandre power sampling + HTTP load | 100 GET → http://localhost:8001/
[0;35m[MEASURE][0m dy-gleam-mist-1-15-2 | stopping Scaphandre + appending CSV …
[0;35m[MEASURE][0m dy-gleam-mist-1-15-2 | [0;32m100/100 ok[0m | 0.2s | 566 req/s | results/2026-05-07_142551/dynamic/dy-gleam-mist-1-15-2.csv
[0;36m[PROGRESS][0m 223/406 (54%) | elapsed 5h08m | ETA ~4h13m | remaining 183 | dynamic HTTP | dy-gleam-mist-1-15-2 | level 2/13 | 1000 requests
[0;35m[MEASURE][0m dy-gleam-mist-1-15-2 | Docker start + HTTP readiness wait …
[0;35m[MEASURE][0m dy-gleam-mist-1-15-2 | Scaphandre power sampling + HTTP load | 1000 GET → http://localhost:8001/
[0;35m[MEASURE][0m dy-gleam-mist-1-15-2 | stopping Scaphandre + appending CSV …
[0;35m[MEASURE][0m dy-gleam-mist-1-15-2 | [0;32m1000/1000 ok[0m | 0.8s | 1225 req/s | results/2026-05-07_142551/dynamic/dy-gleam-mist-1-15-2.csv
[0;36m[PROGRESS][0m 224/406 (55%) | elapsed 5h09m | ETA ~4h11m | remaining 182 | dynamic HTTP | dy-gleam-mist-1-15-2 | level 3/13 | 5000 requests
[0;35m[MEASURE][0m dy-gleam-mist-1-15-2 | Docker start + HTTP readiness wait …
[0;35m[MEASURE][0m dy-gleam-mist-1-15-2 | Scaphandre power sampling + HTTP load | 5000 GET → http://localhost:8001/
[0;35m[MEASURE][0m dy-gleam-mist-1-15-2 | stopping Scaphandre + appending CSV …
[0;35m[MEASURE][0m dy-gleam-mist-1-15-2 | [0;32m5000/5000 ok[0m | 4.0s | 1245 req/s | results/2026-05-07_142551/dynamic/dy-gleam-mist-1-15-2.csv
[0;36m[PROGRESS][0m 225/406 (55%) | elapsed 5h10m | ETA ~4h09m | remaining 181 | dynamic HTTP | dy-gleam-mist-1-15-2 | level 4/13 | 8000 requests
[0;35m[MEASURE][0m dy-gleam-mist-1-15-2 | Docker start + HTTP readiness wait …
[0;35m[MEASURE][0m dy-gleam-mist-1-15-2 | Scaphandre power sampling + HTTP load | 8000 GET → http://localhost:8001/
[0;35m[MEASURE][0m dy-gleam-mist-1-15-2 | stopping Scaphandre + appending CSV …
[0;35m[MEASURE][0m dy-gleam-mist-1-15-2 | [0;32m8000/8000 ok[0m | 6.6s | 1211 req/s | results/2026-05-07_142551/dynamic/dy-gleam-mist-1-15-2.csv
[0;36m[PROGRESS][0m 226/406 (55%) | elapsed 5h11m | ETA ~4h08m | remaining 180 | dynamic HTTP | dy-gleam-mist-1-15-2 | level 5/13 | 10000 requests
[0;35m[MEASURE][0m dy-gleam-mist-1-15-2 | Docker start + HTTP readiness wait …
[0;35m[MEASURE][0m dy-gleam-mist-1-15-2 | Scaphandre power sampling + HTTP load | 10000 GET → http://localhost:8001/
[0;35m[MEASURE][0m dy-gleam-mist-1-15-2 | stopping Scaphandre + appending CSV …
[0;35m[MEASURE][0m dy-gleam-mist-1-15-2 | [0;32m10000/10000 ok[0m | 8.3s | 1204 req/s | results/2026-05-07_142551/dynamic/dy-gleam-mist-1-15-2.csv
[0;36m[PROGRESS][0m 227/406 (55%) | elapsed 5h12m | ETA ~4h06m | remaining 179 | dynamic HTTP | dy-gleam-mist-1-15-2 | level 6/13 | 15000 requests
[0;35m[MEASURE][0m dy-gleam-mist-1-15-2 | Docker start + HTTP readiness wait …
[0;35m[MEASURE][0m dy-gleam-mist-1-15-2 | Scaphandre power sampling + HTTP load | 15000 GET → http://localhost:8001/
[0;35m[MEASURE][0m dy-gleam-mist-1-15-2 | stopping Scaphandre + appending CSV …
[0;35m[MEASURE][0m dy-gleam-mist-1-15-2 | [0;32m15000/15000 ok[0m | 13.1s | 1147 req/s | results/2026-05-07_142551/dynamic/dy-gleam-mist-1-15-2.csv
[0;36m[PROGRESS][0m 228/406 (56%) | elapsed 5h13m | ETA ~4h04m | remaining 178 | dynamic HTTP | dy-gleam-mist-1-15-2 | level 7/13 | 20000 requests
[0;35m[MEASURE][0m dy-gleam-mist-1-15-2 | Docker start + HTTP readiness wait …
[0;35m[MEASURE][0m dy-gleam-mist-1-15-2 | Scaphandre power sampling + HTTP load | 20000 GET → http://localhost:8001/
[0;35m[MEASURE][0m dy-gleam-mist-1-15-2 | stopping Scaphandre + appending CSV …
[0;35m[MEASURE][0m dy-gleam-mist-1-15-2 | [0;32m20000/20000 ok[0m | 18.7s | 1070 req/s | results/2026-05-07_142551/dynamic/dy-gleam-mist-1-15-2.csv
[0;36m[PROGRESS][0m 229/406 (56%) | elapsed 5h14m | ETA ~4h03m | remaining 177 | dynamic HTTP | dy-gleam-mist-1-15-2 | level 8/13 | 30000 requests
[0;35m[MEASURE][0m dy-gleam-mist-1-15-2 | Docker start + HTTP readiness wait …
[0;35m[MEASURE][0m dy-gleam-mist-1-15-2 | Scaphandre power sampling + HTTP load | 30000 GET → http://localhost:8001/
[0;35m[MEASURE][0m dy-gleam-mist-1-15-2 | stopping Scaphandre + appending CSV …
[0;35m[MEASURE][0m dy-gleam-mist-1-15-2 | 28231/30000 | 32.3s | 928 req/s | results/2026-05-07_142551/dynamic/dy-gleam-mist-1-15-2.csv
[0;36m[PROGRESS][0m 230/406 (56%) | elapsed 5h16m | ETA ~4h01m | remaining 176 | dynamic HTTP | dy-gleam-mist-1-15-2 | level 9/13 | 40000 requests
[0;35m[MEASURE][0m dy-gleam-mist-1-15-2 | Docker start + HTTP readiness wait …
[0;35m[MEASURE][0m dy-gleam-mist-1-15-2 | Scaphandre power sampling + HTTP load | 40000 GET → http://localhost:8001/
[0;35m[MEASURE][0m dy-gleam-mist-1-15-2 | stopping Scaphandre + appending CSV …
[0;35m[MEASURE][0m dy-gleam-mist-1-15-2 | 28232/40000 | 58.3s | 687 req/s | results/2026-05-07_142551/dynamic/dy-gleam-mist-1-15-2.csv
[0;36m[PROGRESS][0m 231/406 (56%) | elapsed 5h18m | ETA ~4h01m | remaining 175 | dynamic HTTP | dy-gleam-mist-1-15-2 | level 10/13 | 50000 requests
[0;35m[MEASURE][0m dy-gleam-mist-1-15-2 | Docker start + HTTP readiness wait …
[0;35m[MEASURE][0m dy-gleam-mist-1-15-2 | Scaphandre power sampling + HTTP load | 50000 GET → http://localhost:8001/
[0;35m[MEASURE][0m dy-gleam-mist-1-15-2 | HTTP requests 40325/50000 (60s elapsed)
[0;35m[MEASURE][0m dy-gleam-mist-1-15-2 | stopping Scaphandre + appending CSV …
[0;35m[MEASURE][0m dy-gleam-mist-1-15-2 | 37029/50000 | 70.1s | 713 req/s | results/2026-05-07_142551/dynamic/dy-gleam-mist-1-15-2.csv
[0;36m[PROGRESS][0m 232/406 (57%) | elapsed 5h20m | ETA ~4h00m | remaining 174 | dynamic HTTP | dy-gleam-mist-1-15-2 | level 11/13 | 60000 requests
[0;35m[MEASURE][0m dy-gleam-mist-1-15-2 | Docker start + HTTP readiness wait …
[0;35m[MEASURE][0m dy-gleam-mist-1-15-2 | Scaphandre power sampling + HTTP load | 60000 GET → http://localhost:8001/
[0;35m[MEASURE][0m dy-gleam-mist-1-15-2 | HTTP requests 40153/60000 (60s elapsed)
[0;35m[MEASURE][0m dy-gleam-mist-1-15-2 | stopping Scaphandre + appending CSV …
[0;35m[MEASURE][0m dy-gleam-mist-1-15-2 | 47232/60000 | 80.7s | 743 req/s | results/2026-05-07_142551/dynamic/dy-gleam-mist-1-15-2.csv
[0;36m[PROGRESS][0m 233/406 (57%) | elapsed 5h22m | ETA ~3h59m | remaining 173 | dynamic HTTP | dy-gleam-mist-1-15-2 | level 12/13 | 70000 requests
[0;35m[MEASURE][0m dy-gleam-mist-1-15-2 | Docker start + HTTP readiness wait …
[0;35m[MEASURE][0m dy-gleam-mist-1-15-2 | Scaphandre power sampling + HTTP load | 70000 GET → http://localhost:8001/
[0;35m[MEASURE][0m dy-gleam-mist-1-15-2 | HTTP requests 40171/70000 (60s elapsed)
[0;35m[MEASURE][0m dy-gleam-mist-1-15-2 | stopping Scaphandre + appending CSV …
[0;35m[MEASURE][0m dy-gleam-mist-1-15-2 | 56463/70000 | 94.0s | 745 req/s | results/2026-05-07_142551/dynamic/dy-gleam-mist-1-15-2.csv
[0;36m[PROGRESS][0m 234/406 (57%) | elapsed 5h24m | ETA ~3h58m | remaining 172 | dynamic HTTP | dy-gleam-mist-1-15-2 | level 13/13 | 80000 requests
[0;35m[MEASURE][0m dy-gleam-mist-1-15-2 | Docker start + HTTP readiness wait …
[0;35m[MEASURE][0m dy-gleam-mist-1-15-2 | Scaphandre power sampling + HTTP load | 80000 GET → http://localhost:8001/
[0;35m[MEASURE][0m dy-gleam-mist-1-15-2 | HTTP requests 40090/80000 (60s elapsed)
[0;35m[MEASURE][0m dy-gleam-mist-1-15-2 | HTTP requests 79120/80000 (120s elapsed)
[0;35m[MEASURE][0m dy-gleam-mist-1-15-2 | stopping Scaphandre + appending CSV …
[0;35m[MEASURE][0m dy-gleam-mist-1-15-2 | 56591/80000 | 122.2s | 655 req/s | results/2026-05-07_142551/dynamic/dy-gleam-mist-1-15-2.csv
[0;34mRunning dynamic tests for dy-erlang-index-28-4-3 on port 8001[0m (8/11)
[0;36m[PROGRESS][0m 235/406 (57%) | elapsed 5h27m | ETA ~3h58m | remaining 171 | dynamic HTTP | dy-erlang-index-28-4-3 | level 1/13 | 100 requests
[0;35m[MEASURE][0m dy-erlang-index-28-4-3 | Docker start + HTTP readiness wait …
[0;35m[MEASURE][0m dy-erlang-index-28-4-3 | Scaphandre power sampling + HTTP load | 100 GET → http://localhost:8001/
[0;35m[MEASURE][0m dy-erlang-index-28-4-3 | stopping Scaphandre + appending CSV …
[0;35m[MEASURE][0m dy-erlang-index-28-4-3 | [0;32m100/100 ok[0m | 1.6s | 64 req/s | results/2026-05-07_142551/dynamic/dy-erlang-index-28-4-3.csv
[0;36m[PROGRESS][0m 236/406 (58%) | elapsed 5h28m | ETA ~3h56m | remaining 170 | dynamic HTTP | dy-erlang-index-28-4-3 | level 2/13 | 1000 requests
[0;35m[MEASURE][0m dy-erlang-index-28-4-3 | Docker start + HTTP readiness wait …
[0;35m[MEASURE][0m dy-erlang-index-28-4-3 | Scaphandre power sampling + HTTP load | 1000 GET → http://localhost:8001/
[0;35m[MEASURE][0m dy-erlang-index-28-4-3 | stopping Scaphandre + appending CSV …
[0;35m[MEASURE][0m dy-erlang-index-28-4-3 | [0;32m1000/1000 ok[0m | 3.3s | 300 req/s | results/2026-05-07_142551/dynamic/dy-erlang-index-28-4-3.csv
[0;36m[PROGRESS][0m 237/406 (58%) | elapsed 5h29m | ETA ~3h54m | remaining 169 | dynamic HTTP | dy-erlang-index-28-4-3 | level 3/13 | 5000 requests
[0;35m[MEASURE][0m dy-erlang-index-28-4-3 | Docker start + HTTP readiness wait …
[0;35m[MEASURE][0m dy-erlang-index-28-4-3 | Scaphandre power sampling + HTTP load | 5000 GET → http://localhost:8001/
[0;35m[MEASURE][0m dy-erlang-index-28-4-3 | stopping Scaphandre + appending CSV …
[0;35m[MEASURE][0m dy-erlang-index-28-4-3 | [0;32m5000/5000 ok[0m | 3.8s | 1301 req/s | results/2026-05-07_142551/dynamic/dy-erlang-index-28-4-3.csv
[0;36m[PROGRESS][0m 238/406 (58%) | elapsed 5h30m | ETA ~3h53m | remaining 168 | dynamic HTTP | dy-erlang-index-28-4-3 | level 4/13 | 8000 requests
[0;35m[MEASURE][0m dy-erlang-index-28-4-3 | Docker start + HTTP readiness wait …
[0;35m[MEASURE][0m dy-erlang-index-28-4-3 | Scaphandre power sampling + HTTP load | 8000 GET → http://localhost:8001/
[0;35m[MEASURE][0m dy-erlang-index-28-4-3 | stopping Scaphandre + appending CSV …
[0;35m[MEASURE][0m dy-erlang-index-28-4-3 | [0;32m8000/8000 ok[0m | 6.4s | 1243 req/s | results/2026-05-07_142551/dynamic/dy-erlang-index-28-4-3.csv
[0;36m[PROGRESS][0m 239/406 (58%) | elapsed 5h31m | ETA ~3h51m | remaining 167 | dynamic HTTP | dy-erlang-index-28-4-3 | level 5/13 | 10000 requests
[0;35m[MEASURE][0m dy-erlang-index-28-4-3 | Docker start + HTTP readiness wait …
[0;35m[MEASURE][0m dy-erlang-index-28-4-3 | Scaphandre power sampling + HTTP load | 10000 GET → http://localhost:8001/
[0;35m[MEASURE][0m dy-erlang-index-28-4-3 | stopping Scaphandre + appending CSV …
[0;35m[MEASURE][0m dy-erlang-index-28-4-3 | [0;32m10000/10000 ok[0m | 8.1s | 1233 req/s | results/2026-05-07_142551/dynamic/dy-erlang-index-28-4-3.csv
[0;36m[PROGRESS][0m 240/406 (59%) | elapsed 5h32m | ETA ~3h49m | remaining 166 | dynamic HTTP | dy-erlang-index-28-4-3 | level 6/13 | 15000 requests
[0;35m[MEASURE][0m dy-erlang-index-28-4-3 | Docker start + HTTP readiness wait …
[0;35m[MEASURE][0m dy-erlang-index-28-4-3 | Scaphandre power sampling + HTTP load | 15000 GET → http://localhost:8001/
[0;35m[MEASURE][0m dy-erlang-index-28-4-3 | stopping Scaphandre + appending CSV …
[0;35m[MEASURE][0m dy-erlang-index-28-4-3 | [0;32m15000/15000 ok[0m | 12.7s | 1184 req/s | results/2026-05-07_142551/dynamic/dy-erlang-index-28-4-3.csv
[0;36m[PROGRESS][0m 241/406 (59%) | elapsed 5h33m | ETA ~3h48m | remaining 165 | dynamic HTTP | dy-erlang-index-28-4-3 | level 7/13 | 20000 requests
[0;35m[MEASURE][0m dy-erlang-index-28-4-3 | Docker start + HTTP readiness wait …
[0;35m[MEASURE][0m dy-erlang-index-28-4-3 | Scaphandre power sampling + HTTP load | 20000 GET → http://localhost:8001/
[0;35m[MEASURE][0m dy-erlang-index-28-4-3 | stopping Scaphandre + appending CSV …
[0;35m[MEASURE][0m dy-erlang-index-28-4-3 | [0;32m20000/20000 ok[0m | 18.0s | 1113 req/s | results/2026-05-07_142551/dynamic/dy-erlang-index-28-4-3.csv
[0;36m[PROGRESS][0m 242/406 (59%) | elapsed 5h34m | ETA ~3h46m | remaining 164 | dynamic HTTP | dy-erlang-index-28-4-3 | level 8/13 | 30000 requests
[0;35m[MEASURE][0m dy-erlang-index-28-4-3 | Docker start + HTTP readiness wait …
[0;35m[MEASURE][0m dy-erlang-index-28-4-3 | Scaphandre power sampling + HTTP load | 30000 GET → http://localhost:8001/
[0;35m[MEASURE][0m dy-erlang-index-28-4-3 | stopping Scaphandre + appending CSV …
[0;35m[MEASURE][0m dy-erlang-index-28-4-3 | [0;32m30000/30000 ok[0m | 25.9s | 1156 req/s | results/2026-05-07_142551/dynamic/dy-erlang-index-28-4-3.csv
[0;36m[PROGRESS][0m 243/406 (59%) | elapsed 5h35m | ETA ~3h44m | remaining 163 | dynamic HTTP | dy-erlang-index-28-4-3 | level 9/13 | 40000 requests
[0;35m[MEASURE][0m dy-erlang-index-28-4-3 | Docker start + HTTP readiness wait …
[0;35m[MEASURE][0m dy-erlang-index-28-4-3 | Scaphandre power sampling + HTTP load | 40000 GET → http://localhost:8001/
[0;35m[MEASURE][0m dy-erlang-index-28-4-3 | stopping Scaphandre + appending CSV …
[0;35m[MEASURE][0m dy-erlang-index-28-4-3 | [0;32m40000/40000 ok[0m | 35.6s | 1123 req/s | results/2026-05-07_142551/dynamic/dy-erlang-index-28-4-3.csv
[0;36m[PROGRESS][0m 244/406 (60%) | elapsed 5h36m | ETA ~3h43m | remaining 162 | dynamic HTTP | dy-erlang-index-28-4-3 | level 10/13 | 50000 requests
[0;35m[MEASURE][0m dy-erlang-index-28-4-3 | Docker start + HTTP readiness wait …
[0;35m[MEASURE][0m dy-erlang-index-28-4-3 | Scaphandre power sampling + HTTP load | 50000 GET → http://localhost:8001/
[0;35m[MEASURE][0m dy-erlang-index-28-4-3 | stopping Scaphandre + appending CSV …
[0;35m[MEASURE][0m dy-erlang-index-28-4-3 | 49970/50000 | 44.5s | 1124 req/s | results/2026-05-07_142551/dynamic/dy-erlang-index-28-4-3.csv
[0;36m[PROGRESS][0m 245/406 (60%) | elapsed 5h38m | ETA ~3h42m | remaining 161 | dynamic HTTP | dy-erlang-index-28-4-3 | level 11/13 | 60000 requests
[0;35m[MEASURE][0m dy-erlang-index-28-4-3 | Docker start + HTTP readiness wait …
[0;35m[MEASURE][0m dy-erlang-index-28-4-3 | Scaphandre power sampling + HTTP load | 60000 GET → http://localhost:8001/
[0;35m[MEASURE][0m dy-erlang-index-28-4-3 | stopping Scaphandre + appending CSV …
[0;35m[MEASURE][0m dy-erlang-index-28-4-3 | 59926/60000 | 55.8s | 1075 req/s | results/2026-05-07_142551/dynamic/dy-erlang-index-28-4-3.csv
[0;36m[PROGRESS][0m 246/406 (60%) | elapsed 5h39m | ETA ~3h41m | remaining 160 | dynamic HTTP | dy-erlang-index-28-4-3 | level 12/13 | 70000 requests
[0;35m[MEASURE][0m dy-erlang-index-28-4-3 | Docker start + HTTP readiness wait …
[0;35m[MEASURE][0m dy-erlang-index-28-4-3 | Scaphandre power sampling + HTTP load | 70000 GET → http://localhost:8001/
[0;35m[MEASURE][0m dy-erlang-index-28-4-3 | HTTP requests 64058/70000 (60s elapsed)
[0;35m[MEASURE][0m dy-erlang-index-28-4-3 | stopping Scaphandre + appending CSV …
[0;35m[MEASURE][0m dy-erlang-index-28-4-3 | 69912/70000 | 69.0s | 1014 req/s | results/2026-05-07_142551/dynamic/dy-erlang-index-28-4-3.csv
[0;36m[PROGRESS][0m 247/406 (60%) | elapsed 5h41m | ETA ~3h40m | remaining 159 | dynamic HTTP | dy-erlang-index-28-4-3 | level 13/13 | 80000 requests
[0;35m[MEASURE][0m dy-erlang-index-28-4-3 | Docker start + HTTP readiness wait …
[0;35m[MEASURE][0m dy-erlang-index-28-4-3 | Scaphandre power sampling + HTTP load | 80000 GET → http://localhost:8001/
[0;35m[MEASURE][0m dy-erlang-index-28-4-3 | HTTP requests 64064/80000 (60s elapsed)
[0;35m[MEASURE][0m dy-erlang-index-28-4-3 | stopping Scaphandre + appending CSV …
[0;35m[MEASURE][0m dy-erlang-index-28-4-3 | 79930/80000 | 85.1s | 940 req/s | results/2026-05-07_142551/dynamic/dy-erlang-index-28-4-3.csv
[0;34mRunning dynamic tests for dy-erlang-yaws-28-4-3 on port 8001[0m (9/11)
[0;36m[PROGRESS][0m 248/406 (61%) | elapsed 5h44m | ETA ~3h39m | remaining 158 | dynamic HTTP | dy-erlang-yaws-28-4-3 | level 1/13 | 100 requests
[0;35m[MEASURE][0m dy-erlang-yaws-28-4-3 | Docker start + HTTP readiness wait …
[0;35m[MEASURE][0m dy-erlang-yaws-28-4-3 | Scaphandre power sampling + HTTP load | 100 GET → http://localhost:8001/
[0;35m[MEASURE][0m dy-erlang-yaws-28-4-3 | stopping Scaphandre + appending CSV …
[0;35m[MEASURE][0m dy-erlang-yaws-28-4-3 | [0;32m100/100 ok[0m | 0.1s | 693 req/s | results/2026-05-07_142551/dynamic/dy-erlang-yaws-28-4-3.csv
[0;36m[PROGRESS][0m 249/406 (61%) | elapsed 5h44m | ETA ~3h37m | remaining 157 | dynamic HTTP | dy-erlang-yaws-28-4-3 | level 2/13 | 1000 requests
[0;35m[MEASURE][0m dy-erlang-yaws-28-4-3 | Docker start + HTTP readiness wait …
[0;35m[MEASURE][0m dy-erlang-yaws-28-4-3 | Scaphandre power sampling + HTTP load | 1000 GET → http://localhost:8001/
[0;35m[MEASURE][0m dy-erlang-yaws-28-4-3 | stopping Scaphandre + appending CSV …
[0;35m[MEASURE][0m dy-erlang-yaws-28-4-3 | [0;32m1000/1000 ok[0m | 0.8s | 1263 req/s | results/2026-05-07_142551/dynamic/dy-erlang-yaws-28-4-3.csv
[0;36m[PROGRESS][0m 250/406 (61%) | elapsed 5h45m | ETA ~3h35m | remaining 156 | dynamic HTTP | dy-erlang-yaws-28-4-3 | level 3/13 | 5000 requests
[0;35m[MEASURE][0m dy-erlang-yaws-28-4-3 | Docker start + HTTP readiness wait …
[0;35m[MEASURE][0m dy-erlang-yaws-28-4-3 | Scaphandre power sampling + HTTP load | 5000 GET → http://localhost:8001/
[0;35m[MEASURE][0m dy-erlang-yaws-28-4-3 | stopping Scaphandre + appending CSV …
[0;35m[MEASURE][0m dy-erlang-yaws-28-4-3 | [0;32m5000/5000 ok[0m | 4.0s | 1261 req/s | results/2026-05-07_142551/dynamic/dy-erlang-yaws-28-4-3.csv
[0;36m[PROGRESS][0m 251/406 (61%) | elapsed 5h46m | ETA ~3h34m | remaining 155 | dynamic HTTP | dy-erlang-yaws-28-4-3 | level 4/13 | 8000 requests
[0;35m[MEASURE][0m dy-erlang-yaws-28-4-3 | Docker start + HTTP readiness wait …
[0;35m[MEASURE][0m dy-erlang-yaws-28-4-3 | Scaphandre power sampling + HTTP load | 8000 GET → http://localhost:8001/
[0;35m[MEASURE][0m dy-erlang-yaws-28-4-3 | stopping Scaphandre + appending CSV …
[0;35m[MEASURE][0m dy-erlang-yaws-28-4-3 | [0;32m8000/8000 ok[0m | 6.3s | 1263 req/s | results/2026-05-07_142551/dynamic/dy-erlang-yaws-28-4-3.csv
[0;36m[PROGRESS][0m 252/406 (62%) | elapsed 5h47m | ETA ~3h32m | remaining 154 | dynamic HTTP | dy-erlang-yaws-28-4-3 | level 5/13 | 10000 requests
[0;35m[MEASURE][0m dy-erlang-yaws-28-4-3 | Docker start + HTTP readiness wait …
[0;35m[MEASURE][0m dy-erlang-yaws-28-4-3 | Scaphandre power sampling + HTTP load | 10000 GET → http://localhost:8001/
[0;35m[MEASURE][0m dy-erlang-yaws-28-4-3 | stopping Scaphandre + appending CSV …
[0;35m[MEASURE][0m dy-erlang-yaws-28-4-3 | [0;32m10000/10000 ok[0m | 8.0s | 1246 req/s | results/2026-05-07_142551/dynamic/dy-erlang-yaws-28-4-3.csv
[0;36m[PROGRESS][0m 253/406 (62%) | elapsed 5h48m | ETA ~3h31m | remaining 153 | dynamic HTTP | dy-erlang-yaws-28-4-3 | level 6/13 | 15000 requests
[0;35m[MEASURE][0m dy-erlang-yaws-28-4-3 | Docker start + HTTP readiness wait …
[0;35m[MEASURE][0m dy-erlang-yaws-28-4-3 | Scaphandre power sampling + HTTP load | 15000 GET → http://localhost:8001/
[0;35m[MEASURE][0m dy-erlang-yaws-28-4-3 | stopping Scaphandre + appending CSV …
[0;35m[MEASURE][0m dy-erlang-yaws-28-4-3 | [0;32m15000/15000 ok[0m | 12.9s | 1162 req/s | results/2026-05-07_142551/dynamic/dy-erlang-yaws-28-4-3.csv
[0;36m[PROGRESS][0m 254/406 (62%) | elapsed 5h50m | ETA ~3h29m | remaining 152 | dynamic HTTP | dy-erlang-yaws-28-4-3 | level 7/13 | 20000 requests
[0;35m[MEASURE][0m dy-erlang-yaws-28-4-3 | Docker start + HTTP readiness wait …
[0;35m[MEASURE][0m dy-erlang-yaws-28-4-3 | Scaphandre power sampling + HTTP load | 20000 GET → http://localhost:8001/
[0;35m[MEASURE][0m dy-erlang-yaws-28-4-3 | stopping Scaphandre + appending CSV …
[0;35m[MEASURE][0m dy-erlang-yaws-28-4-3 | [0;32m20000/20000 ok[0m | 18.4s | 1086 req/s | results/2026-05-07_142551/dynamic/dy-erlang-yaws-28-4-3.csv
[0;36m[PROGRESS][0m 255/406 (62%) | elapsed 5h51m | ETA ~3h28m | remaining 151 | dynamic HTTP | dy-erlang-yaws-28-4-3 | level 8/13 | 30000 requests
[0;35m[MEASURE][0m dy-erlang-yaws-28-4-3 | Docker start + HTTP readiness wait …
[0;35m[MEASURE][0m dy-erlang-yaws-28-4-3 | Scaphandre power sampling + HTTP load | 30000 GET → http://localhost:8001/
[0;35m[MEASURE][0m dy-erlang-yaws-28-4-3 | stopping Scaphandre + appending CSV …
[0;35m[MEASURE][0m dy-erlang-yaws-28-4-3 | 28231/30000 | 32.5s | 923 req/s | results/2026-05-07_142551/dynamic/dy-erlang-yaws-28-4-3.csv
[0;36m[PROGRESS][0m 256/406 (63%) | elapsed 5h52m | ETA ~3h26m | remaining 150 | dynamic HTTP | dy-erlang-yaws-28-4-3 | level 9/13 | 40000 requests
[0;35m[MEASURE][0m dy-erlang-yaws-28-4-3 | Docker start + HTTP readiness wait …
[0;35m[MEASURE][0m dy-erlang-yaws-28-4-3 | Scaphandre power sampling + HTTP load | 40000 GET → http://localhost:8001/
[0;35m[MEASURE][0m dy-erlang-yaws-28-4-3 | stopping Scaphandre + appending CSV …
[0;35m[MEASURE][0m dy-erlang-yaws-28-4-3 | 28232/40000 | 59.2s | 676 req/s | results/2026-05-07_142551/dynamic/dy-erlang-yaws-28-4-3.csv
[0;36m[PROGRESS][0m 257/406 (63%) | elapsed 5h54m | ETA ~3h25m | remaining 149 | dynamic HTTP | dy-erlang-yaws-28-4-3 | level 10/13 | 50000 requests
[0;35m[MEASURE][0m dy-erlang-yaws-28-4-3 | Docker start + HTTP readiness wait …
[0;35m[MEASURE][0m dy-erlang-yaws-28-4-3 | Scaphandre power sampling + HTTP load | 50000 GET → http://localhost:8001/
[0;35m[MEASURE][0m dy-erlang-yaws-28-4-3 | HTTP requests 40310/50000 (60s elapsed)
[0;35m[MEASURE][0m dy-erlang-yaws-28-4-3 | stopping Scaphandre + appending CSV …
[0;35m[MEASURE][0m dy-erlang-yaws-28-4-3 | 37090/50000 | 70.4s | 710 req/s | results/2026-05-07_142551/dynamic/dy-erlang-yaws-28-4-3.csv
[0;36m[PROGRESS][0m 258/406 (63%) | elapsed 5h56m | ETA ~3h24m | remaining 148 | dynamic HTTP | dy-erlang-yaws-28-4-3 | level 11/13 | 60000 requests
[0;35m[MEASURE][0m dy-erlang-yaws-28-4-3 | Docker start + HTTP readiness wait …
[0;35m[MEASURE][0m dy-erlang-yaws-28-4-3 | Scaphandre power sampling + HTTP load | 60000 GET → http://localhost:8001/
[0;35m[MEASURE][0m dy-erlang-yaws-28-4-3 | HTTP requests 40236/60000 (60s elapsed)
[0;35m[MEASURE][0m dy-erlang-yaws-28-4-3 | stopping Scaphandre + appending CSV …
[0;35m[MEASURE][0m dy-erlang-yaws-28-4-3 | 47103/60000 | 81.0s | 741 req/s | results/2026-05-07_142551/dynamic/dy-erlang-yaws-28-4-3.csv
[0;36m[PROGRESS][0m 259/406 (63%) | elapsed 5h58m | ETA ~3h23m | remaining 147 | dynamic HTTP | dy-erlang-yaws-28-4-3 | level 12/13 | 70000 requests
[0;35m[MEASURE][0m dy-erlang-yaws-28-4-3 | Docker start + HTTP readiness wait …
[0;35m[MEASURE][0m dy-erlang-yaws-28-4-3 | Scaphandre power sampling + HTTP load | 70000 GET → http://localhost:8001/
[0;35m[MEASURE][0m dy-erlang-yaws-28-4-3 | HTTP requests 39997/70000 (60s elapsed)
[0;35m[MEASURE][0m dy-erlang-yaws-28-4-3 | stopping Scaphandre + appending CSV …
[0;35m[MEASURE][0m dy-erlang-yaws-28-4-3 | 56463/70000 | 95.9s | 730 req/s | results/2026-05-07_142551/dynamic/dy-erlang-yaws-28-4-3.csv
[0;36m[PROGRESS][0m 260/406 (64%) | elapsed 6h01m | ETA ~3h23m | remaining 146 | dynamic HTTP | dy-erlang-yaws-28-4-3 | level 13/13 | 80000 requests
[0;35m[MEASURE][0m dy-erlang-yaws-28-4-3 | Docker start + HTTP readiness wait …
[0;35m[MEASURE][0m dy-erlang-yaws-28-4-3 | Scaphandre power sampling + HTTP load | 80000 GET → http://localhost:8001/
[0;35m[MEASURE][0m dy-erlang-yaws-28-4-3 | HTTP requests 40120/80000 (60s elapsed)
[0;35m[MEASURE][0m dy-erlang-yaws-28-4-3 | HTTP requests 78716/80000 (120s elapsed)
[0;35m[MEASURE][0m dy-erlang-yaws-28-4-3 | stopping Scaphandre + appending CSV …
[0;35m[MEASURE][0m dy-erlang-yaws-28-4-3 | 56803/80000 | 122.9s | 651 req/s | results/2026-05-07_142551/dynamic/dy-erlang-yaws-28-4-3.csv
[0;34mRunning dynamic tests for dy-erlang-cowboy-28-4-3 on port 8001[0m (10/11)
[0;36m[PROGRESS][0m 261/406 (64%) | elapsed 6h04m | ETA ~3h22m | remaining 145 | dynamic HTTP | dy-erlang-cowboy-28-4-3 | level 1/13 | 100 requests
[0;35m[MEASURE][0m dy-erlang-cowboy-28-4-3 | Docker start + HTTP readiness wait …
[0;35m[MEASURE][0m dy-erlang-cowboy-28-4-3 | Scaphandre power sampling + HTTP load | 100 GET → http://localhost:8001/
[0;35m[MEASURE][0m dy-erlang-cowboy-28-4-3 | stopping Scaphandre + appending CSV …
[0;35m[MEASURE][0m dy-erlang-cowboy-28-4-3 | [0;32m100/100 ok[0m | 0.2s | 552 req/s | results/2026-05-07_142551/dynamic/dy-erlang-cowboy-28-4-3.csv
[0;36m[PROGRESS][0m 262/406 (64%) | elapsed 6h05m | ETA ~3h20m | remaining 144 | dynamic HTTP | dy-erlang-cowboy-28-4-3 | level 2/13 | 1000 requests
[0;35m[MEASURE][0m dy-erlang-cowboy-28-4-3 | Docker start + HTTP readiness wait …
[0;35m[MEASURE][0m dy-erlang-cowboy-28-4-3 | Scaphandre power sampling + HTTP load | 1000 GET → http://localhost:8001/
[0;35m[MEASURE][0m dy-erlang-cowboy-28-4-3 | stopping Scaphandre + appending CSV …
[0;35m[MEASURE][0m dy-erlang-cowboy-28-4-3 | [0;32m1000/1000 ok[0m | 0.9s | 1140 req/s | results/2026-05-07_142551/dynamic/dy-erlang-cowboy-28-4-3.csv
[0;36m[PROGRESS][0m 263/406 (64%) | elapsed 6h06m | ETA ~3h19m | remaining 143 | dynamic HTTP | dy-erlang-cowboy-28-4-3 | level 3/13 | 5000 requests
[0;35m[MEASURE][0m dy-erlang-cowboy-28-4-3 | Docker start + HTTP readiness wait …
[0;35m[MEASURE][0m dy-erlang-cowboy-28-4-3 | Scaphandre power sampling + HTTP load | 5000 GET → http://localhost:8001/
[0;35m[MEASURE][0m dy-erlang-cowboy-28-4-3 | stopping Scaphandre + appending CSV …
[0;35m[MEASURE][0m dy-erlang-cowboy-28-4-3 | [0;32m5000/5000 ok[0m | 4.0s | 1237 req/s | results/2026-05-07_142551/dynamic/dy-erlang-cowboy-28-4-3.csv
[0;36m[PROGRESS][0m 264/406 (65%) | elapsed 6h06m | ETA ~3h17m | remaining 142 | dynamic HTTP | dy-erlang-cowboy-28-4-3 | level 4/13 | 8000 requests
[0;35m[MEASURE][0m dy-erlang-cowboy-28-4-3 | Docker start + HTTP readiness wait …
[0;35m[MEASURE][0m dy-erlang-cowboy-28-4-3 | Scaphandre power sampling + HTTP load | 8000 GET → http://localhost:8001/
[0;35m[MEASURE][0m dy-erlang-cowboy-28-4-3 | stopping Scaphandre + appending CSV …
[0;35m[MEASURE][0m dy-erlang-cowboy-28-4-3 | [0;32m8000/8000 ok[0m | 6.6s | 1219 req/s | results/2026-05-07_142551/dynamic/dy-erlang-cowboy-28-4-3.csv
[0;36m[PROGRESS][0m 265/406 (65%) | elapsed 6h07m | ETA ~3h15m | remaining 141 | dynamic HTTP | dy-erlang-cowboy-28-4-3 | level 5/13 | 10000 requests
[0;35m[MEASURE][0m dy-erlang-cowboy-28-4-3 | Docker start + HTTP readiness wait …
[0;35m[MEASURE][0m dy-erlang-cowboy-28-4-3 | Scaphandre power sampling + HTTP load | 10000 GET → http://localhost:8001/
[0;35m[MEASURE][0m dy-erlang-cowboy-28-4-3 | stopping Scaphandre + appending CSV …
[0;35m[MEASURE][0m dy-erlang-cowboy-28-4-3 | [0;32m10000/10000 ok[0m | 9.4s | 1063 req/s | results/2026-05-07_142551/dynamic/dy-erlang-cowboy-28-4-3.csv
[0;36m[PROGRESS][0m 266/406 (65%) | elapsed 6h08m | ETA ~3h13m | remaining 140 | dynamic HTTP | dy-erlang-cowboy-28-4-3 | level 6/13 | 15000 requests
[0;35m[MEASURE][0m dy-erlang-cowboy-28-4-3 | Docker start + HTTP readiness wait …
[0;35m[MEASURE][0m dy-erlang-cowboy-28-4-3 | Scaphandre power sampling + HTTP load | 15000 GET → http://localhost:8001/
[0;35m[MEASURE][0m dy-erlang-cowboy-28-4-3 | stopping Scaphandre + appending CSV …
[0;35m[MEASURE][0m dy-erlang-cowboy-28-4-3 | [0;32m15000/15000 ok[0m | 13.4s | 1121 req/s | results/2026-05-07_142551/dynamic/dy-erlang-cowboy-28-4-3.csv
[0;36m[PROGRESS][0m 267/406 (65%) | elapsed 6h09m | ETA ~3h12m | remaining 139 | dynamic HTTP | dy-erlang-cowboy-28-4-3 | level 7/13 | 20000 requests
[0;35m[MEASURE][0m dy-erlang-cowboy-28-4-3 | Docker start + HTTP readiness wait …
[0;35m[MEASURE][0m dy-erlang-cowboy-28-4-3 | Scaphandre power sampling + HTTP load | 20000 GET → http://localhost:8001/
[0;35m[MEASURE][0m dy-erlang-cowboy-28-4-3 | stopping Scaphandre + appending CSV …
[0;35m[MEASURE][0m dy-erlang-cowboy-28-4-3 | [0;32m20000/20000 ok[0m | 18.7s | 1071 req/s | results/2026-05-07_142551/dynamic/dy-erlang-cowboy-28-4-3.csv
[0;36m[PROGRESS][0m 268/406 (66%) | elapsed 6h10m | ETA ~3h10m | remaining 138 | dynamic HTTP | dy-erlang-cowboy-28-4-3 | level 8/13 | 30000 requests
[0;35m[MEASURE][0m dy-erlang-cowboy-28-4-3 | Docker start + HTTP readiness wait …
[0;35m[MEASURE][0m dy-erlang-cowboy-28-4-3 | Scaphandre power sampling + HTTP load | 30000 GET → http://localhost:8001/
[0;35m[MEASURE][0m dy-erlang-cowboy-28-4-3 | stopping Scaphandre + appending CSV …
[0;35m[MEASURE][0m dy-erlang-cowboy-28-4-3 | 28231/30000 | 33.0s | 909 req/s | results/2026-05-07_142551/dynamic/dy-erlang-cowboy-28-4-3.csv
[0;36m[PROGRESS][0m 269/406 (66%) | elapsed 6h11m | ETA ~3h09m | remaining 137 | dynamic HTTP | dy-erlang-cowboy-28-4-3 | level 9/13 | 40000 requests
[0;35m[MEASURE][0m dy-erlang-cowboy-28-4-3 | Docker start + HTTP readiness wait …
[0;35m[MEASURE][0m dy-erlang-cowboy-28-4-3 | Scaphandre power sampling + HTTP load | 40000 GET → http://localhost:8001/
[0;35m[MEASURE][0m dy-erlang-cowboy-28-4-3 | stopping Scaphandre + appending CSV …
[0;35m[MEASURE][0m dy-erlang-cowboy-28-4-3 | 28232/40000 | 59.7s | 670 req/s | results/2026-05-07_142551/dynamic/dy-erlang-cowboy-28-4-3.csv
[0;36m[PROGRESS][0m 270/406 (66%) | elapsed 6h13m | ETA ~3h08m | remaining 136 | dynamic HTTP | dy-erlang-cowboy-28-4-3 | level 10/13 | 50000 requests
[0;35m[MEASURE][0m dy-erlang-cowboy-28-4-3 | Docker start + HTTP readiness wait …
[0;35m[MEASURE][0m dy-erlang-cowboy-28-4-3 | Scaphandre power sampling + HTTP load | 50000 GET → http://localhost:8001/
[0;35m[MEASURE][0m dy-erlang-cowboy-28-4-3 | HTTP requests 40199/50000 (60s elapsed)
[0;35m[MEASURE][0m dy-erlang-cowboy-28-4-3 | stopping Scaphandre + appending CSV …
[0;35m[MEASURE][0m dy-erlang-cowboy-28-4-3 | 37199/50000 | 70.2s | 712 req/s | results/2026-05-07_142551/dynamic/dy-erlang-cowboy-28-4-3.csv
[0;36m[PROGRESS][0m 271/406 (66%) | elapsed 6h15m | ETA ~3h07m | remaining 135 | dynamic HTTP | dy-erlang-cowboy-28-4-3 | level 11/13 | 60000 requests
[0;35m[MEASURE][0m dy-erlang-cowboy-28-4-3 | Docker start + HTTP readiness wait …
[0;35m[MEASURE][0m dy-erlang-cowboy-28-4-3 | Scaphandre power sampling + HTTP load | 60000 GET → http://localhost:8001/
[0;35m[MEASURE][0m dy-erlang-cowboy-28-4-3 | HTTP requests 39927/60000 (60s elapsed)
[0;35m[MEASURE][0m dy-erlang-cowboy-28-4-3 | stopping Scaphandre + appending CSV …
[0;35m[MEASURE][0m dy-erlang-cowboy-28-4-3 | 47404/60000 | 81.0s | 741 req/s | results/2026-05-07_142551/dynamic/dy-erlang-cowboy-28-4-3.csv
[0;36m[PROGRESS][0m 272/406 (66%) | elapsed 6h17m | ETA ~3h06m | remaining 134 | dynamic HTTP | dy-erlang-cowboy-28-4-3 | level 12/13 | 70000 requests
[0;35m[MEASURE][0m dy-erlang-cowboy-28-4-3 | Docker start + HTTP readiness wait …
[0;35m[MEASURE][0m dy-erlang-cowboy-28-4-3 | Scaphandre power sampling + HTTP load | 70000 GET → http://localhost:8001/
[0;35m[MEASURE][0m dy-erlang-cowboy-28-4-3 | HTTP requests 39935/70000 (60s elapsed)
[0;35m[MEASURE][0m dy-erlang-cowboy-28-4-3 | stopping Scaphandre + appending CSV …
[0;35m[MEASURE][0m dy-erlang-cowboy-28-4-3 | 56463/70000 | 95.0s | 737 req/s | results/2026-05-07_142551/dynamic/dy-erlang-cowboy-28-4-3.csv
[0;36m[PROGRESS][0m 273/406 (67%) | elapsed 6h20m | ETA ~3h05m | remaining 133 | dynamic HTTP | dy-erlang-cowboy-28-4-3 | level 13/13 | 80000 requests
[0;35m[MEASURE][0m dy-erlang-cowboy-28-4-3 | Docker start + HTTP readiness wait …
[0;35m[MEASURE][0m dy-erlang-cowboy-28-4-3 | Scaphandre power sampling + HTTP load | 80000 GET → http://localhost:8001/
[0;35m[MEASURE][0m dy-erlang-cowboy-28-4-3 | HTTP requests 39923/80000 (60s elapsed)
[0;35m[MEASURE][0m dy-erlang-cowboy-28-4-3 | HTTP requests 78750/80000 (120s elapsed)
[0;35m[MEASURE][0m dy-erlang-cowboy-28-4-3 | stopping Scaphandre + appending CSV …
[0;35m[MEASURE][0m dy-erlang-cowboy-28-4-3 | 56861/80000 | 122.8s | 652 req/s | results/2026-05-07_142551/dynamic/dy-erlang-cowboy-28-4-3.csv
[0;34mRunning dynamic tests for dy-erlang-pure-28-4-3 on port 8001[0m (11/11)
[0;36m[PROGRESS][0m 274/406 (67%) | elapsed 6h22m | ETA ~3h04m | remaining 132 | dynamic HTTP | dy-erlang-pure-28-4-3 | level 1/13 | 100 requests
[0;35m[MEASURE][0m dy-erlang-pure-28-4-3 | Docker start + HTTP readiness wait …
[0;35m[MEASURE][0m dy-erlang-pure-28-4-3 | Scaphandre power sampling + HTTP load | 100 GET → http://localhost:8001/
[0;35m[MEASURE][0m dy-erlang-pure-28-4-3 | stopping Scaphandre + appending CSV …
[0;35m[MEASURE][0m dy-erlang-pure-28-4-3 | [0;32m100/100 ok[0m | 1.6s | 64 req/s | results/2026-05-07_142551/dynamic/dy-erlang-pure-28-4-3.csv
[0;36m[PROGRESS][0m 275/406 (67%) | elapsed 6h23m | ETA ~3h02m | remaining 131 | dynamic HTTP | dy-erlang-pure-28-4-3 | level 2/13 | 1000 requests
[0;35m[MEASURE][0m dy-erlang-pure-28-4-3 | Docker start + HTTP readiness wait …
[0;35m[MEASURE][0m dy-erlang-pure-28-4-3 | Scaphandre power sampling + HTTP load | 1000 GET → http://localhost:8001/
[0;35m[MEASURE][0m dy-erlang-pure-28-4-3 | stopping Scaphandre + appending CSV …
[0;35m[MEASURE][0m dy-erlang-pure-28-4-3 | 983/1000 | 5.1s | 195 req/s | results/2026-05-07_142551/dynamic/dy-erlang-pure-28-4-3.csv
[0;36m[PROGRESS][0m 276/406 (67%) | elapsed 6h24m | ETA ~3h01m | remaining 130 | dynamic HTTP | dy-erlang-pure-28-4-3 | level 3/13 | 5000 requests
[0;35m[MEASURE][0m dy-erlang-pure-28-4-3 | Docker start + HTTP readiness wait …
[0;35m[MEASURE][0m dy-erlang-pure-28-4-3 | Scaphandre power sampling + HTTP load | 5000 GET → http://localhost:8001/
[0;35m[MEASURE][0m dy-erlang-pure-28-4-3 | stopping Scaphandre + appending CSV …
[0;35m[MEASURE][0m dy-erlang-pure-28-4-3 | [0;32m5000/5000 ok[0m | 3.8s | 1320 req/s | results/2026-05-07_142551/dynamic/dy-erlang-pure-28-4-3.csv
[0;36m[PROGRESS][0m 277/406 (68%) | elapsed 6h25m | ETA ~2h59m | remaining 129 | dynamic HTTP | dy-erlang-pure-28-4-3 | level 4/13 | 8000 requests
[0;35m[MEASURE][0m dy-erlang-pure-28-4-3 | Docker start + HTTP readiness wait …
[0;35m[MEASURE][0m dy-erlang-pure-28-4-3 | Scaphandre power sampling + HTTP load | 8000 GET → http://localhost:8001/
[0;35m[MEASURE][0m dy-erlang-pure-28-4-3 | stopping Scaphandre + appending CSV …
[0;35m[MEASURE][0m dy-erlang-pure-28-4-3 | 7999/8000 | 6.3s | 1271 req/s | results/2026-05-07_142551/dynamic/dy-erlang-pure-28-4-3.csv
[0;36m[PROGRESS][0m 278/406 (68%) | elapsed 6h26m | ETA ~2h57m | remaining 128 | dynamic HTTP | dy-erlang-pure-28-4-3 | level 5/13 | 10000 requests
[0;35m[MEASURE][0m dy-erlang-pure-28-4-3 | Docker start + HTTP readiness wait …
[0;35m[MEASURE][0m dy-erlang-pure-28-4-3 | Scaphandre power sampling + HTTP load | 10000 GET → http://localhost:8001/
[0;35m[MEASURE][0m dy-erlang-pure-28-4-3 | stopping Scaphandre + appending CSV …
[0;35m[MEASURE][0m dy-erlang-pure-28-4-3 | 9999/10000 | 7.6s | 1312 req/s | results/2026-05-07_142551/dynamic/dy-erlang-pure-28-4-3.csv
[0;36m[PROGRESS][0m 279/406 (68%) | elapsed 6h27m | ETA ~2h56m | remaining 127 | dynamic HTTP | dy-erlang-pure-28-4-3 | level 6/13 | 15000 requests
[0;35m[MEASURE][0m dy-erlang-pure-28-4-3 | Docker start + HTTP readiness wait …
[0;35m[MEASURE][0m dy-erlang-pure-28-4-3 | Scaphandre power sampling + HTTP load | 15000 GET → http://localhost:8001/
[0;35m[MEASURE][0m dy-erlang-pure-28-4-3 | stopping Scaphandre + appending CSV …
[0;35m[MEASURE][0m dy-erlang-pure-28-4-3 | [0;32m15000/15000 ok[0m | 12.1s | 1242 req/s | results/2026-05-07_142551/dynamic/dy-erlang-pure-28-4-3.csv
[0;36m[PROGRESS][0m 280/406 (68%) | elapsed 6h28m | ETA ~2h54m | remaining 126 | dynamic HTTP | dy-erlang-pure-28-4-3 | level 7/13 | 20000 requests
[0;35m[MEASURE][0m dy-erlang-pure-28-4-3 | Docker start + HTTP readiness wait …
[0;35m[MEASURE][0m dy-erlang-pure-28-4-3 | Scaphandre power sampling + HTTP load | 20000 GET → http://localhost:8001/
[0;35m[MEASURE][0m dy-erlang-pure-28-4-3 | stopping Scaphandre + appending CSV …
[0;35m[MEASURE][0m dy-erlang-pure-28-4-3 | [0;32m20000/20000 ok[0m | 16.5s | 1211 req/s | results/2026-05-07_142551/dynamic/dy-erlang-pure-28-4-3.csv
[0;36m[PROGRESS][0m 281/406 (69%) | elapsed 6h29m | ETA ~2h53m | remaining 125 | dynamic HTTP | dy-erlang-pure-28-4-3 | level 8/13 | 30000 requests
[0;35m[MEASURE][0m dy-erlang-pure-28-4-3 | Docker start + HTTP readiness wait …
[0;35m[MEASURE][0m dy-erlang-pure-28-4-3 | Scaphandre power sampling + HTTP load | 30000 GET → http://localhost:8001/
[0;35m[MEASURE][0m dy-erlang-pure-28-4-3 | stopping Scaphandre + appending CSV …
[0;35m[MEASURE][0m dy-erlang-pure-28-4-3 | [0;32m30000/30000 ok[0m | 26.0s | 1155 req/s | results/2026-05-07_142551/dynamic/dy-erlang-pure-28-4-3.csv
[0;36m[PROGRESS][0m 282/406 (69%) | elapsed 6h30m | ETA ~2h51m | remaining 124 | dynamic HTTP | dy-erlang-pure-28-4-3 | level 9/13 | 40000 requests
[0;35m[MEASURE][0m dy-erlang-pure-28-4-3 | Docker start + HTTP readiness wait …
[0;35m[MEASURE][0m dy-erlang-pure-28-4-3 | Scaphandre power sampling + HTTP load | 40000 GET → http://localhost:8001/
[0;35m[MEASURE][0m dy-erlang-pure-28-4-3 | stopping Scaphandre + appending CSV …
[0;35m[MEASURE][0m dy-erlang-pure-28-4-3 | [0;32m40000/40000 ok[0m | 34.4s | 1163 req/s | results/2026-05-07_142551/dynamic/dy-erlang-pure-28-4-3.csv
[0;36m[PROGRESS][0m 283/406 (69%) | elapsed 6h31m | ETA ~2h50m | remaining 123 | dynamic HTTP | dy-erlang-pure-28-4-3 | level 10/13 | 50000 requests
[0;35m[MEASURE][0m dy-erlang-pure-28-4-3 | Docker start + HTTP readiness wait …
[0;35m[MEASURE][0m dy-erlang-pure-28-4-3 | Scaphandre power sampling + HTTP load | 50000 GET → http://localhost:8001/
[0;35m[MEASURE][0m dy-erlang-pure-28-4-3 | stopping Scaphandre + appending CSV …
[0;35m[MEASURE][0m dy-erlang-pure-28-4-3 | [0;32m50000/50000 ok[0m | 43.2s | 1156 req/s | results/2026-05-07_142551/dynamic/dy-erlang-pure-28-4-3.csv
[0;36m[PROGRESS][0m 284/406 (69%) | elapsed 6h33m | ETA ~2h48m | remaining 122 | dynamic HTTP | dy-erlang-pure-28-4-3 | level 11/13 | 60000 requests
[0;35m[MEASURE][0m dy-erlang-pure-28-4-3 | Docker start + HTTP readiness wait …
[0;35m[MEASURE][0m dy-erlang-pure-28-4-3 | Scaphandre power sampling + HTTP load | 60000 GET → http://localhost:8001/
[0;35m[MEASURE][0m dy-erlang-pure-28-4-3 | stopping Scaphandre + appending CSV …
[0;35m[MEASURE][0m dy-erlang-pure-28-4-3 | 59978/60000 | 51.7s | 1160 req/s | results/2026-05-07_142551/dynamic/dy-erlang-pure-28-4-3.csv
[0;36m[PROGRESS][0m 285/406 (70%) | elapsed 6h34m | ETA ~2h47m | remaining 121 | dynamic HTTP | dy-erlang-pure-28-4-3 | level 12/13 | 70000 requests
[0;35m[MEASURE][0m dy-erlang-pure-28-4-3 | Docker start + HTTP readiness wait …
[0;35m[MEASURE][0m dy-erlang-pure-28-4-3 | Scaphandre power sampling + HTTP load | 70000 GET → http://localhost:8001/
[0;35m[MEASURE][0m dy-erlang-pure-28-4-3 | HTTP requests 69353/70000 (60s elapsed)
[0;35m[MEASURE][0m dy-erlang-pure-28-4-3 | stopping Scaphandre + appending CSV …
[0;35m[MEASURE][0m dy-erlang-pure-28-4-3 | 69953/70000 | 61.6s | 1137 req/s | results/2026-05-07_142551/dynamic/dy-erlang-pure-28-4-3.csv
[0;36m[PROGRESS][0m 286/406 (70%) | elapsed 6h36m | ETA ~2h46m | remaining 120 | dynamic HTTP | dy-erlang-pure-28-4-3 | level 13/13 | 80000 requests
[0;35m[MEASURE][0m dy-erlang-pure-28-4-3 | Docker start + HTTP readiness wait …
[0;35m[MEASURE][0m dy-erlang-pure-28-4-3 | Scaphandre power sampling + HTTP load | 80000 GET → http://localhost:8001/
[0;35m[MEASURE][0m dy-erlang-pure-28-4-3 | HTTP requests 69656/80000 (60s elapsed)
[0;35m[MEASURE][0m dy-erlang-pure-28-4-3 | stopping Scaphandre + appending CSV …
[0;35m[MEASURE][0m dy-erlang-pure-28-4-3 | 79955/80000 | 72.8s | 1098 req/s | results/2026-05-07_142551/dynamic/dy-erlang-pure-28-4-3.csv

[0;34m=== WebSocket Tests ===[0m
Running WebSocket tests for ws-elixir-bandit-1-8-5 on port 8001
[0;36m[PROGRESS][0m 287/406 (70%) | elapsed 6h38m | ETA ~2h45m | remaining 119 | WebSocket burst/stream | ws-elixir-bandit-1-8-5 | BURST 1/9 | clients=5 size_kb=8 bursts=3 interval=0.5s
[0;35m[MEASURE][0m ws-elixir-bandit-1-8-5 | Docker start + WebSocket readiness wait …
[0;35m[MEASURE][0m ws-elixir-bandit-1-8-5 | Scaphandre power sampling + WebSocket load | burst | clients=5 size_kb=8 bursts=3 interval=0.5s
[0;35m[MEASURE][0m ws-elixir-bandit-1-8-5 | stopping Scaphandre + appending CSV …
[0;35m[MEASURE][0m ws-elixir-bandit-1-8-5 | [0;32m15/15 ok[0m | 1.5s | 10 msg/s | results/2026-05-07_142551/websocket/ws-elixir-bandit-1-8-5_burst.csv
[0;36m[PROGRESS][0m 288/406 (70%) | elapsed 6h39m | ETA ~2h43m | remaining 118 | WebSocket burst/stream | ws-elixir-bandit-1-8-5 | BURST 2/9 | clients=5 size_kb=1024 bursts=3 interval=0.5s
[0;35m[MEASURE][0m ws-elixir-bandit-1-8-5 | Docker start + WebSocket readiness wait …
[0;35m[MEASURE][0m ws-elixir-bandit-1-8-5 | Scaphandre power sampling + WebSocket load | burst | clients=5 size_kb=1024 bursts=3 interval=0.5s
[0;35m[MEASURE][0m ws-elixir-bandit-1-8-5 | stopping Scaphandre + appending CSV …
[0;35m[MEASURE][0m ws-elixir-bandit-1-8-5 | [0;32m15/15 ok[0m | 1.6s | 10 msg/s | results/2026-05-07_142551/websocket/ws-elixir-bandit-1-8-5_burst.csv
[0;36m[PROGRESS][0m 289/406 (71%) | elapsed 6h40m | ETA ~2h41m | remaining 117 | WebSocket burst/stream | ws-elixir-bandit-1-8-5 | BURST 3/9 | clients=5 size_kb=65536 bursts=3 interval=0.5s
[0;35m[MEASURE][0m ws-elixir-bandit-1-8-5 | Docker start + WebSocket readiness wait …
[0;35m[MEASURE][0m ws-elixir-bandit-1-8-5 | Scaphandre power sampling + WebSocket load | burst | clients=5 size_kb=65536 bursts=3 interval=0.5s
[0;35m[MEASURE][0m ws-elixir-bandit-1-8-5 | stopping Scaphandre + appending CSV …
[0;35m[MEASURE][0m ws-elixir-bandit-1-8-5 | [0;32m15/15 ok[0m | 3.6s | 4 msg/s | results/2026-05-07_142551/websocket/ws-elixir-bandit-1-8-5_burst.csv
[0;36m[PROGRESS][0m 290/406 (71%) | elapsed 6h40m | ETA ~2h40m | remaining 116 | WebSocket burst/stream | ws-elixir-bandit-1-8-5 | BURST 4/9 | clients=50 size_kb=8 bursts=3 interval=0.5s
[0;35m[MEASURE][0m ws-elixir-bandit-1-8-5 | Docker start + WebSocket readiness wait …
[0;35m[MEASURE][0m ws-elixir-bandit-1-8-5 | Scaphandre power sampling + WebSocket load | burst | clients=50 size_kb=8 bursts=3 interval=0.5s
[0;35m[MEASURE][0m ws-elixir-bandit-1-8-5 | stopping Scaphandre + appending CSV …
[0;35m[MEASURE][0m ws-elixir-bandit-1-8-5 | [0;32m150/150 ok[0m | 1.6s | 92 msg/s | results/2026-05-07_142551/websocket/ws-elixir-bandit-1-8-5_burst.csv
[0;36m[PROGRESS][0m 291/406 (71%) | elapsed 6h41m | ETA ~2h38m | remaining 115 | WebSocket burst/stream | ws-elixir-bandit-1-8-5 | BURST 5/9 | clients=50 size_kb=1024 bursts=3 interval=0.5s
[0;35m[MEASURE][0m ws-elixir-bandit-1-8-5 | Docker start + WebSocket readiness wait …
[0;35m[MEASURE][0m ws-elixir-bandit-1-8-5 | Scaphandre power sampling + WebSocket load | burst | clients=50 size_kb=1024 bursts=3 interval=0.5s
[0;35m[MEASURE][0m ws-elixir-bandit-1-8-5 | stopping Scaphandre + appending CSV …
[0;35m[MEASURE][0m ws-elixir-bandit-1-8-5 | [0;32m150/150 ok[0m | 2.0s | 75 msg/s | results/2026-05-07_142551/websocket/ws-elixir-bandit-1-8-5_burst.csv
[0;36m[PROGRESS][0m 292/406 (71%) | elapsed 6h42m | ETA ~2h37m | remaining 114 | WebSocket burst/stream | ws-elixir-bandit-1-8-5 | BURST 6/9 | clients=50 size_kb=65536 bursts=3 interval=0.5s
[0;35m[MEASURE][0m ws-elixir-bandit-1-8-5 | Docker start + WebSocket readiness wait …
[0;35m[MEASURE][0m ws-elixir-bandit-1-8-5 | Scaphandre power sampling + WebSocket load | burst | clients=50 size_kb=65536 bursts=3 interval=0.5s
[0;35m[MEASURE][0m ws-elixir-bandit-1-8-5 | stopping Scaphandre + appending CSV …
[0;35m[MEASURE][0m ws-elixir-bandit-1-8-5 | [0;32m150/150 ok[0m | 24.3s | 6 msg/s | results/2026-05-07_142551/websocket/ws-elixir-bandit-1-8-5_burst.csv
[0;36m[PROGRESS][0m 293/406 (72%) | elapsed 6h43m | ETA ~2h35m | remaining 113 | WebSocket burst/stream | ws-elixir-bandit-1-8-5 | BURST 7/9 | clients=100 size_kb=8 bursts=3 interval=0.5s
[0;35m[MEASURE][0m ws-elixir-bandit-1-8-5 | Docker start + WebSocket readiness wait …
[0;35m[MEASURE][0m ws-elixir-bandit-1-8-5 | Scaphandre power sampling + WebSocket load | burst | clients=100 size_kb=8 bursts=3 interval=0.5s
[0;35m[MEASURE][0m ws-elixir-bandit-1-8-5 | stopping Scaphandre + appending CSV …
[0;35m[MEASURE][0m ws-elixir-bandit-1-8-5 | [0;32m300/300 ok[0m | 1.7s | 175 msg/s | results/2026-05-07_142551/websocket/ws-elixir-bandit-1-8-5_burst.csv
[0;36m[PROGRESS][0m 294/406 (72%) | elapsed 6h44m | ETA ~2h34m | remaining 112 | WebSocket burst/stream | ws-elixir-bandit-1-8-5 | BURST 8/9 | clients=100 size_kb=1024 bursts=3 interval=0.5s
[0;35m[MEASURE][0m ws-elixir-bandit-1-8-5 | Docker start + WebSocket readiness wait …
[0;35m[MEASURE][0m ws-elixir-bandit-1-8-5 | Scaphandre power sampling + WebSocket load | burst | clients=100 size_kb=1024 bursts=3 interval=0.5s
[0;35m[MEASURE][0m ws-elixir-bandit-1-8-5 | stopping Scaphandre + appending CSV …
[0;35m[MEASURE][0m ws-elixir-bandit-1-8-5 | [0;32m300/300 ok[0m | 2.4s | 125 msg/s | results/2026-05-07_142551/websocket/ws-elixir-bandit-1-8-5_burst.csv
[0;36m[PROGRESS][0m 295/406 (72%) | elapsed 6h45m | ETA ~2h32m | remaining 111 | WebSocket burst/stream | ws-elixir-bandit-1-8-5 | BURST 9/9 | clients=100 size_kb=65536 bursts=3 interval=0.5s
[0;35m[MEASURE][0m ws-elixir-bandit-1-8-5 | Docker start + WebSocket readiness wait …
[0;35m[MEASURE][0m ws-elixir-bandit-1-8-5 | Scaphandre power sampling + WebSocket load | burst | clients=100 size_kb=65536 bursts=3 interval=0.5s
[0;35m[MEASURE][0m ws-elixir-bandit-1-8-5 | WebSocket messages 119 (60s elapsed)
[0;35m[MEASURE][0m ws-elixir-bandit-1-8-5 | stopping Scaphandre + appending CSV …
[0;35m[MEASURE][0m ws-elixir-bandit-1-8-5 | [0;32m300/300 ok[0m | 102.0s | 3 msg/s | results/2026-05-07_142551/websocket/ws-elixir-bandit-1-8-5_burst.csv
[0;36m[PROGRESS][0m 296/406 (72%) | elapsed 6h47m | ETA ~2h31m | remaining 110 | WebSocket burst/stream | ws-elixir-bandit-1-8-5 | STREAM 1/9 | clients=5 size_kb=8 rate=10 duration=5s
[0;35m[MEASURE][0m ws-elixir-bandit-1-8-5 | Docker start + WebSocket readiness wait …
[0;35m[MEASURE][0m ws-elixir-bandit-1-8-5 | Scaphandre power sampling + WebSocket load | stream | clients=5 size_kb=8 rate=10/s duration=5s
[0;35m[MEASURE][0m ws-elixir-bandit-1-8-5 | stopping Scaphandre + appending CSV …
[0;35m[MEASURE][0m ws-elixir-bandit-1-8-5 | [0;32m245/245 ok[0m | 5.0s | 49 msg/s | results/2026-05-07_142551/websocket/ws-elixir-bandit-1-8-5_stream.csv
[0;36m[PROGRESS][0m 297/406 (73%) | elapsed 6h48m | ETA ~2h29m | remaining 109 | WebSocket burst/stream | ws-elixir-bandit-1-8-5 | STREAM 2/9 | clients=5 size_kb=1024 rate=10 duration=5s
[0;35m[MEASURE][0m ws-elixir-bandit-1-8-5 | Docker start + WebSocket readiness wait …
[0;35m[MEASURE][0m ws-elixir-bandit-1-8-5 | Scaphandre power sampling + WebSocket load | stream | clients=5 size_kb=1024 rate=10/s duration=5s
[0;35m[MEASURE][0m ws-elixir-bandit-1-8-5 | stopping Scaphandre + appending CSV …
[0;35m[MEASURE][0m ws-elixir-bandit-1-8-5 | [0;32m206/206 ok[0m | 5.1s | 40 msg/s | results/2026-05-07_142551/websocket/ws-elixir-bandit-1-8-5_stream.csv
[0;36m[PROGRESS][0m 298/406 (73%) | elapsed 6h49m | ETA ~2h28m | remaining 108 | WebSocket burst/stream | ws-elixir-bandit-1-8-5 | STREAM 3/9 | clients=5 size_kb=65536 rate=10 duration=5s
[0;35m[MEASURE][0m ws-elixir-bandit-1-8-5 | Docker start + WebSocket readiness wait …
[0;35m[MEASURE][0m ws-elixir-bandit-1-8-5 | Scaphandre power sampling + WebSocket load | stream | clients=5 size_kb=65536 rate=10/s duration=5s
[0;35m[MEASURE][0m ws-elixir-bandit-1-8-5 | stopping Scaphandre + appending CSV …
[0;35m[MEASURE][0m ws-elixir-bandit-1-8-5 | [0;32m40/40 ok[0m | 5.7s | 7 msg/s | results/2026-05-07_142551/websocket/ws-elixir-bandit-1-8-5_stream.csv
[0;36m[PROGRESS][0m 299/406 (73%) | elapsed 6h50m | ETA ~2h26m | remaining 107 | WebSocket burst/stream | ws-elixir-bandit-1-8-5 | STREAM 4/9 | clients=50 size_kb=8 rate=10 duration=5s
[0;35m[MEASURE][0m ws-elixir-bandit-1-8-5 | Docker start + WebSocket readiness wait …
[0;35m[MEASURE][0m ws-elixir-bandit-1-8-5 | Scaphandre power sampling + WebSocket load | stream | clients=50 size_kb=8 rate=10/s duration=5s
[0;35m[MEASURE][0m ws-elixir-bandit-1-8-5 | stopping Scaphandre + appending CSV …
[0;35m[MEASURE][0m ws-elixir-bandit-1-8-5 | [0;32m2450/2450 ok[0m | 5.2s | 471 msg/s | results/2026-05-07_142551/websocket/ws-elixir-bandit-1-8-5_stream.csv
[0;36m[PROGRESS][0m 300/406 (73%) | elapsed 6h50m | ETA ~2h25m | remaining 106 | WebSocket burst/stream | ws-elixir-bandit-1-8-5 | STREAM 5/9 | clients=50 size_kb=1024 rate=10 duration=5s
[0;35m[MEASURE][0m ws-elixir-bandit-1-8-5 | Docker start + WebSocket readiness wait …
[0;35m[MEASURE][0m ws-elixir-bandit-1-8-5 | Scaphandre power sampling + WebSocket load | stream | clients=50 size_kb=1024 rate=10/s duration=5s
[0;35m[MEASURE][0m ws-elixir-bandit-1-8-5 | stopping Scaphandre + appending CSV …
[0;35m[MEASURE][0m ws-elixir-bandit-1-8-5 | [0;32m1620/1620 ok[0m | 5.3s | 305 msg/s | results/2026-05-07_142551/websocket/ws-elixir-bandit-1-8-5_stream.csv
[0;36m[PROGRESS][0m 301/406 (74%) | elapsed 6h51m | ETA ~2h23m | remaining 105 | WebSocket burst/stream | ws-elixir-bandit-1-8-5 | STREAM 6/9 | clients=50 size_kb=65536 rate=10 duration=5s
[0;35m[MEASURE][0m ws-elixir-bandit-1-8-5 | Docker start + WebSocket readiness wait …
[0;35m[MEASURE][0m ws-elixir-bandit-1-8-5 | Scaphandre power sampling + WebSocket load | stream | clients=50 size_kb=65536 rate=10/s duration=5s
[0;35m[MEASURE][0m ws-elixir-bandit-1-8-5 | stopping Scaphandre + appending CSV …
[0;35m[MEASURE][0m ws-elixir-bandit-1-8-5 | [0;32m51/51 ok[0m | 11.6s | 4 msg/s | results/2026-05-07_142551/websocket/ws-elixir-bandit-1-8-5_stream.csv
[0;36m[PROGRESS][0m 302/406 (74%) | elapsed 6h52m | ETA ~2h22m | remaining 104 | WebSocket burst/stream | ws-elixir-bandit-1-8-5 | STREAM 7/9 | clients=100 size_kb=8 rate=10 duration=5s
[0;35m[MEASURE][0m ws-elixir-bandit-1-8-5 | Docker start + WebSocket readiness wait …
[0;35m[MEASURE][0m ws-elixir-bandit-1-8-5 | Scaphandre power sampling + WebSocket load | stream | clients=100 size_kb=8 rate=10/s duration=5s
[0;35m[MEASURE][0m ws-elixir-bandit-1-8-5 | stopping Scaphandre + appending CSV …
[0;35m[MEASURE][0m ws-elixir-bandit-1-8-5 | [0;32m4882/4882 ok[0m | 5.3s | 923 msg/s | results/2026-05-07_142551/websocket/ws-elixir-bandit-1-8-5_stream.csv
[0;36m[PROGRESS][0m 303/406 (74%) | elapsed 6h53m | ETA ~2h20m | remaining 103 | WebSocket burst/stream | ws-elixir-bandit-1-8-5 | STREAM 8/9 | clients=100 size_kb=1024 rate=10 duration=5s
[0;35m[MEASURE][0m ws-elixir-bandit-1-8-5 | Docker start + WebSocket readiness wait …
[0;35m[MEASURE][0m ws-elixir-bandit-1-8-5 | Scaphandre power sampling + WebSocket load | stream | clients=100 size_kb=1024 rate=10/s duration=5s
[0;35m[MEASURE][0m ws-elixir-bandit-1-8-5 | stopping Scaphandre + appending CSV …
[0;35m[MEASURE][0m ws-elixir-bandit-1-8-5 | [0;32m2756/2756 ok[0m | 5.5s | 506 msg/s | results/2026-05-07_142551/websocket/ws-elixir-bandit-1-8-5_stream.csv
[0;36m[PROGRESS][0m 304/406 (74%) | elapsed 6h54m | ETA ~2h19m | remaining 102 | WebSocket burst/stream | ws-elixir-bandit-1-8-5 | STREAM 9/9 | clients=100 size_kb=65536 rate=10 duration=5s
[0;35m[MEASURE][0m ws-elixir-bandit-1-8-5 | Docker start + WebSocket readiness wait …
[0;35m[MEASURE][0m ws-elixir-bandit-1-8-5 | Scaphandre power sampling + WebSocket load | stream | clients=100 size_kb=65536 rate=10/s duration=5s
[0;35m[MEASURE][0m ws-elixir-bandit-1-8-5 | stopping Scaphandre + appending CSV …
[0;35m[MEASURE][0m ws-elixir-bandit-1-8-5 | [0;32m100/100 ok[0m | 24.2s | 4 msg/s | results/2026-05-07_142551/websocket/ws-elixir-bandit-1-8-5_stream.csv
Running WebSocket tests for ws-elixir-cowboy-1-19-5 on port 8001
[0;36m[PROGRESS][0m 305/406 (75%) | elapsed 6h55m | ETA ~2h17m | remaining 101 | WebSocket burst/stream | ws-elixir-cowboy-1-19-5 | BURST 1/9 | clients=5 size_kb=8 bursts=3 interval=0.5s
[0;35m[MEASURE][0m ws-elixir-cowboy-1-19-5 | Docker start + WebSocket readiness wait …
[0;35m[MEASURE][0m ws-elixir-cowboy-1-19-5 | Scaphandre power sampling + WebSocket load | burst | clients=5 size_kb=8 bursts=3 interval=0.5s
[0;35m[MEASURE][0m ws-elixir-cowboy-1-19-5 | stopping Scaphandre + appending CSV …
[0;35m[MEASURE][0m ws-elixir-cowboy-1-19-5 | [0;32m15/15 ok[0m | 1.5s | 10 msg/s | results/2026-05-07_142551/websocket/ws-elixir-cowboy-1-19-5_burst.csv
[0;36m[PROGRESS][0m 306/406 (75%) | elapsed 6h56m | ETA ~2h16m | remaining 100 | WebSocket burst/stream | ws-elixir-cowboy-1-19-5 | BURST 2/9 | clients=5 size_kb=1024 bursts=3 interval=0.5s
[0;35m[MEASURE][0m ws-elixir-cowboy-1-19-5 | Docker start + WebSocket readiness wait …
[0;35m[MEASURE][0m ws-elixir-cowboy-1-19-5 | Scaphandre power sampling + WebSocket load | burst | clients=5 size_kb=1024 bursts=3 interval=0.5s
[0;35m[MEASURE][0m ws-elixir-cowboy-1-19-5 | stopping Scaphandre + appending CSV …
[0;35m[MEASURE][0m ws-elixir-cowboy-1-19-5 | [0;32m15/15 ok[0m | 1.6s | 10 msg/s | results/2026-05-07_142551/websocket/ws-elixir-cowboy-1-19-5_burst.csv
[0;36m[PROGRESS][0m 307/406 (75%) | elapsed 6h57m | ETA ~2h14m | remaining 99 | WebSocket burst/stream | ws-elixir-cowboy-1-19-5 | BURST 3/9 | clients=5 size_kb=65536 bursts=3 interval=0.5s
[0;35m[MEASURE][0m ws-elixir-cowboy-1-19-5 | Docker start + WebSocket readiness wait …
[0;35m[MEASURE][0m ws-elixir-cowboy-1-19-5 | Scaphandre power sampling + WebSocket load | burst | clients=5 size_kb=65536 bursts=3 interval=0.5s
[0;35m[MEASURE][0m ws-elixir-cowboy-1-19-5 | stopping Scaphandre + appending CSV …
[0;35m[MEASURE][0m ws-elixir-cowboy-1-19-5 | [0;32m15/15 ok[0m | 3.3s | 4 msg/s | results/2026-05-07_142551/websocket/ws-elixir-cowboy-1-19-5_burst.csv
[0;36m[PROGRESS][0m 308/406 (75%) | elapsed 6h57m | ETA ~2h12m | remaining 98 | WebSocket burst/stream | ws-elixir-cowboy-1-19-5 | BURST 4/9 | clients=50 size_kb=8 bursts=3 interval=0.5s
[0;35m[MEASURE][0m ws-elixir-cowboy-1-19-5 | Docker start + WebSocket readiness wait …
[0;35m[MEASURE][0m ws-elixir-cowboy-1-19-5 | Scaphandre power sampling + WebSocket load | burst | clients=50 size_kb=8 bursts=3 interval=0.5s
[0;35m[MEASURE][0m ws-elixir-cowboy-1-19-5 | stopping Scaphandre + appending CSV …
[0;35m[MEASURE][0m ws-elixir-cowboy-1-19-5 | [0;32m150/150 ok[0m | 1.6s | 92 msg/s | results/2026-05-07_142551/websocket/ws-elixir-cowboy-1-19-5_burst.csv
[0;36m[PROGRESS][0m 309/406 (76%) | elapsed 6h58m | ETA ~2h11m | remaining 97 | WebSocket burst/stream | ws-elixir-cowboy-1-19-5 | BURST 5/9 | clients=50 size_kb=1024 bursts=3 interval=0.5s
[0;35m[MEASURE][0m ws-elixir-cowboy-1-19-5 | Docker start + WebSocket readiness wait …
[0;35m[MEASURE][0m ws-elixir-cowboy-1-19-5 | Scaphandre power sampling + WebSocket load | burst | clients=50 size_kb=1024 bursts=3 interval=0.5s
[0;35m[MEASURE][0m ws-elixir-cowboy-1-19-5 | stopping Scaphandre + appending CSV …
[0;35m[MEASURE][0m ws-elixir-cowboy-1-19-5 | [0;32m150/150 ok[0m | 1.9s | 78 msg/s | results/2026-05-07_142551/websocket/ws-elixir-cowboy-1-19-5_burst.csv
[0;36m[PROGRESS][0m 310/406 (76%) | elapsed 6h59m | ETA ~2h09m | remaining 96 | WebSocket burst/stream | ws-elixir-cowboy-1-19-5 | BURST 6/9 | clients=50 size_kb=65536 bursts=3 interval=0.5s
[0;35m[MEASURE][0m ws-elixir-cowboy-1-19-5 | Docker start + WebSocket readiness wait …
[0;35m[MEASURE][0m ws-elixir-cowboy-1-19-5 | Scaphandre power sampling + WebSocket load | burst | clients=50 size_kb=65536 bursts=3 interval=0.5s
[0;35m[MEASURE][0m ws-elixir-cowboy-1-19-5 | stopping Scaphandre + appending CSV …
[0;35m[MEASURE][0m ws-elixir-cowboy-1-19-5 | [0;32m150/150 ok[0m | 23.7s | 6 msg/s | results/2026-05-07_142551/websocket/ws-elixir-cowboy-1-19-5_burst.csv
[0;36m[PROGRESS][0m 311/406 (76%) | elapsed 7h00m | ETA ~2h08m | remaining 95 | WebSocket burst/stream | ws-elixir-cowboy-1-19-5 | BURST 7/9 | clients=100 size_kb=8 bursts=3 interval=0.5s
[0;35m[MEASURE][0m ws-elixir-cowboy-1-19-5 | Docker start + WebSocket readiness wait …
[0;35m[MEASURE][0m ws-elixir-cowboy-1-19-5 | Scaphandre power sampling + WebSocket load | burst | clients=100 size_kb=8 bursts=3 interval=0.5s
[0;35m[MEASURE][0m ws-elixir-cowboy-1-19-5 | stopping Scaphandre + appending CSV …
[0;35m[MEASURE][0m ws-elixir-cowboy-1-19-5 | [0;32m300/300 ok[0m | 1.7s | 172 msg/s | results/2026-05-07_142551/websocket/ws-elixir-cowboy-1-19-5_burst.csv
[0;36m[PROGRESS][0m 312/406 (76%) | elapsed 7h01m | ETA ~2h06m | remaining 94 | WebSocket burst/stream | ws-elixir-cowboy-1-19-5 | BURST 8/9 | clients=100 size_kb=1024 bursts=3 interval=0.5s
[0;35m[MEASURE][0m ws-elixir-cowboy-1-19-5 | Docker start + WebSocket readiness wait …
[0;35m[MEASURE][0m ws-elixir-cowboy-1-19-5 | Scaphandre power sampling + WebSocket load | burst | clients=100 size_kb=1024 bursts=3 interval=0.5s
[0;35m[MEASURE][0m ws-elixir-cowboy-1-19-5 | stopping Scaphandre + appending CSV …
[0;35m[MEASURE][0m ws-elixir-cowboy-1-19-5 | [0;32m300/300 ok[0m | 2.3s | 131 msg/s | results/2026-05-07_142551/websocket/ws-elixir-cowboy-1-19-5_burst.csv
[0;36m[PROGRESS][0m 313/406 (77%) | elapsed 7h02m | ETA ~2h05m | remaining 93 | WebSocket burst/stream | ws-elixir-cowboy-1-19-5 | BURST 9/9 | clients=100 size_kb=65536 bursts=3 interval=0.5s
[0;35m[MEASURE][0m ws-elixir-cowboy-1-19-5 | Docker start + WebSocket readiness wait …
[0;35m[MEASURE][0m ws-elixir-cowboy-1-19-5 | Scaphandre power sampling + WebSocket load | burst | clients=100 size_kb=65536 bursts=3 interval=0.5s
[0;35m[MEASURE][0m ws-elixir-cowboy-1-19-5 | stopping Scaphandre + appending CSV …
[0;35m[MEASURE][0m ws-elixir-cowboy-1-19-5 | [0;32m300/300 ok[0m | 59.8s | 5 msg/s | results/2026-05-07_142551/websocket/ws-elixir-cowboy-1-19-5_burst.csv
[0;36m[PROGRESS][0m 314/406 (77%) | elapsed 7h03m | ETA ~2h04m | remaining 92 | WebSocket burst/stream | ws-elixir-cowboy-1-19-5 | STREAM 1/9 | clients=5 size_kb=8 rate=10 duration=5s
[0;35m[MEASURE][0m ws-elixir-cowboy-1-19-5 | Docker start + WebSocket readiness wait …
[0;35m[MEASURE][0m ws-elixir-cowboy-1-19-5 | Scaphandre power sampling + WebSocket load | stream | clients=5 size_kb=8 rate=10/s duration=5s
[0;35m[MEASURE][0m ws-elixir-cowboy-1-19-5 | stopping Scaphandre + appending CSV …
[0;35m[MEASURE][0m ws-elixir-cowboy-1-19-5 | [0;32m245/245 ok[0m | 5.0s | 49 msg/s | results/2026-05-07_142551/websocket/ws-elixir-cowboy-1-19-5_stream.csv
[0;36m[PROGRESS][0m 315/406 (77%) | elapsed 7h04m | ETA ~2h02m | remaining 91 | WebSocket burst/stream | ws-elixir-cowboy-1-19-5 | STREAM 2/9 | clients=5 size_kb=1024 rate=10 duration=5s
[0;35m[MEASURE][0m ws-elixir-cowboy-1-19-5 | Docker start + WebSocket readiness wait …
[0;35m[MEASURE][0m ws-elixir-cowboy-1-19-5 | Scaphandre power sampling + WebSocket load | stream | clients=5 size_kb=1024 rate=10/s duration=5s
[0;35m[MEASURE][0m ws-elixir-cowboy-1-19-5 | stopping Scaphandre + appending CSV …
[0;35m[MEASURE][0m ws-elixir-cowboy-1-19-5 | [0;32m225/225 ok[0m | 5.1s | 44 msg/s | results/2026-05-07_142551/websocket/ws-elixir-cowboy-1-19-5_stream.csv
[0;36m[PROGRESS][0m 316/406 (77%) | elapsed 7h05m | ETA ~2h01m | remaining 90 | WebSocket burst/stream | ws-elixir-cowboy-1-19-5 | STREAM 3/9 | clients=5 size_kb=65536 rate=10 duration=5s
[0;35m[MEASURE][0m ws-elixir-cowboy-1-19-5 | Docker start + WebSocket readiness wait …
[0;35m[MEASURE][0m ws-elixir-cowboy-1-19-5 | Scaphandre power sampling + WebSocket load | stream | clients=5 size_kb=65536 rate=10/s duration=5s
[0;35m[MEASURE][0m ws-elixir-cowboy-1-19-5 | stopping Scaphandre + appending CSV …
[0;35m[MEASURE][0m ws-elixir-cowboy-1-19-5 | [0;32m48/48 ok[0m | 5.8s | 8 msg/s | results/2026-05-07_142551/websocket/ws-elixir-cowboy-1-19-5_stream.csv
[0;36m[PROGRESS][0m 317/406 (78%) | elapsed 7h06m | ETA ~1h59m | remaining 89 | WebSocket burst/stream | ws-elixir-cowboy-1-19-5 | STREAM 4/9 | clients=50 size_kb=8 rate=10 duration=5s
[0;35m[MEASURE][0m ws-elixir-cowboy-1-19-5 | Docker start + WebSocket readiness wait …
[0;35m[MEASURE][0m ws-elixir-cowboy-1-19-5 | Scaphandre power sampling + WebSocket load | stream | clients=50 size_kb=8 rate=10/s duration=5s
[0;35m[MEASURE][0m ws-elixir-cowboy-1-19-5 | stopping Scaphandre + appending CSV …
[0;35m[MEASURE][0m ws-elixir-cowboy-1-19-5 | [0;32m2447/2447 ok[0m | 5.2s | 468 msg/s | results/2026-05-07_142551/websocket/ws-elixir-cowboy-1-19-5_stream.csv
[0;36m[PROGRESS][0m 318/406 (78%) | elapsed 7h07m | ETA ~1h58m | remaining 88 | WebSocket burst/stream | ws-elixir-cowboy-1-19-5 | STREAM 5/9 | clients=50 size_kb=1024 rate=10 duration=5s
[0;35m[MEASURE][0m ws-elixir-cowboy-1-19-5 | Docker start + WebSocket readiness wait …
[0;35m[MEASURE][0m ws-elixir-cowboy-1-19-5 | Scaphandre power sampling + WebSocket load | stream | clients=50 size_kb=1024 rate=10/s duration=5s
[0;35m[MEASURE][0m ws-elixir-cowboy-1-19-5 | stopping Scaphandre + appending CSV …
[0;35m[MEASURE][0m ws-elixir-cowboy-1-19-5 | [0;32m1383/1383 ok[0m | 5.3s | 263 msg/s | results/2026-05-07_142551/websocket/ws-elixir-cowboy-1-19-5_stream.csv
[0;36m[PROGRESS][0m 319/406 (78%) | elapsed 7h07m | ETA ~1h56m | remaining 87 | WebSocket burst/stream | ws-elixir-cowboy-1-19-5 | STREAM 6/9 | clients=50 size_kb=65536 rate=10 duration=5s
[0;35m[MEASURE][0m ws-elixir-cowboy-1-19-5 | Docker start + WebSocket readiness wait …
[0;35m[MEASURE][0m ws-elixir-cowboy-1-19-5 | Scaphandre power sampling + WebSocket load | stream | clients=50 size_kb=65536 rate=10/s duration=5s
[0;35m[MEASURE][0m ws-elixir-cowboy-1-19-5 | stopping Scaphandre + appending CSV …
[0;35m[MEASURE][0m ws-elixir-cowboy-1-19-5 | [0;32m53/53 ok[0m | 11.2s | 5 msg/s | results/2026-05-07_142551/websocket/ws-elixir-cowboy-1-19-5_stream.csv
[0;36m[PROGRESS][0m 320/406 (78%) | elapsed 7h08m | ETA ~1h55m | remaining 86 | WebSocket burst/stream | ws-elixir-cowboy-1-19-5 | STREAM 7/9 | clients=100 size_kb=8 rate=10 duration=5s
[0;35m[MEASURE][0m ws-elixir-cowboy-1-19-5 | Docker start + WebSocket readiness wait …
[0;35m[MEASURE][0m ws-elixir-cowboy-1-19-5 | Scaphandre power sampling + WebSocket load | stream | clients=100 size_kb=8 rate=10/s duration=5s
[0;35m[MEASURE][0m ws-elixir-cowboy-1-19-5 | stopping Scaphandre + appending CSV …
[0;35m[MEASURE][0m ws-elixir-cowboy-1-19-5 | [0;32m4885/4885 ok[0m | 5.3s | 923 msg/s | results/2026-05-07_142551/websocket/ws-elixir-cowboy-1-19-5_stream.csv
[0;36m[PROGRESS][0m 321/406 (79%) | elapsed 7h09m | ETA ~1h53m | remaining 85 | WebSocket burst/stream | ws-elixir-cowboy-1-19-5 | STREAM 8/9 | clients=100 size_kb=1024 rate=10 duration=5s
[0;35m[MEASURE][0m ws-elixir-cowboy-1-19-5 | Docker start + WebSocket readiness wait …
[0;35m[MEASURE][0m ws-elixir-cowboy-1-19-5 | Scaphandre power sampling + WebSocket load | stream | clients=100 size_kb=1024 rate=10/s duration=5s
[0;35m[MEASURE][0m ws-elixir-cowboy-1-19-5 | stopping Scaphandre + appending CSV …
[0;35m[MEASURE][0m ws-elixir-cowboy-1-19-5 | [0;32m3207/3207 ok[0m | 5.5s | 583 msg/s | results/2026-05-07_142551/websocket/ws-elixir-cowboy-1-19-5_stream.csv
[0;36m[PROGRESS][0m 322/406 (79%) | elapsed 7h10m | ETA ~1h52m | remaining 84 | WebSocket burst/stream | ws-elixir-cowboy-1-19-5 | STREAM 9/9 | clients=100 size_kb=65536 rate=10 duration=5s
[0;35m[MEASURE][0m ws-elixir-cowboy-1-19-5 | Docker start + WebSocket readiness wait …
[0;35m[MEASURE][0m ws-elixir-cowboy-1-19-5 | Scaphandre power sampling + WebSocket load | stream | clients=100 size_kb=65536 rate=10/s duration=5s
[0;35m[MEASURE][0m ws-elixir-cowboy-1-19-5 | stopping Scaphandre + appending CSV …
[0;35m[MEASURE][0m ws-elixir-cowboy-1-19-5 | [0;32m100/100 ok[0m | 21.8s | 5 msg/s | results/2026-05-07_142551/websocket/ws-elixir-cowboy-1-19-5_stream.csv
Running WebSocket tests for ws-gleam-mist-1-15-2 on port 8001
[0;36m[PROGRESS][0m 323/406 (79%) | elapsed 7h11m | ETA ~1h50m | remaining 83 | WebSocket burst/stream | ws-gleam-mist-1-15-2 | BURST 1/9 | clients=5 size_kb=8 bursts=3 interval=0.5s
[0;35m[MEASURE][0m ws-gleam-mist-1-15-2 | Docker start + WebSocket readiness wait …
[0;35m[MEASURE][0m ws-gleam-mist-1-15-2 | Scaphandre power sampling + WebSocket load | burst | clients=5 size_kb=8 bursts=3 interval=0.5s
[0;35m[MEASURE][0m ws-gleam-mist-1-15-2 | stopping Scaphandre + appending CSV …
[0;35m[MEASURE][0m ws-gleam-mist-1-15-2 | [0;32m15/15 ok[0m | 1.5s | 10 msg/s | results/2026-05-07_142551/websocket/ws-gleam-mist-1-15-2_burst.csv
[0;36m[PROGRESS][0m 324/406 (79%) | elapsed 7h12m | ETA ~1h49m | remaining 82 | WebSocket burst/stream | ws-gleam-mist-1-15-2 | BURST 2/9 | clients=5 size_kb=1024 bursts=3 interval=0.5s
[0;35m[MEASURE][0m ws-gleam-mist-1-15-2 | Docker start + WebSocket readiness wait …
[0;35m[MEASURE][0m ws-gleam-mist-1-15-2 | Scaphandre power sampling + WebSocket load | burst | clients=5 size_kb=1024 bursts=3 interval=0.5s
[0;35m[MEASURE][0m ws-gleam-mist-1-15-2 | stopping Scaphandre + appending CSV …
[0;35m[MEASURE][0m ws-gleam-mist-1-15-2 | [0;32m15/15 ok[0m | 2.6s | 6 msg/s | results/2026-05-07_142551/websocket/ws-gleam-mist-1-15-2_burst.csv
[0;36m[PROGRESS][0m 325/406 (80%) | elapsed 7h13m | ETA ~1h48m | remaining 81 | WebSocket burst/stream | ws-gleam-mist-1-15-2 | BURST 3/9 | clients=5 size_kb=65536 bursts=3 interval=0.5s
[0;35m[MEASURE][0m ws-gleam-mist-1-15-2 | Docker start + WebSocket readiness wait …
[0;35m[MEASURE][0m ws-gleam-mist-1-15-2 | Scaphandre power sampling + WebSocket load | burst | clients=5 size_kb=65536 bursts=3 interval=0.5s
[0;35m[MEASURE][0m ws-gleam-mist-1-15-2 | WebSocket messages 5 (60s elapsed)
[0;35m[MEASURE][0m ws-gleam-mist-1-15-2 | stopping Scaphandre + appending CSV …
[0;35m[MEASURE][0m ws-gleam-mist-1-15-2 | [0;32m15/15 ok[0m | 118.4s | 0 msg/s | results/2026-05-07_142551/websocket/ws-gleam-mist-1-15-2_burst.csv
[0;36m[PROGRESS][0m 326/406 (80%) | elapsed 7h16m | ETA ~1h47m | remaining 80 | WebSocket burst/stream | ws-gleam-mist-1-15-2 | BURST 4/9 | clients=50 size_kb=8 bursts=3 interval=0.5s
[0;35m[MEASURE][0m ws-gleam-mist-1-15-2 | Docker start + WebSocket readiness wait …
[0;35m[MEASURE][0m ws-gleam-mist-1-15-2 | Scaphandre power sampling + WebSocket load | burst | clients=50 size_kb=8 bursts=3 interval=0.5s
[0;35m[MEASURE][0m ws-gleam-mist-1-15-2 | stopping Scaphandre + appending CSV …
[0;35m[MEASURE][0m ws-gleam-mist-1-15-2 | [0;32m150/150 ok[0m | 1.6s | 91 msg/s | results/2026-05-07_142551/websocket/ws-gleam-mist-1-15-2_burst.csv
[0;36m[PROGRESS][0m 327/406 (80%) | elapsed 7h17m | ETA ~1h45m | remaining 79 | WebSocket burst/stream | ws-gleam-mist-1-15-2 | BURST 5/9 | clients=50 size_kb=1024 bursts=3 interval=0.5s
[0;35m[MEASURE][0m ws-gleam-mist-1-15-2 | Docker start + WebSocket readiness wait …
[0;35m[MEASURE][0m ws-gleam-mist-1-15-2 | Scaphandre power sampling + WebSocket load | burst | clients=50 size_kb=1024 bursts=3 interval=0.5s
[0;35m[MEASURE][0m ws-gleam-mist-1-15-2 | stopping Scaphandre + appending CSV …
[0;35m[MEASURE][0m ws-gleam-mist-1-15-2 | [0;32m150/150 ok[0m | 10.9s | 14 msg/s | results/2026-05-07_142551/websocket/ws-gleam-mist-1-15-2_burst.csv
[0;36m[PROGRESS][0m 328/406 (80%) | elapsed 7h18m | ETA ~1h44m | remaining 78 | WebSocket burst/stream | ws-gleam-mist-1-15-2 | BURST 6/9 | clients=50 size_kb=65536 bursts=3 interval=0.5s
[0;35m[MEASURE][0m ws-gleam-mist-1-15-2 | Docker start + WebSocket readiness wait …
[0;35m[MEASURE][0m ws-gleam-mist-1-15-2 | Scaphandre power sampling + WebSocket load | burst | clients=50 size_kb=65536 bursts=3 interval=0.5s
[Client 8] WebSocket connection error: timed out during opening handshake
[Client 10] WebSocket connection error: timed out during opening handshake
[Client 11] WebSocket connection error: timed out during opening handshake
[Client 12] WebSocket connection error: timed out during opening handshake
[Client 13] WebSocket connection error: timed out during opening handshake
[Client 14] WebSocket connection error: timed out during opening handshake
[Client 15] WebSocket connection error: timed out during opening handshake
[Client 16] WebSocket connection error: timed out during opening handshake
[Client 17] WebSocket connection error: timed out during opening handshake
[Client 18] WebSocket connection error: timed out during opening handshake
[Client 19] WebSocket connection error: timed out during opening handshake
[Client 20] WebSocket connection error: timed out during opening handshake
[Client 21] WebSocket connection error: timed out during opening handshake
[Client 22] WebSocket connection error: timed out during opening handshake
[Client 23] WebSocket connection error: timed out during opening handshake
[Client 24] WebSocket connection error: timed out during opening handshake
[Client 25] WebSocket connection error: timed out during opening handshake
[Client 26] WebSocket connection error: timed out during opening handshake
[Client 27] WebSocket connection error: timed out during opening handshake
[Client 28] WebSocket connection error: timed out during opening handshake
[Client 29] WebSocket connection error: timed out during opening handshake
[Client 30] WebSocket connection error: timed out during opening handshake
[Client 31] WebSocket connection error: timed out during opening handshake
[Client 32] WebSocket connection error: timed out during opening handshake
[Client 33] WebSocket connection error: timed out during opening handshake
[Client 34] WebSocket connection error: timed out during opening handshake
[Client 35] WebSocket connection error: timed out during opening handshake
[Client 36] WebSocket connection error: timed out during opening handshake
[Client 37] WebSocket connection error: timed out during opening handshake
[Client 38] WebSocket connection error: timed out during opening handshake
[Client 39] WebSocket connection error: timed out during opening handshake
[Client 40] WebSocket connection error: timed out during opening handshake
[Client 41] WebSocket connection error: timed out during opening handshake
[Client 42] WebSocket connection error: timed out during opening handshake
[Client 43] WebSocket connection error: timed out during opening handshake
[Client 44] WebSocket connection error: timed out during opening handshake
[Client 45] WebSocket connection error: timed out during opening handshake
[Client 46] WebSocket connection error: timed out during opening handshake
[Client 47] WebSocket connection error: timed out during opening handshake
[Client 48] WebSocket connection error: timed out during opening handshake
[Client 49] WebSocket connection error: timed out during opening handshake
[0;35m[MEASURE][0m ws-gleam-mist-1-15-2 | WebSocket messages 123 (60s elapsed)
[0;35m[MEASURE][0m ws-gleam-mist-1-15-2 | WebSocket messages 132 (120s elapsed)
[0;35m[MEASURE][0m ws-gleam-mist-1-15-2 | WebSocket messages 141 (180s elapsed)
[0;35m[MEASURE][0m ws-gleam-mist-1-15-2 | stopping Scaphandre + appending CSV …
[0;35m[MEASURE][0m ws-gleam-mist-1-15-2 | 27/150 | 235.2s | 1 msg/s | results/2026-05-07_142551/websocket/ws-gleam-mist-1-15-2_burst.csv
[0;36m[PROGRESS][0m 329/406 (81%) | elapsed 7h23m | ETA ~1h43m | remaining 77 | WebSocket burst/stream | ws-gleam-mist-1-15-2 | BURST 7/9 | clients=100 size_kb=8 bursts=3 interval=0.5s
[0;35m[MEASURE][0m ws-gleam-mist-1-15-2 | Docker start + WebSocket readiness wait …
[0;35m[MEASURE][0m ws-gleam-mist-1-15-2 | Scaphandre power sampling + WebSocket load | burst | clients=100 size_kb=8 bursts=3 interval=0.5s
[0;35m[MEASURE][0m ws-gleam-mist-1-15-2 | stopping Scaphandre + appending CSV …
[0;35m[MEASURE][0m ws-gleam-mist-1-15-2 | [0;32m300/300 ok[0m | 1.8s | 169 msg/s | results/2026-05-07_142551/websocket/ws-gleam-mist-1-15-2_burst.csv
[0;36m[PROGRESS][0m 330/406 (81%) | elapsed 7h24m | ETA ~1h42m | remaining 76 | WebSocket burst/stream | ws-gleam-mist-1-15-2 | BURST 8/9 | clients=100 size_kb=1024 bursts=3 interval=0.5s
[0;35m[MEASURE][0m ws-gleam-mist-1-15-2 | Docker start + WebSocket readiness wait …
[0;35m[MEASURE][0m ws-gleam-mist-1-15-2 | Scaphandre power sampling + WebSocket load | burst | clients=100 size_kb=1024 bursts=3 interval=0.5s
[0;35m[MEASURE][0m ws-gleam-mist-1-15-2 | stopping Scaphandre + appending CSV …
[0;35m[MEASURE][0m ws-gleam-mist-1-15-2 | [0;32m300/300 ok[0m | 20.9s | 14 msg/s | results/2026-05-07_142551/websocket/ws-gleam-mist-1-15-2_burst.csv
[0;36m[PROGRESS][0m 331/406 (81%) | elapsed 7h25m | ETA ~1h40m | remaining 75 | WebSocket burst/stream | ws-gleam-mist-1-15-2 | BURST 9/9 | clients=100 size_kb=65536 bursts=3 interval=0.5s
[0;35m[MEASURE][0m ws-gleam-mist-1-15-2 | Docker start + WebSocket readiness wait …
[0;35m[MEASURE][0m ws-gleam-mist-1-15-2 | Scaphandre power sampling + WebSocket load | burst | clients=100 size_kb=65536 bursts=3 interval=0.5s
[Client 8] WebSocket connection error: timed out during opening handshake
[Client 9] WebSocket connection error: timed out during opening handshake
[Client 11] WebSocket connection error: timed out during opening handshake
[Client 12] WebSocket connection error: timed out during opening handshake
[Client 13] WebSocket connection error: timed out during opening handshake
[Client 14] WebSocket connection error: timed out during opening handshake
[Client 15] WebSocket connection error: timed out during opening handshake
[Client 16] WebSocket connection error: timed out during opening handshake
[Client 17] WebSocket connection error: timed out during opening handshake
[Client 18] WebSocket connection error: timed out during opening handshake
[Client 19] WebSocket connection error: timed out during opening handshake
[Client 20] WebSocket connection error: timed out during opening handshake
[Client 21] WebSocket connection error: timed out during opening handshake
[Client 22] WebSocket connection error: timed out during opening handshake
[Client 23] WebSocket connection error: timed out during opening handshake
[Client 24] WebSocket connection error: timed out during opening handshake
[Client 25] WebSocket connection error: timed out during opening handshake
[Client 26] WebSocket connection error: timed out during opening handshake
[Client 27] WebSocket connection error: timed out during opening handshake
[Client 28] WebSocket connection error: timed out during opening handshake
[Client 29] WebSocket connection error: timed out during opening handshake
[Client 30] WebSocket connection error: timed out during opening handshake
[Client 31] WebSocket connection error: timed out during opening handshake
[Client 32] WebSocket connection error: timed out during opening handshake
[Client 33] WebSocket connection error: timed out during opening handshake
[Client 34] WebSocket connection error: timed out during opening handshake
[Client 35] WebSocket connection error: timed out during opening handshake
[Client 36] WebSocket connection error: timed out during opening handshake
[Client 37] WebSocket connection error: timed out during opening handshake
[Client 38] WebSocket connection error: timed out during opening handshake
[Client 39] WebSocket connection error: timed out during opening handshake
[Client 40] WebSocket connection error: timed out during opening handshake
[Client 41] WebSocket connection error: timed out during opening handshake
[Client 42] WebSocket connection error: timed out during opening handshake
[Client 43] WebSocket connection error: timed out during opening handshake
[Client 44] WebSocket connection error: timed out during opening handshake
[Client 45] WebSocket connection error: timed out during opening handshake
[Client 46] WebSocket connection error: timed out during opening handshake
[Client 47] WebSocket connection error: timed out during opening handshake
[Client 48] WebSocket connection error: timed out during opening handshake
[Client 49] WebSocket connection error: timed out during opening handshake
[Client 50] WebSocket connection error: timed out during opening handshake
[Client 51] WebSocket connection error: timed out during opening handshake
[Client 52] WebSocket connection error: timed out during opening handshake
[Client 53] WebSocket connection error: timed out during opening handshake
[Client 54] WebSocket connection error: timed out during opening handshake
[Client 55] WebSocket connection error: timed out during opening handshake
[Client 56] WebSocket connection error: timed out during opening handshake
[Client 57] WebSocket connection error: timed out during opening handshake
[Client 58] WebSocket connection error: timed out during opening handshake
[Client 59] WebSocket connection error: timed out during opening handshake
[Client 60] WebSocket connection error: timed out during opening handshake
[Client 61] WebSocket connection error: timed out during opening handshake
[Client 62] WebSocket connection error: timed out during opening handshake
[Client 63] WebSocket connection error: timed out during opening handshake
[Client 64] WebSocket connection error: timed out during opening handshake
[Client 65] WebSocket connection error: timed out during opening handshake
[Client 66] WebSocket connection error: timed out during opening handshake
[Client 67] WebSocket connection error: timed out during opening handshake
[Client 68] WebSocket connection error: timed out during opening handshake
[Client 69] WebSocket connection error: timed out during opening handshake
[Client 70] WebSocket connection error: timed out during opening handshake
[Client 71] WebSocket connection error: timed out during opening handshake
[Client 72] WebSocket connection error: timed out during opening handshake
[Client 73] WebSocket connection error: timed out during opening handshake
[Client 74] WebSocket connection error: timed out during opening handshake
[Client 75] WebSocket connection error: timed out during opening handshake
[Client 76] WebSocket connection error: timed out during opening handshake
[Client 77] WebSocket connection error: timed out during opening handshake
[Client 78] WebSocket connection error: timed out during opening handshake
[Client 79] WebSocket connection error: timed out during opening handshake
[Client 80] WebSocket connection error: timed out during opening handshake
[Client 81] WebSocket connection error: timed out during opening handshake
[Client 82] WebSocket connection error: timed out during opening handshake
[Client 83] WebSocket connection error: timed out during opening handshake
[Client 84] WebSocket connection error: timed out during opening handshake
[Client 85] WebSocket connection error: timed out during opening handshake
[Client 86] WebSocket connection error: timed out during opening handshake
[Client 87] WebSocket connection error: timed out during opening handshake
[Client 88] WebSocket connection error: timed out during opening handshake
[Client 89] WebSocket connection error: timed out during opening handshake
[Client 90] WebSocket connection error: timed out during opening handshake
[Client 91] WebSocket connection error: timed out during opening handshake
[Client 92] WebSocket connection error: timed out during opening handshake
[Client 93] WebSocket connection error: timed out during opening handshake
[Client 94] WebSocket connection error: timed out during opening handshake
[Client 95] WebSocket connection error: timed out during opening handshake
[Client 96] WebSocket connection error: timed out during opening handshake
[Client 97] WebSocket connection error: timed out during opening handshake
[Client 98] WebSocket connection error: timed out during opening handshake
[Client 99] WebSocket connection error: timed out during opening handshake
[0;35m[MEASURE][0m ws-gleam-mist-1-15-2 | WebSocket messages 273 (60s elapsed)
[0;35m[MEASURE][0m ws-gleam-mist-1-15-2 | WebSocket messages 282 (120s elapsed)
[0;35m[MEASURE][0m ws-gleam-mist-1-15-2 | WebSocket messages 291 (180s elapsed)
[0;35m[MEASURE][0m ws-gleam-mist-1-15-2 | WebSocket messages 297 (240s elapsed)
[0;35m[MEASURE][0m ws-gleam-mist-1-15-2 | stopping Scaphandre + appending CSV …
[0;35m[MEASURE][0m ws-gleam-mist-1-15-2 | 27/300 | 241.3s | 1 msg/s | results/2026-05-07_142551/websocket/ws-gleam-mist-1-15-2_burst.csv
[0;36m[PROGRESS][0m 332/406 (81%) | elapsed 7h30m | ETA ~1h40m | remaining 74 | WebSocket burst/stream | ws-gleam-mist-1-15-2 | STREAM 1/9 | clients=5 size_kb=8 rate=10 duration=5s
[0;35m[MEASURE][0m ws-gleam-mist-1-15-2 | Docker start + WebSocket readiness wait …
[0;35m[MEASURE][0m ws-gleam-mist-1-15-2 | Scaphandre power sampling + WebSocket load | stream | clients=5 size_kb=8 rate=10/s duration=5s
[0;35m[MEASURE][0m ws-gleam-mist-1-15-2 | stopping Scaphandre + appending CSV …
[0;35m[MEASURE][0m ws-gleam-mist-1-15-2 | [0;32m245/245 ok[0m | 5.1s | 48 msg/s | results/2026-05-07_142551/websocket/ws-gleam-mist-1-15-2_stream.csv
[0;36m[PROGRESS][0m 333/406 (82%) | elapsed 7h31m | ETA ~1h38m | remaining 73 | WebSocket burst/stream | ws-gleam-mist-1-15-2 | STREAM 2/9 | clients=5 size_kb=1024 rate=10 duration=5s
[0;35m[MEASURE][0m ws-gleam-mist-1-15-2 | Docker start + WebSocket readiness wait …
[0;35m[MEASURE][0m ws-gleam-mist-1-15-2 | Scaphandre power sampling + WebSocket load | stream | clients=5 size_kb=1024 rate=10/s duration=5s
[0;35m[MEASURE][0m ws-gleam-mist-1-15-2 | stopping Scaphandre + appending CSV …
[0;35m[MEASURE][0m ws-gleam-mist-1-15-2 | [0;32m64/64 ok[0m | 5.5s | 12 msg/s | results/2026-05-07_142551/websocket/ws-gleam-mist-1-15-2_stream.csv
[0;36m[PROGRESS][0m 334/406 (82%) | elapsed 7h32m | ETA ~1h37m | remaining 72 | WebSocket burst/stream | ws-gleam-mist-1-15-2 | STREAM 3/9 | clients=5 size_kb=65536 rate=10 duration=5s
[0;35m[MEASURE][0m ws-gleam-mist-1-15-2 | Docker start + WebSocket readiness wait …
[0;35m[MEASURE][0m ws-gleam-mist-1-15-2 | Scaphandre power sampling + WebSocket load | stream | clients=5 size_kb=65536 rate=10/s duration=5s
[Client 4] WebSocket stream error: timed out during opening handshake
[0;35m[MEASURE][0m ws-gleam-mist-1-15-2 | stopping Scaphandre + appending CSV …
[0;35m[MEASURE][0m ws-gleam-mist-1-15-2 | 4/5 | 31.5s | 0 msg/s | results/2026-05-07_142551/websocket/ws-gleam-mist-1-15-2_stream.csv
[0;36m[PROGRESS][0m 335/406 (82%) | elapsed 7h33m | ETA ~1h36m | remaining 71 | WebSocket burst/stream | ws-gleam-mist-1-15-2 | STREAM 4/9 | clients=50 size_kb=8 rate=10 duration=5s
[0;35m[MEASURE][0m ws-gleam-mist-1-15-2 | Docker start + WebSocket readiness wait …
[0;35m[MEASURE][0m ws-gleam-mist-1-15-2 | Scaphandre power sampling + WebSocket load | stream | clients=50 size_kb=8 rate=10/s duration=5s
[0;35m[MEASURE][0m ws-gleam-mist-1-15-2 | stopping Scaphandre + appending CSV …
[0;35m[MEASURE][0m ws-gleam-mist-1-15-2 | [0;32m2414/2414 ok[0m | 5.2s | 462 msg/s | results/2026-05-07_142551/websocket/ws-gleam-mist-1-15-2_stream.csv
[0;36m[PROGRESS][0m 336/406 (82%) | elapsed 7h34m | ETA ~1h34m | remaining 70 | WebSocket burst/stream | ws-gleam-mist-1-15-2 | STREAM 5/9 | clients=50 size_kb=1024 rate=10 duration=5s
[0;35m[MEASURE][0m ws-gleam-mist-1-15-2 | Docker start + WebSocket readiness wait …
[0;35m[MEASURE][0m ws-gleam-mist-1-15-2 | Scaphandre power sampling + WebSocket load | stream | clients=50 size_kb=1024 rate=10/s duration=5s
[0;35m[MEASURE][0m ws-gleam-mist-1-15-2 | stopping Scaphandre + appending CSV …
[0;35m[MEASURE][0m ws-gleam-mist-1-15-2 | [0;32m126/126 ok[0m | 8.3s | 15 msg/s | results/2026-05-07_142551/websocket/ws-gleam-mist-1-15-2_stream.csv
[0;36m[PROGRESS][0m 337/406 (83%) | elapsed 7h35m | ETA ~1h33m | remaining 69 | WebSocket burst/stream | ws-gleam-mist-1-15-2 | STREAM 6/9 | clients=50 size_kb=65536 rate=10 duration=5s
[0;35m[MEASURE][0m ws-gleam-mist-1-15-2 | Docker start + WebSocket readiness wait …
[0;35m[MEASURE][0m ws-gleam-mist-1-15-2 | Scaphandre power sampling + WebSocket load | stream | clients=50 size_kb=65536 rate=10/s duration=5s
[Client 4] WebSocket stream error: timed out during opening handshake
[Client 10] WebSocket stream error: timed out during opening handshake
[Client 11] WebSocket stream error: timed out during opening handshake
[Client 12] WebSocket stream error: timed out during opening handshake
[Client 13] WebSocket stream error: timed out during opening handshake
[Client 14] WebSocket stream error: timed out during opening handshake
[Client 15] WebSocket stream error: timed out during opening handshake
[Client 16] WebSocket stream error: timed out during opening handshake
[Client 17] WebSocket stream error: timed out during opening handshake
[Client 18] WebSocket stream error: timed out during opening handshake
[Client 19] WebSocket stream error: timed out during opening handshake
[Client 20] WebSocket stream error: timed out during opening handshake
[Client 21] WebSocket stream error: timed out during opening handshake
[Client 22] WebSocket stream error: timed out during opening handshake
[Client 23] WebSocket stream error: timed out during opening handshake
[Client 24] WebSocket stream error: timed out during opening handshake
[Client 25] WebSocket stream error: timed out during opening handshake
[Client 26] WebSocket stream error: timed out during opening handshake
[Client 27] WebSocket stream error: timed out during opening handshake
[Client 28] WebSocket stream error: timed out during opening handshake
[Client 29] WebSocket stream error: timed out during opening handshake
[Client 30] WebSocket stream error: timed out during opening handshake
[Client 31] WebSocket stream error: timed out during opening handshake
[Client 32] WebSocket stream error: timed out during opening handshake
[Client 33] WebSocket stream error: timed out during opening handshake
[Client 34] WebSocket stream error: timed out during opening handshake
[Client 35] WebSocket stream error: timed out during opening handshake
[Client 36] WebSocket stream error: timed out during opening handshake
[Client 37] WebSocket stream error: timed out during opening handshake
[Client 38] WebSocket stream error: timed out during opening handshake
[Client 39] WebSocket stream error: timed out during opening handshake
[Client 40] WebSocket stream error: timed out during opening handshake
[Client 41] WebSocket stream error: timed out during opening handshake
[Client 42] WebSocket stream error: timed out during opening handshake
[Client 43] WebSocket stream error: timed out during opening handshake
[Client 44] WebSocket stream error: timed out during opening handshake
[Client 45] WebSocket stream error: timed out during opening handshake
[Client 46] WebSocket stream error: timed out during opening handshake
[Client 47] WebSocket stream error: timed out during opening handshake
[Client 48] WebSocket stream error: timed out during opening handshake
[Client 49] WebSocket stream error: timed out during opening handshake
[0;35m[MEASURE][0m ws-gleam-mist-1-15-2 | WebSocket messages 41 (60s elapsed)
[0;35m[MEASURE][0m ws-gleam-mist-1-15-2 | stopping Scaphandre + appending CSV …
[0;35m[MEASURE][0m ws-gleam-mist-1-15-2 | 9/50 | 84.8s | 1 msg/s | results/2026-05-07_142551/websocket/ws-gleam-mist-1-15-2_stream.csv
[0;36m[PROGRESS][0m 338/406 (83%) | elapsed 7h37m | ETA ~1h32m | remaining 68 | WebSocket burst/stream | ws-gleam-mist-1-15-2 | STREAM 7/9 | clients=100 size_kb=8 rate=10 duration=5s
[0;35m[MEASURE][0m ws-gleam-mist-1-15-2 | Docker start + WebSocket readiness wait …
[0;35m[MEASURE][0m ws-gleam-mist-1-15-2 | Scaphandre power sampling + WebSocket load | stream | clients=100 size_kb=8 rate=10/s duration=5s
[0;35m[MEASURE][0m ws-gleam-mist-1-15-2 | stopping Scaphandre + appending CSV …
[0;35m[MEASURE][0m ws-gleam-mist-1-15-2 | [0;32m4791/4791 ok[0m | 5.3s | 908 msg/s | results/2026-05-07_142551/websocket/ws-gleam-mist-1-15-2_stream.csv
[0;36m[PROGRESS][0m 339/406 (83%) | elapsed 7h38m | ETA ~1h30m | remaining 67 | WebSocket burst/stream | ws-gleam-mist-1-15-2 | STREAM 8/9 | clients=100 size_kb=1024 rate=10 duration=5s
[0;35m[MEASURE][0m ws-gleam-mist-1-15-2 | Docker start + WebSocket readiness wait …
[0;35m[MEASURE][0m ws-gleam-mist-1-15-2 | Scaphandre power sampling + WebSocket load | stream | clients=100 size_kb=1024 rate=10/s duration=5s
[0;35m[MEASURE][0m ws-gleam-mist-1-15-2 | stopping Scaphandre + appending CSV …
[0;35m[MEASURE][0m ws-gleam-mist-1-15-2 | [0;32m175/175 ok[0m | 11.3s | 15 msg/s | results/2026-05-07_142551/websocket/ws-gleam-mist-1-15-2_stream.csv
[0;36m[PROGRESS][0m 340/406 (83%) | elapsed 7h39m | ETA ~1h29m | remaining 66 | WebSocket burst/stream | ws-gleam-mist-1-15-2 | STREAM 9/9 | clients=100 size_kb=65536 rate=10 duration=5s
[0;35m[MEASURE][0m ws-gleam-mist-1-15-2 | Docker start + WebSocket readiness wait …
[0;35m[MEASURE][0m ws-gleam-mist-1-15-2 | Scaphandre power sampling + WebSocket load | stream | clients=100 size_kb=65536 rate=10/s duration=5s
[Client 4] WebSocket stream error: timed out during opening handshake
[Client 10] WebSocket stream error: timed out during opening handshake
[Client 11] WebSocket stream error: timed out during opening handshake
[Client 12] WebSocket stream error: timed out during opening handshake
[Client 13] WebSocket stream error: timed out during opening handshake
[Client 14] WebSocket stream error: timed out during opening handshake
[Client 15] WebSocket stream error: timed out during opening handshake
[Client 16] WebSocket stream error: timed out during opening handshake
[Client 17] WebSocket stream error: timed out during opening handshake
[Client 18] WebSocket stream error: timed out during opening handshake
[Client 19] WebSocket stream error: timed out during opening handshake
[Client 20] WebSocket stream error: timed out during opening handshake
[Client 21] WebSocket stream error: timed out during opening handshake
[Client 22] WebSocket stream error: timed out during opening handshake
[Client 23] WebSocket stream error: timed out during opening handshake
[Client 24] WebSocket stream error: timed out during opening handshake
[Client 25] WebSocket stream error: timed out during opening handshake
[Client 26] WebSocket stream error: timed out during opening handshake
[Client 27] WebSocket stream error: timed out during opening handshake
[Client 28] WebSocket stream error: timed out during opening handshake
[Client 29] WebSocket stream error: timed out during opening handshake
[Client 30] WebSocket stream error: timed out during opening handshake
[Client 31] WebSocket stream error: timed out during opening handshake
[Client 32] WebSocket stream error: timed out during opening handshake
[Client 33] WebSocket stream error: timed out during opening handshake
[Client 34] WebSocket stream error: timed out during opening handshake
[Client 35] WebSocket stream error: timed out during opening handshake
[Client 36] WebSocket stream error: timed out during opening handshake
[Client 37] WebSocket stream error: timed out during opening handshake
[Client 38] WebSocket stream error: timed out during opening handshake
[Client 39] WebSocket stream error: timed out during opening handshake
[Client 40] WebSocket stream error: timed out during opening handshake
[Client 41] WebSocket stream error: timed out during opening handshake
[Client 42] WebSocket stream error: timed out during opening handshake
[Client 43] WebSocket stream error: timed out during opening handshake
[Client 44] WebSocket stream error: timed out during opening handshake
[Client 45] WebSocket stream error: timed out during opening handshake
[Client 46] WebSocket stream error: timed out during opening handshake
[Client 47] WebSocket stream error: timed out during opening handshake
[Client 48] WebSocket stream error: timed out during opening handshake
[Client 49] WebSocket stream error: timed out during opening handshake
[Client 50] WebSocket stream error: timed out during opening handshake
[Client 51] WebSocket stream error: timed out during opening handshake
[Client 52] WebSocket stream error: timed out during opening handshake
[Client 53] WebSocket stream error: timed out during opening handshake
[Client 54] WebSocket stream error: timed out during opening handshake
[Client 55] WebSocket stream error: timed out during opening handshake
[Client 56] WebSocket stream error: timed out during opening handshake
[Client 57] WebSocket stream error: timed out during opening handshake
[Client 58] WebSocket stream error: timed out during opening handshake
[Client 59] WebSocket stream error: timed out during opening handshake
[Client 60] WebSocket stream error: timed out during opening handshake
[Client 61] WebSocket stream error: timed out during opening handshake
[Client 62] WebSocket stream error: timed out during opening handshake
[Client 63] WebSocket stream error: timed out during opening handshake
[Client 64] WebSocket stream error: timed out during opening handshake
[Client 65] WebSocket stream error: timed out during opening handshake
[Client 66] WebSocket stream error: timed out during opening handshake
[Client 67] WebSocket stream error: timed out during opening handshake
[Client 68] WebSocket stream error: timed out during opening handshake
[Client 69] WebSocket stream error: timed out during opening handshake
[Client 70] WebSocket stream error: timed out during opening handshake
[Client 71] WebSocket stream error: timed out during opening handshake
[Client 72] WebSocket stream error: timed out during opening handshake
[Client 73] WebSocket stream error: timed out during opening handshake
[Client 74] WebSocket stream error: timed out during opening handshake
[Client 75] WebSocket stream error: timed out during opening handshake
[Client 76] WebSocket stream error: timed out during opening handshake
[Client 77] WebSocket stream error: timed out during opening handshake
[Client 78] WebSocket stream error: timed out during opening handshake
[Client 79] WebSocket stream error: timed out during opening handshake
[Client 80] WebSocket stream error: timed out during opening handshake
[Client 81] WebSocket stream error: timed out during opening handshake
[Client 82] WebSocket stream error: timed out during opening handshake
[Client 83] WebSocket stream error: timed out during opening handshake
[Client 84] WebSocket stream error: timed out during opening handshake
[Client 85] WebSocket stream error: timed out during opening handshake
[Client 86] WebSocket stream error: timed out during opening handshake
[Client 87] WebSocket stream error: timed out during opening handshake
[Client 88] WebSocket stream error: timed out during opening handshake
[Client 89] WebSocket stream error: timed out during opening handshake
[Client 90] WebSocket stream error: timed out during opening handshake
[Client 91] WebSocket stream error: timed out during opening handshake
[Client 92] WebSocket stream error: timed out during opening handshake
[Client 93] WebSocket stream error: timed out during opening handshake
[Client 94] WebSocket stream error: timed out during opening handshake
[Client 95] WebSocket stream error: timed out during opening handshake
[Client 96] WebSocket stream error: timed out during opening handshake
[Client 97] WebSocket stream error: timed out during opening handshake
[Client 98] WebSocket stream error: timed out during opening handshake
[Client 99] WebSocket stream error: timed out during opening handshake
[0;35m[MEASURE][0m ws-gleam-mist-1-15-2 | WebSocket messages 91 (60s elapsed)
[0;35m[MEASURE][0m ws-gleam-mist-1-15-2 | stopping Scaphandre + appending CSV …
[0;35m[MEASURE][0m ws-gleam-mist-1-15-2 | 9/100 | 83.9s | 1 msg/s | results/2026-05-07_142551/websocket/ws-gleam-mist-1-15-2_stream.csv
Running WebSocket tests for ws-erlang-yaws-28-4-3 on port 8001
[0;36m[PROGRESS][0m 341/406 (83%) | elapsed 7h42m | ETA ~1h28m | remaining 65 | WebSocket burst/stream | ws-erlang-yaws-28-4-3 | BURST 1/9 | clients=5 size_kb=8 bursts=3 interval=0.5s
[0;35m[MEASURE][0m ws-erlang-yaws-28-4-3 | Docker start + WebSocket readiness wait …
[0;35m[MEASURE][0m ws-erlang-yaws-28-4-3 | Scaphandre power sampling + WebSocket load | burst | clients=5 size_kb=8 bursts=3 interval=0.5s
[0;35m[MEASURE][0m ws-erlang-yaws-28-4-3 | stopping Scaphandre + appending CSV …
[0;35m[MEASURE][0m ws-erlang-yaws-28-4-3 | [0;32m15/15 ok[0m | 1.5s | 10 msg/s | results/2026-05-07_142551/websocket/ws-erlang-yaws-28-4-3_burst.csv
[0;36m[PROGRESS][0m 342/406 (84%) | elapsed 7h43m | ETA ~1h26m | remaining 64 | WebSocket burst/stream | ws-erlang-yaws-28-4-3 | BURST 2/9 | clients=5 size_kb=1024 bursts=3 interval=0.5s
[0;35m[MEASURE][0m ws-erlang-yaws-28-4-3 | Docker start + WebSocket readiness wait …
[0;35m[MEASURE][0m ws-erlang-yaws-28-4-3 | Scaphandre power sampling + WebSocket load | burst | clients=5 size_kb=1024 bursts=3 interval=0.5s
[0;35m[MEASURE][0m ws-erlang-yaws-28-4-3 | stopping Scaphandre + appending CSV …
[0;35m[MEASURE][0m ws-erlang-yaws-28-4-3 | [0;32m15/15 ok[0m | 1.9s | 8 msg/s | results/2026-05-07_142551/websocket/ws-erlang-yaws-28-4-3_burst.csv
[0;36m[PROGRESS][0m 343/406 (84%) | elapsed 7h44m | ETA ~1h25m | remaining 63 | WebSocket burst/stream | ws-erlang-yaws-28-4-3 | BURST 3/9 | clients=5 size_kb=65536 bursts=3 interval=0.5s
[0;35m[MEASURE][0m ws-erlang-yaws-28-4-3 | Docker start + WebSocket readiness wait …
[0;35m[MEASURE][0m ws-erlang-yaws-28-4-3 | Scaphandre power sampling + WebSocket load | burst | clients=5 size_kb=65536 bursts=3 interval=0.5s
[0;35m[MEASURE][0m ws-erlang-yaws-28-4-3 | stopping Scaphandre + appending CSV …
[0;35m[MEASURE][0m ws-erlang-yaws-28-4-3 | [0;32m15/15 ok[0m | 18.3s | 1 msg/s | results/2026-05-07_142551/websocket/ws-erlang-yaws-28-4-3_burst.csv
[0;36m[PROGRESS][0m 344/406 (84%) | elapsed 7h45m | ETA ~1h23m | remaining 62 | WebSocket burst/stream | ws-erlang-yaws-28-4-3 | BURST 4/9 | clients=50 size_kb=8 bursts=3 interval=0.5s
[0;35m[MEASURE][0m ws-erlang-yaws-28-4-3 | Docker start + WebSocket readiness wait …
[0;35m[MEASURE][0m ws-erlang-yaws-28-4-3 | Scaphandre power sampling + WebSocket load | burst | clients=50 size_kb=8 bursts=3 interval=0.5s
[0;35m[MEASURE][0m ws-erlang-yaws-28-4-3 | stopping Scaphandre + appending CSV …
[0;35m[MEASURE][0m ws-erlang-yaws-28-4-3 | [0;32m150/150 ok[0m | 1.7s | 90 msg/s | results/2026-05-07_142551/websocket/ws-erlang-yaws-28-4-3_burst.csv
[0;36m[PROGRESS][0m 345/406 (84%) | elapsed 7h46m | ETA ~1h22m | remaining 61 | WebSocket burst/stream | ws-erlang-yaws-28-4-3 | BURST 5/9 | clients=50 size_kb=1024 bursts=3 interval=0.5s
[0;35m[MEASURE][0m ws-erlang-yaws-28-4-3 | Docker start + WebSocket readiness wait …
[0;35m[MEASURE][0m ws-erlang-yaws-28-4-3 | Scaphandre power sampling + WebSocket load | burst | clients=50 size_kb=1024 bursts=3 interval=0.5s
[0;35m[MEASURE][0m ws-erlang-yaws-28-4-3 | stopping Scaphandre + appending CSV …
[0;35m[MEASURE][0m ws-erlang-yaws-28-4-3 | [0;32m150/150 ok[0m | 3.3s | 45 msg/s | results/2026-05-07_142551/websocket/ws-erlang-yaws-28-4-3_burst.csv
[0;36m[PROGRESS][0m 346/406 (85%) | elapsed 7h47m | ETA ~1h21m | remaining 60 | WebSocket burst/stream | ws-erlang-yaws-28-4-3 | BURST 6/9 | clients=50 size_kb=65536 bursts=3 interval=0.5s
[0;35m[MEASURE][0m ws-erlang-yaws-28-4-3 | Docker start + WebSocket readiness wait …
[0;35m[MEASURE][0m ws-erlang-yaws-28-4-3 | Scaphandre power sampling + WebSocket load | burst | clients=50 size_kb=65536 bursts=3 interval=0.5s
[Client 3] WebSocket connection error: no close frame received or sent
[Client 1] WebSocket connection error: no close frame received or sent
[Client 2] WebSocket connection error: no close frame received or sent
[Client 4] WebSocket connection error: no close frame received or sent
[Client 5] WebSocket connection error: no close frame received or sent
[Client 10] WebSocket connection error: no close frame received or sent
[Client 17] WebSocket connection error: no close frame received or sent
[Client 25] WebSocket connection error: no close frame received or sent
[Client 18] WebSocket connection error: no close frame received or sent
[Client 19] WebSocket connection error: no close frame received or sent
[Client 9] WebSocket connection error: no close frame received or sent
[Client 24] WebSocket connection error: no close frame received or sent
[Client 26] WebSocket connection error: no close frame received or sent
[Client 31] WebSocket connection error: no close frame received or sent
[Client 30] WebSocket connection error: no close frame received or sent
[Client 38] WebSocket connection error: no close frame received or sent
[Client 36] WebSocket connection error: no close frame received or sent
[Client 23] WebSocket connection error: no close frame received or sent
[Client 21] WebSocket connection error: no close frame received or sent
[Client 32] WebSocket connection error: no close frame received or sent
[0;35m[MEASURE][0m ws-erlang-yaws-28-4-3 | WebSocket messages 97 (60s elapsed)
[0;35m[MEASURE][0m ws-erlang-yaws-28-4-3 | stopping Scaphandre + appending CSV …
[0;35m[MEASURE][0m ws-erlang-yaws-28-4-3 | 90/150 | 106.8s | 1 msg/s | results/2026-05-07_142551/websocket/ws-erlang-yaws-28-4-3_burst.csv
[0;36m[PROGRESS][0m 347/406 (85%) | elapsed 7h49m | ETA ~1h19m | remaining 59 | WebSocket burst/stream | ws-erlang-yaws-28-4-3 | BURST 7/9 | clients=100 size_kb=8 bursts=3 interval=0.5s
[0;35m[MEASURE][0m ws-erlang-yaws-28-4-3 | Docker start + WebSocket readiness wait …
[0;35m[MEASURE][0m ws-erlang-yaws-28-4-3 | Scaphandre power sampling + WebSocket load | burst | clients=100 size_kb=8 bursts=3 interval=0.5s
[0;35m[MEASURE][0m ws-erlang-yaws-28-4-3 | stopping Scaphandre + appending CSV …
[0;35m[MEASURE][0m ws-erlang-yaws-28-4-3 | [0;32m300/300 ok[0m | 1.8s | 170 msg/s | results/2026-05-07_142551/websocket/ws-erlang-yaws-28-4-3_burst.csv
[0;36m[PROGRESS][0m 348/406 (85%) | elapsed 7h50m | ETA ~1h18m | remaining 58 | WebSocket burst/stream | ws-erlang-yaws-28-4-3 | BURST 8/9 | clients=100 size_kb=1024 bursts=3 interval=0.5s
[0;35m[MEASURE][0m ws-erlang-yaws-28-4-3 | Docker start + WebSocket readiness wait …
[0;35m[MEASURE][0m ws-erlang-yaws-28-4-3 | Scaphandre power sampling + WebSocket load | burst | clients=100 size_kb=1024 bursts=3 interval=0.5s
[0;35m[MEASURE][0m ws-erlang-yaws-28-4-3 | stopping Scaphandre + appending CSV …
[0;35m[MEASURE][0m ws-erlang-yaws-28-4-3 | [0;32m300/300 ok[0m | 5.6s | 54 msg/s | results/2026-05-07_142551/websocket/ws-erlang-yaws-28-4-3_burst.csv
[0;36m[PROGRESS][0m 349/406 (85%) | elapsed 7h51m | ETA ~1h17m | remaining 57 | WebSocket burst/stream | ws-erlang-yaws-28-4-3 | BURST 9/9 | clients=100 size_kb=65536 bursts=3 interval=0.5s
[0;35m[MEASURE][0m ws-erlang-yaws-28-4-3 | Docker start + WebSocket readiness wait …
[0;35m[MEASURE][0m ws-erlang-yaws-28-4-3 | Scaphandre power sampling + WebSocket load | burst | clients=100 size_kb=65536 bursts=3 interval=0.5s
[Client 8] WebSocket connection error: no close frame received or sent
[Client 7] WebSocket connection error: no close frame received or sent
[Client 4] WebSocket connection error: no close frame received or sent
[Client 5] WebSocket connection error: no close frame received or sent
[Client 2] WebSocket connection error: no close frame received or sent
[Client 1] WebSocket connection error: no close frame received or sent
[Client 3] WebSocket connection error: no close frame received or sent
[Client 6] WebSocket connection error: no close frame received or sent
[Client 16] WebSocket connection error: no close frame received or sent
[Client 12] WebSocket connection error: no close frame received or sent
[Client 10] WebSocket connection error: no close frame received or sent
[Client 17] WebSocket connection error: no close frame received or sent
[Client 14] WebSocket connection error: no close frame received or sent
[Client 38] WebSocket connection error: no close frame received or sent
[Client 28] WebSocket connection error: no close frame received or sent
[Client 27] WebSocket connection error: no close frame received or sent
[Client 39] WebSocket connection error: no close frame received or sent
[Client 20] WebSocket connection error: no close frame received or sent
[Client 23] WebSocket connection error: no close frame received or sent
[Client 22] WebSocket connection error: no close frame received or sent
[Client 32] WebSocket connection error: no close frame received or sent
[Client 41] WebSocket connection error: no close frame received or sent
[Client 18] WebSocket connection error: no close frame received or sent
[Client 31] WebSocket connection error: no close frame received or sent
[Client 24] WebSocket connection error: no close frame received or sent
[Client 13] WebSocket connection error: no close frame received or sent
[Client 21] WebSocket connection error: no close frame received or sent
[Client 15] WebSocket connection error: no close frame received or sent
[Client 11] WebSocket connection error: no close frame received or sent
[Client 33] WebSocket connection error: no close frame received or sent
[Client 42] WebSocket connection error: no close frame received or sent
[Client 35] WebSocket connection error: no close frame received or sent
[Client 64] WebSocket connection error: no close frame received or sent
[Client 80] WebSocket connection error: no close frame received or sent
[Client 85] WebSocket connection error: no close frame received or sent
[Client 58] WebSocket connection error: no close frame received or sent
[Client 86] WebSocket connection error: no close frame received or sent
[Client 65] WebSocket connection error: no close frame received or sent
[Client 72] WebSocket connection error: no close frame received or sent
[Client 60] WebSocket connection error: no close frame received or sent
[Client 78] WebSocket connection error: no close frame received or sent
[Client 73] WebSocket connection error: no close frame received or sent
[Client 48] WebSocket connection error: no close frame received or sent
[Client 69] WebSocket connection error: no close frame received or sent
[Client 49] WebSocket connection error: no close frame received or sent
[Client 47] WebSocket connection error: no close frame received or sent
[Client 77] WebSocket connection error: no close frame received or sent
[Client 63] WebSocket connection error: no close frame received or sent
[Client 46] WebSocket connection error: no close frame received or sent
[Client 43] WebSocket connection error: no close frame received or sent
[Client 45] WebSocket connection error: no close frame received or sent
[Client 54] WebSocket connection error: no close frame received or sent
[Client 75] WebSocket connection error: no close frame received or sent
[Client 61] WebSocket connection error: no close frame received or sent
[Client 52] WebSocket connection error: no close frame received or sent
[Client 40] WebSocket connection error: no close frame received or sent
[Client 50] WebSocket connection error: no close frame received or sent
[Client 55] WebSocket connection error: no close frame received or sent
[Client 74] WebSocket connection error: no close frame received or sent
[Client 26] WebSocket connection error: no close frame received or sent
[Client 29] WebSocket connection error: no close frame received or sent
[Client 59] WebSocket connection error: no close frame received or sent
[Client 53] WebSocket connection error: no close frame received or sent
[0;35m[MEASURE][0m ws-erlang-yaws-28-4-3 | WebSocket messages 205 (60s elapsed)
[0;35m[MEASURE][0m ws-erlang-yaws-28-4-3 | WebSocket messages 254 (120s elapsed)
[0;35m[MEASURE][0m ws-erlang-yaws-28-4-3 | stopping Scaphandre + appending CSV …
[0;35m[MEASURE][0m ws-erlang-yaws-28-4-3 | 111/300 | 149.4s | 2 msg/s | results/2026-05-07_142551/websocket/ws-erlang-yaws-28-4-3_burst.csv
[0;36m[PROGRESS][0m 350/406 (86%) | elapsed 7h55m | ETA ~1h16m | remaining 56 | WebSocket burst/stream | ws-erlang-yaws-28-4-3 | STREAM 1/9 | clients=5 size_kb=8 rate=10 duration=5s
[0;35m[MEASURE][0m ws-erlang-yaws-28-4-3 | Docker start + WebSocket readiness wait …
[0;35m[MEASURE][0m ws-erlang-yaws-28-4-3 | Scaphandre power sampling + WebSocket load | stream | clients=5 size_kb=8 rate=10/s duration=5s
[0;35m[MEASURE][0m ws-erlang-yaws-28-4-3 | stopping Scaphandre + appending CSV …
[0;35m[MEASURE][0m ws-erlang-yaws-28-4-3 | [0;32m245/245 ok[0m | 5.1s | 48 msg/s | results/2026-05-07_142551/websocket/ws-erlang-yaws-28-4-3_stream.csv
[0;36m[PROGRESS][0m 351/406 (86%) | elapsed 7h56m | ETA ~1h14m | remaining 55 | WebSocket burst/stream | ws-erlang-yaws-28-4-3 | STREAM 2/9 | clients=5 size_kb=1024 rate=10 duration=5s
[0;35m[MEASURE][0m ws-erlang-yaws-28-4-3 | Docker start + WebSocket readiness wait …
[0;35m[MEASURE][0m ws-erlang-yaws-28-4-3 | Scaphandre power sampling + WebSocket load | stream | clients=5 size_kb=1024 rate=10/s duration=5s
[0;35m[MEASURE][0m ws-erlang-yaws-28-4-3 | stopping Scaphandre + appending CSV …
[0;35m[MEASURE][0m ws-erlang-yaws-28-4-3 | [0;32m105/105 ok[0m | 5.1s | 21 msg/s | results/2026-05-07_142551/websocket/ws-erlang-yaws-28-4-3_stream.csv
[0;36m[PROGRESS][0m 352/406 (86%) | elapsed 7h56m | ETA ~1h13m | remaining 54 | WebSocket burst/stream | ws-erlang-yaws-28-4-3 | STREAM 3/9 | clients=5 size_kb=65536 rate=10 duration=5s
[0;35m[MEASURE][0m ws-erlang-yaws-28-4-3 | Docker start + WebSocket readiness wait …
[0;35m[MEASURE][0m ws-erlang-yaws-28-4-3 | Scaphandre power sampling + WebSocket load | stream | clients=5 size_kb=65536 rate=10/s duration=5s
[0;35m[MEASURE][0m ws-erlang-yaws-28-4-3 | stopping Scaphandre + appending CSV …
[0;35m[MEASURE][0m ws-erlang-yaws-28-4-3 | [0;32m7/7 ok[0m | 8.5s | 1 msg/s | results/2026-05-07_142551/websocket/ws-erlang-yaws-28-4-3_stream.csv
[0;36m[PROGRESS][0m 353/406 (86%) | elapsed 7h58m | ETA ~1h11m | remaining 53 | WebSocket burst/stream | ws-erlang-yaws-28-4-3 | STREAM 4/9 | clients=50 size_kb=8 rate=10 duration=5s
[0;35m[MEASURE][0m ws-erlang-yaws-28-4-3 | Docker start + WebSocket readiness wait …
[0;35m[MEASURE][0m ws-erlang-yaws-28-4-3 | Scaphandre power sampling + WebSocket load | stream | clients=50 size_kb=8 rate=10/s duration=5s
[0;35m[MEASURE][0m ws-erlang-yaws-28-4-3 | stopping Scaphandre + appending CSV …
[0;35m[MEASURE][0m ws-erlang-yaws-28-4-3 | [0;32m2421/2421 ok[0m | 5.3s | 458 msg/s | results/2026-05-07_142551/websocket/ws-erlang-yaws-28-4-3_stream.csv
[0;36m[PROGRESS][0m 354/406 (87%) | elapsed 7h58m | ETA ~1h10m | remaining 52 | WebSocket burst/stream | ws-erlang-yaws-28-4-3 | STREAM 5/9 | clients=50 size_kb=1024 rate=10 duration=5s
[0;35m[MEASURE][0m ws-erlang-yaws-28-4-3 | Docker start + WebSocket readiness wait …
[0;35m[MEASURE][0m ws-erlang-yaws-28-4-3 | Scaphandre power sampling + WebSocket load | stream | clients=50 size_kb=1024 rate=10/s duration=5s
[0;35m[MEASURE][0m ws-erlang-yaws-28-4-3 | stopping Scaphandre + appending CSV …
[0;35m[MEASURE][0m ws-erlang-yaws-28-4-3 | [0;32m316/316 ok[0m | 5.8s | 54 msg/s | results/2026-05-07_142551/websocket/ws-erlang-yaws-28-4-3_stream.csv
[0;36m[PROGRESS][0m 355/406 (87%) | elapsed 7h59m | ETA ~1h08m | remaining 51 | WebSocket burst/stream | ws-erlang-yaws-28-4-3 | STREAM 6/9 | clients=50 size_kb=65536 rate=10 duration=5s
[0;35m[MEASURE][0m ws-erlang-yaws-28-4-3 | Docker start + WebSocket readiness wait …
[0;35m[MEASURE][0m ws-erlang-yaws-28-4-3 | Scaphandre power sampling + WebSocket load | stream | clients=50 size_kb=65536 rate=10/s duration=5s
[Client 17] WebSocket stream error: no close frame received or sent
[Client 13] WebSocket stream error: no close frame received or sent
[Client 6] WebSocket stream error: no close frame received or sent
[Client 2] WebSocket stream error: no close frame received or sent
[Client 8] WebSocket stream error: no close frame received or sent
[Client 4] WebSocket stream error: no close frame received or sent
[Client 11] WebSocket stream error: no close frame received or sent
[Client 12] WebSocket stream error: no close frame received or sent
[Client 1] WebSocket stream error: no close frame received or sent
[Client 9] WebSocket stream error: no close frame received or sent
[Client 5] WebSocket stream error: no close frame received or sent
[Client 0] WebSocket stream error: no close frame received or sent
[Client 7] WebSocket stream error: no close frame received or sent
[Client 3] WebSocket stream error: no close frame received or sent
[Client 38] WebSocket stream error: no close frame received or sent
[Client 26] WebSocket stream error: no close frame received or sent
[Client 23] WebSocket stream error: no close frame received or sent
[Client 25] WebSocket stream error: no close frame received or sent
[Client 35] WebSocket stream error: no close frame received or sent
[Client 42] WebSocket stream error: no close frame received or sent
[Client 43] WebSocket stream error: no close frame received or sent
[Client 40] WebSocket stream error: no close frame received or sent
[Client 41] WebSocket stream error: no close frame received or sent
[0;35m[MEASURE][0m ws-erlang-yaws-28-4-3 | stopping Scaphandre + appending CSV …
[0;35m[MEASURE][0m ws-erlang-yaws-28-4-3 | 27/50 | 38.2s | 1 msg/s | results/2026-05-07_142551/websocket/ws-erlang-yaws-28-4-3_stream.csv
[0;36m[PROGRESS][0m 356/406 (87%) | elapsed 8h01m | ETA ~1h07m | remaining 50 | WebSocket burst/stream | ws-erlang-yaws-28-4-3 | STREAM 7/9 | clients=100 size_kb=8 rate=10 duration=5s
[0;35m[MEASURE][0m ws-erlang-yaws-28-4-3 | Docker start + WebSocket readiness wait …
[0;35m[MEASURE][0m ws-erlang-yaws-28-4-3 | Scaphandre power sampling + WebSocket load | stream | clients=100 size_kb=8 rate=10/s duration=5s
[0;35m[MEASURE][0m ws-erlang-yaws-28-4-3 | stopping Scaphandre + appending CSV …
[0;35m[MEASURE][0m ws-erlang-yaws-28-4-3 | [0;32m4825/4825 ok[0m | 5.3s | 914 msg/s | results/2026-05-07_142551/websocket/ws-erlang-yaws-28-4-3_stream.csv
[0;36m[PROGRESS][0m 357/406 (87%) | elapsed 8h02m | ETA ~1h06m | remaining 49 | WebSocket burst/stream | ws-erlang-yaws-28-4-3 | STREAM 8/9 | clients=100 size_kb=1024 rate=10 duration=5s
[0;35m[MEASURE][0m ws-erlang-yaws-28-4-3 | Docker start + WebSocket readiness wait …
[0;35m[MEASURE][0m ws-erlang-yaws-28-4-3 | Scaphandre power sampling + WebSocket load | stream | clients=100 size_kb=1024 rate=10/s duration=5s
[0;35m[MEASURE][0m ws-erlang-yaws-28-4-3 | stopping Scaphandre + appending CSV …
[0;35m[MEASURE][0m ws-erlang-yaws-28-4-3 | [0;32m368/368 ok[0m | 6.5s | 57 msg/s | results/2026-05-07_142551/websocket/ws-erlang-yaws-28-4-3_stream.csv
[0;36m[PROGRESS][0m 358/406 (88%) | elapsed 8h03m | ETA ~1h04m | remaining 48 | WebSocket burst/stream | ws-erlang-yaws-28-4-3 | STREAM 9/9 | clients=100 size_kb=65536 rate=10 duration=5s
[0;35m[MEASURE][0m ws-erlang-yaws-28-4-3 | Docker start + WebSocket readiness wait …
[0;35m[MEASURE][0m ws-erlang-yaws-28-4-3 | Scaphandre power sampling + WebSocket load | stream | clients=100 size_kb=65536 rate=10/s duration=5s
[Client 4] WebSocket stream error: no close frame received or sent
[Client 5] WebSocket stream error: no close frame received or sent
[Client 1] WebSocket stream error: no close frame received or sent
[Client 3] WebSocket stream error: no close frame received or sent
[Client 0] WebSocket stream error: no close frame received or sent
[Client 10] WebSocket stream error: no close frame received or sent
[Client 8] WebSocket stream error: no close frame received or sent
[Client 11] WebSocket stream error: no close frame received or sent
[Client 19] WebSocket stream error: no close frame received or sent
[Client 34] WebSocket stream error: no close frame received or sent
[Client 28] WebSocket stream error: no close frame received or sent
[Client 43] WebSocket stream error: no close frame received or sent
[Client 29] WebSocket stream error: no close frame received or sent
[Client 21] WebSocket stream error: no close frame received or sent
[Client 26] WebSocket stream error: no close frame received or sent
[Client 33] WebSocket stream error: no close frame received or sent
[Client 35] WebSocket stream error: no close frame received or sent
[Client 20] WebSocket stream error: no close frame received or sent
[Client 49] WebSocket stream error: no close frame received or sent
[Client 31] WebSocket stream error: no close frame received or sent
[Client 51] WebSocket stream error: no close frame received or sent
[Client 41] WebSocket stream error: no close frame received or sent
[Client 15] WebSocket stream error: no close frame received or sent
[Client 17] WebSocket stream error: no close frame received or sent
[Client 24] WebSocket stream error: no close frame received or sent
[Client 18] WebSocket stream error: no close frame received or sent
[Client 30] WebSocket stream error: no close frame received or sent
[Client 22] WebSocket stream error: no close frame received or sent
[Client 9] WebSocket stream error: no close frame received or sent
[Client 13] WebSocket stream error: no close frame received or sent
[Client 16] WebSocket stream error: no close frame received or sent
[Client 25] WebSocket stream error: no close frame received or sent
[Client 40] WebSocket stream error: no close frame received or sent
[Client 23] WebSocket stream error: no close frame received or sent
[Client 27] WebSocket stream error: no close frame received or sent
[Client 50] WebSocket stream error: no close frame received or sent
[Client 47] WebSocket stream error: no close frame received or sent
[Client 55] WebSocket stream error: no close frame received or sent
[Client 39] WebSocket stream error: no close frame received or sent
[Client 57] WebSocket stream error: no close frame received or sent
[Client 59] WebSocket stream error: no close frame received or sent
[Client 60] WebSocket stream error: no close frame received or sent
[Client 37] WebSocket stream error: no close frame received or sent
[Client 58] WebSocket stream error: no close frame received or sent
[Client 99] WebSocket stream error: no close frame received or sent
[Client 92] WebSocket stream error: no close frame received or sent
[Client 46] WebSocket stream error: no close frame received or sent
[Client 79] WebSocket stream error: no close frame received or sent
[Client 88] WebSocket stream error: no close frame received or sent
[Client 89] WebSocket stream error: no close frame received or sent
[Client 87] WebSocket stream error: no close frame received or sent
[Client 38] WebSocket stream error: no close frame received or sent
[Client 98] WebSocket stream error: no close frame received or sent
[Client 96] WebSocket stream error: no close frame received or sent
[Client 85] WebSocket stream error: no close frame received or sent
[Client 91] WebSocket stream error: no close frame received or sent
[Client 71] WebSocket stream error: no close frame received or sent
[Client 75] WebSocket stream error: no close frame received or sent
[Client 83] WebSocket stream error: no close frame received or sent
[Client 81] WebSocket stream error: no close frame received or sent
[Client 74] WebSocket stream error: no close frame received or sent
[0;35m[MEASURE][0m ws-erlang-yaws-28-4-3 | stopping Scaphandre + appending CSV …
[0;35m[MEASURE][0m ws-erlang-yaws-28-4-3 | 39/100 | 48.3s | 2 msg/s | results/2026-05-07_142551/websocket/ws-erlang-yaws-28-4-3_stream.csv
Running WebSocket tests for ws-erlang-cowboy-28-4-3 on port 8001
[0;36m[PROGRESS][0m 359/406 (88%) | elapsed 8h05m | ETA ~1h03m | remaining 47 | WebSocket burst/stream | ws-erlang-cowboy-28-4-3 | BURST 1/9 | clients=5 size_kb=8 bursts=3 interval=0.5s
[0;35m[MEASURE][0m ws-erlang-cowboy-28-4-3 | Docker start + WebSocket readiness wait …
[0;35m[MEASURE][0m ws-erlang-cowboy-28-4-3 | Scaphandre power sampling + WebSocket load | burst | clients=5 size_kb=8 bursts=3 interval=0.5s
[0;35m[MEASURE][0m ws-erlang-cowboy-28-4-3 | stopping Scaphandre + appending CSV …
[0;35m[MEASURE][0m ws-erlang-cowboy-28-4-3 | [0;32m15/15 ok[0m | 1.5s | 10 msg/s | results/2026-05-07_142551/websocket/ws-erlang-cowboy-28-4-3_burst.csv
[0;36m[PROGRESS][0m 360/406 (88%) | elapsed 8h06m | ETA ~1h02m | remaining 46 | WebSocket burst/stream | ws-erlang-cowboy-28-4-3 | BURST 2/9 | clients=5 size_kb=1024 bursts=3 interval=0.5s
[0;35m[MEASURE][0m ws-erlang-cowboy-28-4-3 | Docker start + WebSocket readiness wait …
[0;35m[MEASURE][0m ws-erlang-cowboy-28-4-3 | Scaphandre power sampling + WebSocket load | burst | clients=5 size_kb=1024 bursts=3 interval=0.5s
[0;35m[MEASURE][0m ws-erlang-cowboy-28-4-3 | stopping Scaphandre + appending CSV …
[0;35m[MEASURE][0m ws-erlang-cowboy-28-4-3 | [0;32m15/15 ok[0m | 1.6s | 10 msg/s | results/2026-05-07_142551/websocket/ws-erlang-cowboy-28-4-3_burst.csv
[0;36m[PROGRESS][0m 361/406 (88%) | elapsed 8h07m | ETA ~1h00m | remaining 45 | WebSocket burst/stream | ws-erlang-cowboy-28-4-3 | BURST 3/9 | clients=5 size_kb=65536 bursts=3 interval=0.5s
[0;35m[MEASURE][0m ws-erlang-cowboy-28-4-3 | Docker start + WebSocket readiness wait …
[0;35m[MEASURE][0m ws-erlang-cowboy-28-4-3 | Scaphandre power sampling + WebSocket load | burst | clients=5 size_kb=65536 bursts=3 interval=0.5s
[0;35m[MEASURE][0m ws-erlang-cowboy-28-4-3 | stopping Scaphandre + appending CSV …
[0;35m[MEASURE][0m ws-erlang-cowboy-28-4-3 | [0;32m15/15 ok[0m | 3.3s | 4 msg/s | results/2026-05-07_142551/websocket/ws-erlang-cowboy-28-4-3_burst.csv
[0;36m[PROGRESS][0m 362/406 (89%) | elapsed 8h08m | ETA ~59m | remaining 44 | WebSocket burst/stream | ws-erlang-cowboy-28-4-3 | BURST 4/9 | clients=50 size_kb=8 bursts=3 interval=0.5s
[0;35m[MEASURE][0m ws-erlang-cowboy-28-4-3 | Docker start + WebSocket readiness wait …
[0;35m[MEASURE][0m ws-erlang-cowboy-28-4-3 | Scaphandre power sampling + WebSocket load | burst | clients=50 size_kb=8 bursts=3 interval=0.5s
[0;35m[MEASURE][0m ws-erlang-cowboy-28-4-3 | stopping Scaphandre + appending CSV …
[0;35m[MEASURE][0m ws-erlang-cowboy-28-4-3 | [0;32m150/150 ok[0m | 1.7s | 91 msg/s | results/2026-05-07_142551/websocket/ws-erlang-cowboy-28-4-3_burst.csv
[0;36m[PROGRESS][0m 363/406 (89%) | elapsed 8h08m | ETA ~57m | remaining 43 | WebSocket burst/stream | ws-erlang-cowboy-28-4-3 | BURST 5/9 | clients=50 size_kb=1024 bursts=3 interval=0.5s
[0;35m[MEASURE][0m ws-erlang-cowboy-28-4-3 | Docker start + WebSocket readiness wait …
[0;35m[MEASURE][0m ws-erlang-cowboy-28-4-3 | Scaphandre power sampling + WebSocket load | burst | clients=50 size_kb=1024 bursts=3 interval=0.5s
[0;35m[MEASURE][0m ws-erlang-cowboy-28-4-3 | stopping Scaphandre + appending CSV …
[0;35m[MEASURE][0m ws-erlang-cowboy-28-4-3 | [0;32m150/150 ok[0m | 1.9s | 78 msg/s | results/2026-05-07_142551/websocket/ws-erlang-cowboy-28-4-3_burst.csv
[0;36m[PROGRESS][0m 364/406 (89%) | elapsed 8h09m | ETA ~56m | remaining 42 | WebSocket burst/stream | ws-erlang-cowboy-28-4-3 | BURST 6/9 | clients=50 size_kb=65536 bursts=3 interval=0.5s
[0;35m[MEASURE][0m ws-erlang-cowboy-28-4-3 | Docker start + WebSocket readiness wait …
[0;35m[MEASURE][0m ws-erlang-cowboy-28-4-3 | Scaphandre power sampling + WebSocket load | burst | clients=50 size_kb=65536 bursts=3 interval=0.5s
[0;35m[MEASURE][0m ws-erlang-cowboy-28-4-3 | stopping Scaphandre + appending CSV …
[0;35m[MEASURE][0m ws-erlang-cowboy-28-4-3 | [0;32m150/150 ok[0m | 23.6s | 6 msg/s | results/2026-05-07_142551/websocket/ws-erlang-cowboy-28-4-3_burst.csv
[0;36m[PROGRESS][0m 365/406 (89%) | elapsed 8h11m | ETA ~55m | remaining 41 | WebSocket burst/stream | ws-erlang-cowboy-28-4-3 | BURST 7/9 | clients=100 size_kb=8 bursts=3 interval=0.5s
[0;35m[MEASURE][0m ws-erlang-cowboy-28-4-3 | Docker start + WebSocket readiness wait …
[0;35m[MEASURE][0m ws-erlang-cowboy-28-4-3 | Scaphandre power sampling + WebSocket load | burst | clients=100 size_kb=8 bursts=3 interval=0.5s
[0;35m[MEASURE][0m ws-erlang-cowboy-28-4-3 | stopping Scaphandre + appending CSV …
[0;35m[MEASURE][0m ws-erlang-cowboy-28-4-3 | [0;32m300/300 ok[0m | 1.7s | 176 msg/s | results/2026-05-07_142551/websocket/ws-erlang-cowboy-28-4-3_burst.csv
[0;36m[PROGRESS][0m 366/406 (90%) | elapsed 8h12m | ETA ~53m | remaining 40 | WebSocket burst/stream | ws-erlang-cowboy-28-4-3 | BURST 8/9 | clients=100 size_kb=1024 bursts=3 interval=0.5s
[0;35m[MEASURE][0m ws-erlang-cowboy-28-4-3 | Docker start + WebSocket readiness wait …
[0;35m[MEASURE][0m ws-erlang-cowboy-28-4-3 | Scaphandre power sampling + WebSocket load | burst | clients=100 size_kb=1024 bursts=3 interval=0.5s
[0;35m[MEASURE][0m ws-erlang-cowboy-28-4-3 | stopping Scaphandre + appending CSV …
[0;35m[MEASURE][0m ws-erlang-cowboy-28-4-3 | [0;32m300/300 ok[0m | 2.2s | 138 msg/s | results/2026-05-07_142551/websocket/ws-erlang-cowboy-28-4-3_burst.csv
[0;36m[PROGRESS][0m 367/406 (90%) | elapsed 8h12m | ETA ~52m | remaining 39 | WebSocket burst/stream | ws-erlang-cowboy-28-4-3 | BURST 9/9 | clients=100 size_kb=65536 bursts=3 interval=0.5s
[0;35m[MEASURE][0m ws-erlang-cowboy-28-4-3 | Docker start + WebSocket readiness wait …
[0;35m[MEASURE][0m ws-erlang-cowboy-28-4-3 | Scaphandre power sampling + WebSocket load | burst | clients=100 size_kb=65536 bursts=3 interval=0.5s
[0;35m[MEASURE][0m ws-erlang-cowboy-28-4-3 | stopping Scaphandre + appending CSV …
[0;35m[MEASURE][0m ws-erlang-cowboy-28-4-3 | [0;32m300/300 ok[0m | 53.5s | 6 msg/s | results/2026-05-07_142551/websocket/ws-erlang-cowboy-28-4-3_burst.csv
[0;36m[PROGRESS][0m 368/406 (90%) | elapsed 8h14m | ETA ~51m | remaining 38 | WebSocket burst/stream | ws-erlang-cowboy-28-4-3 | STREAM 1/9 | clients=5 size_kb=8 rate=10 duration=5s
[0;35m[MEASURE][0m ws-erlang-cowboy-28-4-3 | Docker start + WebSocket readiness wait …
[0;35m[MEASURE][0m ws-erlang-cowboy-28-4-3 | Scaphandre power sampling + WebSocket load | stream | clients=5 size_kb=8 rate=10/s duration=5s
[0;35m[MEASURE][0m ws-erlang-cowboy-28-4-3 | stopping Scaphandre + appending CSV …
[0;35m[MEASURE][0m ws-erlang-cowboy-28-4-3 | [0;32m245/245 ok[0m | 5.0s | 49 msg/s | results/2026-05-07_142551/websocket/ws-erlang-cowboy-28-4-3_stream.csv
[0;36m[PROGRESS][0m 369/406 (90%) | elapsed 8h15m | ETA ~49m | remaining 37 | WebSocket burst/stream | ws-erlang-cowboy-28-4-3 | STREAM 2/9 | clients=5 size_kb=1024 rate=10 duration=5s
[0;35m[MEASURE][0m ws-erlang-cowboy-28-4-3 | Docker start + WebSocket readiness wait …
[0;35m[MEASURE][0m ws-erlang-cowboy-28-4-3 | Scaphandre power sampling + WebSocket load | stream | clients=5 size_kb=1024 rate=10/s duration=5s
[0;35m[MEASURE][0m ws-erlang-cowboy-28-4-3 | stopping Scaphandre + appending CSV …
[0;35m[MEASURE][0m ws-erlang-cowboy-28-4-3 | [0;32m220/220 ok[0m | 5.1s | 43 msg/s | results/2026-05-07_142551/websocket/ws-erlang-cowboy-28-4-3_stream.csv
[0;36m[PROGRESS][0m 370/406 (91%) | elapsed 8h16m | ETA ~48m | remaining 36 | WebSocket burst/stream | ws-erlang-cowboy-28-4-3 | STREAM 3/9 | clients=5 size_kb=65536 rate=10 duration=5s
[0;35m[MEASURE][0m ws-erlang-cowboy-28-4-3 | Docker start + WebSocket readiness wait …
[0;35m[MEASURE][0m ws-erlang-cowboy-28-4-3 | Scaphandre power sampling + WebSocket load | stream | clients=5 size_kb=65536 rate=10/s duration=5s
[0;35m[MEASURE][0m ws-erlang-cowboy-28-4-3 | stopping Scaphandre + appending CSV …
[0;35m[MEASURE][0m ws-erlang-cowboy-28-4-3 | [0;32m47/47 ok[0m | 5.8s | 8 msg/s | results/2026-05-07_142551/websocket/ws-erlang-cowboy-28-4-3_stream.csv
[0;36m[PROGRESS][0m 371/406 (91%) | elapsed 8h17m | ETA ~46m | remaining 35 | WebSocket burst/stream | ws-erlang-cowboy-28-4-3 | STREAM 4/9 | clients=50 size_kb=8 rate=10 duration=5s
[0;35m[MEASURE][0m ws-erlang-cowboy-28-4-3 | Docker start + WebSocket readiness wait …
[0;35m[MEASURE][0m ws-erlang-cowboy-28-4-3 | Scaphandre power sampling + WebSocket load | stream | clients=50 size_kb=8 rate=10/s duration=5s
[0;35m[MEASURE][0m ws-erlang-cowboy-28-4-3 | stopping Scaphandre + appending CSV …
[0;35m[MEASURE][0m ws-erlang-cowboy-28-4-3 | [0;32m2450/2450 ok[0m | 5.2s | 471 msg/s | results/2026-05-07_142551/websocket/ws-erlang-cowboy-28-4-3_stream.csv
[0;36m[PROGRESS][0m 372/406 (91%) | elapsed 8h18m | ETA ~45m | remaining 34 | WebSocket burst/stream | ws-erlang-cowboy-28-4-3 | STREAM 5/9 | clients=50 size_kb=1024 rate=10 duration=5s
[0;35m[MEASURE][0m ws-erlang-cowboy-28-4-3 | Docker start + WebSocket readiness wait …
[0;35m[MEASURE][0m ws-erlang-cowboy-28-4-3 | Scaphandre power sampling + WebSocket load | stream | clients=50 size_kb=1024 rate=10/s duration=5s
[0;35m[MEASURE][0m ws-erlang-cowboy-28-4-3 | stopping Scaphandre + appending CSV …
[0;35m[MEASURE][0m ws-erlang-cowboy-28-4-3 | [0;32m1322/1322 ok[0m | 5.4s | 247 msg/s | results/2026-05-07_142551/websocket/ws-erlang-cowboy-28-4-3_stream.csv
[0;36m[PROGRESS][0m 373/406 (91%) | elapsed 8h19m | ETA ~44m | remaining 33 | WebSocket burst/stream | ws-erlang-cowboy-28-4-3 | STREAM 6/9 | clients=50 size_kb=65536 rate=10 duration=5s
[0;35m[MEASURE][0m ws-erlang-cowboy-28-4-3 | Docker start + WebSocket readiness wait …
[0;35m[MEASURE][0m ws-erlang-cowboy-28-4-3 | Scaphandre power sampling + WebSocket load | stream | clients=50 size_kb=65536 rate=10/s duration=5s
[0;35m[MEASURE][0m ws-erlang-cowboy-28-4-3 | stopping Scaphandre + appending CSV …
[0;35m[MEASURE][0m ws-erlang-cowboy-28-4-3 | [0;32m53/53 ok[0m | 11.2s | 5 msg/s | results/2026-05-07_142551/websocket/ws-erlang-cowboy-28-4-3_stream.csv
[0;36m[PROGRESS][0m 374/406 (92%) | elapsed 8h20m | ETA ~42m | remaining 32 | WebSocket burst/stream | ws-erlang-cowboy-28-4-3 | STREAM 7/9 | clients=100 size_kb=8 rate=10 duration=5s
[0;35m[MEASURE][0m ws-erlang-cowboy-28-4-3 | Docker start + WebSocket readiness wait …
[0;35m[MEASURE][0m ws-erlang-cowboy-28-4-3 | Scaphandre power sampling + WebSocket load | stream | clients=100 size_kb=8 rate=10/s duration=5s
[0;35m[MEASURE][0m ws-erlang-cowboy-28-4-3 | stopping Scaphandre + appending CSV …
[0;35m[MEASURE][0m ws-erlang-cowboy-28-4-3 | [0;32m4814/4814 ok[0m | 5.3s | 909 msg/s | results/2026-05-07_142551/websocket/ws-erlang-cowboy-28-4-3_stream.csv
[0;36m[PROGRESS][0m 375/406 (92%) | elapsed 8h21m | ETA ~41m | remaining 31 | WebSocket burst/stream | ws-erlang-cowboy-28-4-3 | STREAM 8/9 | clients=100 size_kb=1024 rate=10 duration=5s
[0;35m[MEASURE][0m ws-erlang-cowboy-28-4-3 | Docker start + WebSocket readiness wait …
[0;35m[MEASURE][0m ws-erlang-cowboy-28-4-3 | Scaphandre power sampling + WebSocket load | stream | clients=100 size_kb=1024 rate=10/s duration=5s
[0;35m[MEASURE][0m ws-erlang-cowboy-28-4-3 | stopping Scaphandre + appending CSV …
[0;35m[MEASURE][0m ws-erlang-cowboy-28-4-3 | [0;32m2581/2581 ok[0m | 5.4s | 477 msg/s | results/2026-05-07_142551/websocket/ws-erlang-cowboy-28-4-3_stream.csv
[0;36m[PROGRESS][0m 376/406 (92%) | elapsed 8h22m | ETA ~40m | remaining 30 | WebSocket burst/stream | ws-erlang-cowboy-28-4-3 | STREAM 9/9 | clients=100 size_kb=65536 rate=10 duration=5s
[0;35m[MEASURE][0m ws-erlang-cowboy-28-4-3 | Docker start + WebSocket readiness wait …
[0;35m[MEASURE][0m ws-erlang-cowboy-28-4-3 | Scaphandre power sampling + WebSocket load | stream | clients=100 size_kb=65536 rate=10/s duration=5s
[0;35m[MEASURE][0m ws-erlang-cowboy-28-4-3 | stopping Scaphandre + appending CSV …
[0;35m[MEASURE][0m ws-erlang-cowboy-28-4-3 | [0;32m100/100 ok[0m | 21.9s | 5 msg/s | results/2026-05-07_142551/websocket/ws-erlang-cowboy-28-4-3_stream.csv

[0;34m=== WebSocket Concurrency: ws-elixir-bandit-1-8-5 ===[0m
[0;36m[PROGRESS][0m 377/406 (92%) | elapsed 8h23m | ETA ~38m | remaining 29 | WebSocket concurrency | ws-elixir-bandit-1-8-5 | concurrency 1/3 | clients=100 size_kb=8
[0;35m[MEASURE][0m ws-elixir-bandit-1-8-5 | Docker start + WebSocket readiness wait …
[0;35m[MEASURE][0m ws-elixir-bandit-1-8-5 | Scaphandre power sampling + WebSocket load | burst | clients=100 size_kb=8 bursts=3 interval=0.5s
[0;35m[MEASURE][0m ws-elixir-bandit-1-8-5 | stopping Scaphandre + appending CSV …
[0;35m[MEASURE][0m ws-elixir-bandit-1-8-5 | [0;32m300/300 ok[0m | 1.7s | 177 msg/s | results/2026-05-07_142551/websocket/ws-elixir-bandit-1-8-5_concurrency.csv
  -> [SUCCESS] 300/300, Avg Latency: 6.744572919924394 ms, Throughput: 1.3852485905704344 MB/s
[0;36m[PROGRESS][0m 378/406 (93%) | elapsed 8h24m | ETA ~37m | remaining 28 | WebSocket concurrency | ws-elixir-bandit-1-8-5 | concurrency 2/3 | clients=1000 size_kb=8
[0;35m[MEASURE][0m ws-elixir-bandit-1-8-5 | Docker start + WebSocket readiness wait …
[0;35m[MEASURE][0m ws-elixir-bandit-1-8-5 | Scaphandre power sampling + WebSocket load | burst | clients=1000 size_kb=8 bursts=3 interval=0.5s
[0;35m[MEASURE][0m ws-elixir-bandit-1-8-5 | stopping Scaphandre + appending CSV …
[0;35m[MEASURE][0m ws-elixir-bandit-1-8-5 | [0;32m3000/3000 ok[0m | 2.3s | 1324 msg/s | results/2026-05-07_142551/websocket/ws-elixir-bandit-1-8-5_concurrency.csv
  -> [SUCCESS] 3000/3000, Avg Latency: 30.308287507004326 ms, Throughput: 10.340564140551056 MB/s
[0;36m[PROGRESS][0m 379/406 (93%) | elapsed 8h25m | ETA ~36m | remaining 27 | WebSocket concurrency | ws-elixir-bandit-1-8-5 | concurrency 3/3 | clients=5000 size_kb=8
[0;35m[MEASURE][0m ws-elixir-bandit-1-8-5 | Docker start + WebSocket readiness wait …
[0;35m[MEASURE][0m ws-elixir-bandit-1-8-5 | Scaphandre power sampling + WebSocket load | burst | clients=5000 size_kb=8 bursts=3 interval=0.5s
[0;35m[MEASURE][0m ws-elixir-bandit-1-8-5 | stopping Scaphandre + appending CSV …
[0;35m[MEASURE][0m ws-elixir-bandit-1-8-5 | [0;32m15000/15000 ok[0m | 5.1s | 2918 msg/s | results/2026-05-07_142551/websocket/ws-elixir-bandit-1-8-5_concurrency.csv
  -> [SUCCESS] 15000/15000, Avg Latency: 156.43969851180978 ms, Throughput: 22.79354268284709 MB/s
[0;32m[SUCCESS][0m Concurrency completed for ws-elixir-bandit-1-8-5 at Thu May  7 10:52:09 PM CEST 2026
[0;34m[INFO][0m Results saved to: results/2026-05-07_142551/websocket/ws-elixir-bandit-1-8-5_concurrency.csv

[0;34m=== WebSocket Payload: ws-elixir-bandit-1-8-5 ===[0m
[0;36m[PROGRESS][0m 380/406 (93%) | elapsed 8h26m | ETA ~34m | remaining 26 | WebSocket payload | ws-elixir-bandit-1-8-5 | payload 1/3 | clients=5 size_kb=8
[0;35m[MEASURE][0m ws-elixir-bandit-1-8-5 | Docker start + WebSocket readiness wait …
[0;35m[MEASURE][0m ws-elixir-bandit-1-8-5 | Scaphandre power sampling + WebSocket load | burst | clients=5 size_kb=8 bursts=3 interval=0.5s
[0;35m[MEASURE][0m ws-elixir-bandit-1-8-5 | stopping Scaphandre + appending CSV …
[0;35m[MEASURE][0m ws-elixir-bandit-1-8-5 | [0;32m15/15 ok[0m | 1.5s | 10 msg/s | results/2026-05-07_142551/websocket/ws-elixir-bandit-1-8-5_payload.csv
  -> [SUCCESS] 15/15, Avg Latency: 0.9239101995869229 ms, Throughput: 0.07698448610365183 MB/s
[0;36m[PROGRESS][0m 381/406 (93%) | elapsed 8h27m | ETA ~33m | remaining 25 | WebSocket payload | ws-elixir-bandit-1-8-5 | payload 2/3 | clients=5 size_kb=1024
[0;35m[MEASURE][0m ws-elixir-bandit-1-8-5 | Docker start + WebSocket readiness wait …
[0;35m[MEASURE][0m ws-elixir-bandit-1-8-5 | Scaphandre power sampling + WebSocket load | burst | clients=5 size_kb=1024 bursts=3 interval=0.5s
[0;35m[MEASURE][0m ws-elixir-bandit-1-8-5 | stopping Scaphandre + appending CSV …
[0;35m[MEASURE][0m ws-elixir-bandit-1-8-5 | [0;32m15/15 ok[0m | 1.6s | 10 msg/s | results/2026-05-07_142551/websocket/ws-elixir-bandit-1-8-5_payload.csv
  -> [SUCCESS] 15/15, Avg Latency: 10.319528132580066 ms, Throughput: 9.619170530135207 MB/s
[0;36m[PROGRESS][0m 382/406 (94%) | elapsed 8h27m | ETA ~31m | remaining 24 | WebSocket payload | ws-elixir-bandit-1-8-5 | payload 3/3 | clients=5 size_kb=65536
[0;35m[MEASURE][0m ws-elixir-bandit-1-8-5 | Docker start + WebSocket readiness wait …
[0;35m[MEASURE][0m ws-elixir-bandit-1-8-5 | Scaphandre power sampling + WebSocket load | burst | clients=5 size_kb=65536 bursts=3 interval=0.5s
[0;35m[MEASURE][0m ws-elixir-bandit-1-8-5 | stopping Scaphandre + appending CSV …
[0;35m[MEASURE][0m ws-elixir-bandit-1-8-5 | [0;32m15/15 ok[0m | 3.7s | 4 msg/s | results/2026-05-07_142551/websocket/ws-elixir-bandit-1-8-5_payload.csv
  -> [SUCCESS] 15/15, Avg Latency: 579.2267822670207 ms, Throughput: 257.5075727987945 MB/s
[0;32m[SUCCESS][0m Payload completed for ws-elixir-bandit-1-8-5 at Thu May  7 10:54:31 PM CEST 2026
[0;34m[INFO][0m Results saved to: results/2026-05-07_142551/websocket/ws-elixir-bandit-1-8-5_payload.csv

[0;34m=== WebSocket Concurrency: ws-elixir-cowboy-1-19-5 ===[0m
[0;36m[PROGRESS][0m 383/406 (94%) | elapsed 8h28m | ETA ~30m | remaining 23 | WebSocket concurrency | ws-elixir-cowboy-1-19-5 | concurrency 1/3 | clients=100 size_kb=8
[0;35m[MEASURE][0m ws-elixir-cowboy-1-19-5 | Docker start + WebSocket readiness wait …
[0;35m[MEASURE][0m ws-elixir-cowboy-1-19-5 | Scaphandre power sampling + WebSocket load | burst | clients=100 size_kb=8 bursts=3 interval=0.5s
[0;35m[MEASURE][0m ws-elixir-cowboy-1-19-5 | stopping Scaphandre + appending CSV …
[0;35m[MEASURE][0m ws-elixir-cowboy-1-19-5 | [0;32m300/300 ok[0m | 1.7s | 173 msg/s | results/2026-05-07_142551/websocket/ws-elixir-cowboy-1-19-5_concurrency.csv
  -> [SUCCESS] 300/300, Avg Latency: 7.931801486641537 ms, Throughput: 1.352280074282963 MB/s
[0;36m[PROGRESS][0m 384/406 (94%) | elapsed 8h29m | ETA ~29m | remaining 22 | WebSocket concurrency | ws-elixir-cowboy-1-19-5 | concurrency 2/3 | clients=1000 size_kb=8
[0;35m[MEASURE][0m ws-elixir-cowboy-1-19-5 | Docker start + WebSocket readiness wait …
[0;35m[MEASURE][0m ws-elixir-cowboy-1-19-5 | Scaphandre power sampling + WebSocket load | burst | clients=1000 size_kb=8 bursts=3 interval=0.5s
[0;35m[MEASURE][0m ws-elixir-cowboy-1-19-5 | stopping Scaphandre + appending CSV …
[0;35m[MEASURE][0m ws-elixir-cowboy-1-19-5 | [0;32m3000/3000 ok[0m | 2.2s | 1345 msg/s | results/2026-05-07_142551/websocket/ws-elixir-cowboy-1-19-5_concurrency.csv
  -> [SUCCESS] 3000/3000, Avg Latency: 29.958955594300885 ms, Throughput: 10.506971193259053 MB/s
[0;36m[PROGRESS][0m 385/406 (94%) | elapsed 8h30m | ETA ~27m | remaining 21 | WebSocket concurrency | ws-elixir-cowboy-1-19-5 | concurrency 3/3 | clients=5000 size_kb=8
[0;35m[MEASURE][0m ws-elixir-cowboy-1-19-5 | Docker start + WebSocket readiness wait …
[0;35m[MEASURE][0m ws-elixir-cowboy-1-19-5 | Scaphandre power sampling + WebSocket load | burst | clients=5000 size_kb=8 bursts=3 interval=0.5s
[0;35m[MEASURE][0m ws-elixir-cowboy-1-19-5 | stopping Scaphandre + appending CSV …
[0;35m[MEASURE][0m ws-elixir-cowboy-1-19-5 | [0;32m15000/15000 ok[0m | 5.1s | 2967 msg/s | results/2026-05-07_142551/websocket/ws-elixir-cowboy-1-19-5_concurrency.csv
  -> [SUCCESS] 15000/15000, Avg Latency: 152.7112409528687 ms, Throughput: 23.17656537654445 MB/s
[0;32m[SUCCESS][0m Concurrency completed for ws-elixir-cowboy-1-19-5 at Thu May  7 10:56:53 PM CEST 2026
[0;34m[INFO][0m Results saved to: results/2026-05-07_142551/websocket/ws-elixir-cowboy-1-19-5_concurrency.csv

[0;34m=== WebSocket Payload: ws-elixir-cowboy-1-19-5 ===[0m
[0;36m[PROGRESS][0m 386/406 (95%) | elapsed 8h31m | ETA ~26m | remaining 20 | WebSocket payload | ws-elixir-cowboy-1-19-5 | payload 1/3 | clients=5 size_kb=8
[0;35m[MEASURE][0m ws-elixir-cowboy-1-19-5 | Docker start + WebSocket readiness wait …
[0;35m[MEASURE][0m ws-elixir-cowboy-1-19-5 | Scaphandre power sampling + WebSocket load | burst | clients=5 size_kb=8 bursts=3 interval=0.5s
[0;35m[MEASURE][0m ws-elixir-cowboy-1-19-5 | stopping Scaphandre + appending CSV …
[0;35m[MEASURE][0m ws-elixir-cowboy-1-19-5 | [0;32m15/15 ok[0m | 1.5s | 10 msg/s | results/2026-05-07_142551/websocket/ws-elixir-cowboy-1-19-5_payload.csv
  -> [SUCCESS] 15/15, Avg Latency: 1.181180533361233 ms, Throughput: 0.07711952789393178 MB/s
[0;36m[PROGRESS][0m 387/406 (95%) | elapsed 8h31m | ETA ~25m | remaining 19 | WebSocket payload | ws-elixir-cowboy-1-19-5 | payload 2/3 | clients=5 size_kb=1024
[0;35m[MEASURE][0m ws-elixir-cowboy-1-19-5 | Docker start + WebSocket readiness wait …
[0;35m[MEASURE][0m ws-elixir-cowboy-1-19-5 | Scaphandre power sampling + WebSocket load | burst | clients=5 size_kb=1024 bursts=3 interval=0.5s
[0;35m[MEASURE][0m ws-elixir-cowboy-1-19-5 | stopping Scaphandre + appending CSV …
[0;35m[MEASURE][0m ws-elixir-cowboy-1-19-5 | [0;32m15/15 ok[0m | 1.6s | 10 msg/s | results/2026-05-07_142551/websocket/ws-elixir-cowboy-1-19-5_payload.csv
  -> [SUCCESS] 15/15, Avg Latency: 8.56567126659987 ms, Throughput: 9.65950079154263 MB/s
[0;36m[PROGRESS][0m 388/406 (95%) | elapsed 8h32m | ETA ~23m | remaining 18 | WebSocket payload | ws-elixir-cowboy-1-19-5 | payload 3/3 | clients=5 size_kb=65536
[0;35m[MEASURE][0m ws-elixir-cowboy-1-19-5 | Docker start + WebSocket readiness wait …
[0;35m[MEASURE][0m ws-elixir-cowboy-1-19-5 | Scaphandre power sampling + WebSocket load | burst | clients=5 size_kb=65536 bursts=3 interval=0.5s
[0;35m[MEASURE][0m ws-elixir-cowboy-1-19-5 | stopping Scaphandre + appending CSV …
[0;35m[MEASURE][0m ws-elixir-cowboy-1-19-5 | [0;32m15/15 ok[0m | 3.4s | 4 msg/s | results/2026-05-07_142551/websocket/ws-elixir-cowboy-1-19-5_payload.csv
  -> [SUCCESS] 15/15, Avg Latency: 494.9888353330607 ms, Throughput: 279.53283500771704 MB/s
[0;32m[SUCCESS][0m Payload completed for ws-elixir-cowboy-1-19-5 at Thu May  7 10:59:16 PM CEST 2026
[0;34m[INFO][0m Results saved to: results/2026-05-07_142551/websocket/ws-elixir-cowboy-1-19-5_payload.csv

[0;34m=== WebSocket Concurrency: ws-gleam-mist-1-15-2 ===[0m
[0;36m[PROGRESS][0m 389/406 (95%) | elapsed 8h33m | ETA ~22m | remaining 17 | WebSocket concurrency | ws-gleam-mist-1-15-2 | concurrency 1/3 | clients=100 size_kb=8
[0;35m[MEASURE][0m ws-gleam-mist-1-15-2 | Docker start + WebSocket readiness wait …
[0;35m[MEASURE][0m ws-gleam-mist-1-15-2 | Scaphandre power sampling + WebSocket load | burst | clients=100 size_kb=8 bursts=3 interval=0.5s
[0;35m[MEASURE][0m ws-gleam-mist-1-15-2 | stopping Scaphandre + appending CSV …
[0;35m[MEASURE][0m ws-gleam-mist-1-15-2 | [0;32m300/300 ok[0m | 1.8s | 168 msg/s | results/2026-05-07_142551/websocket/ws-gleam-mist-1-15-2_concurrency.csv
  -> [SUCCESS] 300/300, Avg Latency: 15.746720750030363 ms, Throughput: 1.3159772413473667 MB/s
[0;36m[PROGRESS][0m 390/406 (96%) | elapsed 8h34m | ETA ~21m | remaining 16 | WebSocket concurrency | ws-gleam-mist-1-15-2 | concurrency 2/3 | clients=1000 size_kb=8
[0;35m[MEASURE][0m ws-gleam-mist-1-15-2 | Docker start + WebSocket readiness wait …
[0;35m[MEASURE][0m ws-gleam-mist-1-15-2 | Scaphandre power sampling + WebSocket load | burst | clients=1000 size_kb=8 bursts=3 interval=0.5s
[0;35m[MEASURE][0m ws-gleam-mist-1-15-2 | stopping Scaphandre + appending CSV …
[0;35m[MEASURE][0m ws-gleam-mist-1-15-2 | [0;32m3000/3000 ok[0m | 2.8s | 1073 msg/s | results/2026-05-07_142551/websocket/ws-gleam-mist-1-15-2_concurrency.csv
  -> [SUCCESS] 3000/3000, Avg Latency: 112.30142070334841 ms, Throughput: 8.384236570841784 MB/s
[0;36m[PROGRESS][0m 391/406 (96%) | elapsed 8h35m | ETA ~19m | remaining 15 | WebSocket concurrency | ws-gleam-mist-1-15-2 | concurrency 3/3 | clients=5000 size_kb=8
[0;35m[MEASURE][0m ws-gleam-mist-1-15-2 | Docker start + WebSocket readiness wait …
[0;35m[MEASURE][0m ws-gleam-mist-1-15-2 | Scaphandre power sampling + WebSocket load | burst | clients=5000 size_kb=8 bursts=3 interval=0.5s
[0;35m[MEASURE][0m ws-gleam-mist-1-15-2 | stopping Scaphandre + appending CSV …
[0;35m[MEASURE][0m ws-gleam-mist-1-15-2 | [0;32m15000/15000 ok[0m | 7.4s | 2015 msg/s | results/2026-05-07_142551/websocket/ws-gleam-mist-1-15-2_concurrency.csv
  -> [SUCCESS] 15000/15000, Avg Latency: 519.7389981462524 ms, Throughput: 15.745393098256544 MB/s
[0;32m[SUCCESS][0m Concurrency completed for ws-gleam-mist-1-15-2 at Thu May  7 11:02:08 PM CEST 2026
[0;34m[INFO][0m Results saved to: results/2026-05-07_142551/websocket/ws-gleam-mist-1-15-2_concurrency.csv

[0;34m=== WebSocket Payload: ws-gleam-mist-1-15-2 ===[0m
[0;36m[PROGRESS][0m 392/406 (96%) | elapsed 8h36m | ETA ~18m | remaining 14 | WebSocket payload | ws-gleam-mist-1-15-2 | payload 1/3 | clients=5 size_kb=8
[0;35m[MEASURE][0m ws-gleam-mist-1-15-2 | Docker start + WebSocket readiness wait …
[0;35m[MEASURE][0m ws-gleam-mist-1-15-2 | Scaphandre power sampling + WebSocket load | burst | clients=5 size_kb=8 bursts=3 interval=0.5s
[0;35m[MEASURE][0m ws-gleam-mist-1-15-2 | stopping Scaphandre + appending CSV …
[0;35m[MEASURE][0m ws-gleam-mist-1-15-2 | [0;32m15/15 ok[0m | 1.5s | 10 msg/s | results/2026-05-07_142551/websocket/ws-gleam-mist-1-15-2_payload.csv
  -> [SUCCESS] 15/15, Avg Latency: 1.9338176001231961 ms, Throughput: 0.07690286960416895 MB/s
[0;36m[PROGRESS][0m 393/406 (96%) | elapsed 8h37m | ETA ~17m | remaining 13 | WebSocket payload | ws-gleam-mist-1-15-2 | payload 2/3 | clients=5 size_kb=1024
[0;35m[MEASURE][0m ws-gleam-mist-1-15-2 | Docker start + WebSocket readiness wait …
[0;35m[MEASURE][0m ws-gleam-mist-1-15-2 | Scaphandre power sampling + WebSocket load | burst | clients=5 size_kb=1024 bursts=3 interval=0.5s
[0;35m[MEASURE][0m ws-gleam-mist-1-15-2 | stopping Scaphandre + appending CSV …
[0;35m[MEASURE][0m ws-gleam-mist-1-15-2 | [0;32m15/15 ok[0m | 2.6s | 6 msg/s | results/2026-05-07_142551/websocket/ws-gleam-mist-1-15-2_payload.csv
  -> [SUCCESS] 15/15, Avg Latency: 213.1045731335083 ms, Throughput: 5.772543585004476 MB/s
[0;36m[PROGRESS][0m 394/406 (97%) | elapsed 8h38m | ETA ~15m | remaining 12 | WebSocket payload | ws-gleam-mist-1-15-2 | payload 3/3 | clients=5 size_kb=65536
[0;35m[MEASURE][0m ws-gleam-mist-1-15-2 | Docker start + WebSocket readiness wait …
[0;35m[MEASURE][0m ws-gleam-mist-1-15-2 | Scaphandre power sampling + WebSocket load | burst | clients=5 size_kb=65536 bursts=3 interval=0.5s
[0;35m[MEASURE][0m ws-gleam-mist-1-15-2 | WebSocket messages 5 (60s elapsed)
[0;35m[MEASURE][0m ws-gleam-mist-1-15-2 | WebSocket messages 13 (120s elapsed)
[0;35m[MEASURE][0m ws-gleam-mist-1-15-2 | stopping Scaphandre + appending CSV …
[0;35m[MEASURE][0m ws-gleam-mist-1-15-2 | [0;32m15/15 ok[0m | 122.9s | 0 msg/s | results/2026-05-07_142551/websocket/ws-gleam-mist-1-15-2_payload.csv
  -> [SUCCESS] 15/15, Avg Latency: 33941.21392160038 ms, Throughput: 7.813242104778375 MB/s
[0;32m[SUCCESS][0m Payload completed for ws-gleam-mist-1-15-2 at Thu May  7 11:06:54 PM CEST 2026
[0;34m[INFO][0m Results saved to: results/2026-05-07_142551/websocket/ws-gleam-mist-1-15-2_payload.csv

[0;34m=== WebSocket Concurrency: ws-erlang-yaws-28-4-3 ===[0m
[0;36m[PROGRESS][0m 395/406 (97%) | elapsed 8h41m | ETA ~14m | remaining 11 | WebSocket concurrency | ws-erlang-yaws-28-4-3 | concurrency 1/3 | clients=100 size_kb=8
[0;35m[MEASURE][0m ws-erlang-yaws-28-4-3 | Docker start + WebSocket readiness wait …
[0;35m[MEASURE][0m ws-erlang-yaws-28-4-3 | Scaphandre power sampling + WebSocket load | burst | clients=100 size_kb=8 bursts=3 interval=0.5s
[0;35m[MEASURE][0m ws-erlang-yaws-28-4-3 | stopping Scaphandre + appending CSV …
[0;35m[MEASURE][0m ws-erlang-yaws-28-4-3 | [0;32m300/300 ok[0m | 1.8s | 171 msg/s | results/2026-05-07_142551/websocket/ws-erlang-yaws-28-4-3_concurrency.csv
  -> [SUCCESS] 300/300, Avg Latency: 19.732490233291173 ms, Throughput: 1.3361354337669413 MB/s
[0;36m[PROGRESS][0m 396/406 (97%) | elapsed 8h42m | ETA ~13m | remaining 10 | WebSocket concurrency | ws-erlang-yaws-28-4-3 | concurrency 2/3 | clients=1000 size_kb=8
[0;35m[MEASURE][0m ws-erlang-yaws-28-4-3 | Docker start + WebSocket readiness wait …
[0;35m[MEASURE][0m ws-erlang-yaws-28-4-3 | Scaphandre power sampling + WebSocket load | burst | clients=1000 size_kb=8 bursts=3 interval=0.5s
[0;35m[MEASURE][0m ws-erlang-yaws-28-4-3 | stopping Scaphandre + appending CSV …
[0;35m[MEASURE][0m ws-erlang-yaws-28-4-3 | [0;32m3000/3000 ok[0m | 2.4s | 1233 msg/s | results/2026-05-07_142551/websocket/ws-erlang-yaws-28-4-3_concurrency.csv
  -> [SUCCESS] 3000/3000, Avg Latency: 78.92237266232405 ms, Throughput: 9.63366608798423 MB/s
[0;36m[PROGRESS][0m 397/406 (97%) | elapsed 8h42m | ETA ~11m | remaining 9 | WebSocket concurrency | ws-erlang-yaws-28-4-3 | concurrency 3/3 | clients=5000 size_kb=8
[0;35m[MEASURE][0m ws-erlang-yaws-28-4-3 | Docker start + WebSocket readiness wait …
[0;35m[MEASURE][0m ws-erlang-yaws-28-4-3 | Scaphandre power sampling + WebSocket load | burst | clients=5000 size_kb=8 bursts=3 interval=0.5s
[0;35m[MEASURE][0m ws-erlang-yaws-28-4-3 | stopping Scaphandre + appending CSV …
[0;35m[MEASURE][0m ws-erlang-yaws-28-4-3 | [0;32m15000/15000 ok[0m | 5.4s | 2776 msg/s | results/2026-05-07_142551/websocket/ws-erlang-yaws-28-4-3_concurrency.csv
  -> [SUCCESS] 15000/15000, Avg Latency: 310.3861865563902 ms, Throughput: 21.69105785345641 MB/s
[0;32m[SUCCESS][0m Concurrency completed for ws-erlang-yaws-28-4-3 at Thu May  7 11:09:46 PM CEST 2026
[0;34m[INFO][0m Results saved to: results/2026-05-07_142551/websocket/ws-erlang-yaws-28-4-3_concurrency.csv

[0;34m=== WebSocket Payload: ws-erlang-yaws-28-4-3 ===[0m
[0;36m[PROGRESS][0m 398/406 (98%) | elapsed 8h43m | ETA ~10m | remaining 8 | WebSocket payload | ws-erlang-yaws-28-4-3 | payload 1/3 | clients=5 size_kb=8
[0;35m[MEASURE][0m ws-erlang-yaws-28-4-3 | Docker start + WebSocket readiness wait …
[0;35m[MEASURE][0m ws-erlang-yaws-28-4-3 | Scaphandre power sampling + WebSocket load | burst | clients=5 size_kb=8 bursts=3 interval=0.5s
[0;35m[MEASURE][0m ws-erlang-yaws-28-4-3 | stopping Scaphandre + appending CSV …
[0;35m[MEASURE][0m ws-erlang-yaws-28-4-3 | [0;32m15/15 ok[0m | 1.5s | 10 msg/s | results/2026-05-07_142551/websocket/ws-erlang-yaws-28-4-3_payload.csv
  -> [SUCCESS] 15/15, Avg Latency: 2.8238516659863913 ms, Throughput: 0.07680460827649659 MB/s
[0;36m[PROGRESS][0m 399/406 (98%) | elapsed 8h44m | ETA ~9m | remaining 7 | WebSocket payload | ws-erlang-yaws-28-4-3 | payload 2/3 | clients=5 size_kb=1024
[0;35m[MEASURE][0m ws-erlang-yaws-28-4-3 | Docker start + WebSocket readiness wait …
[0;35m[MEASURE][0m ws-erlang-yaws-28-4-3 | Scaphandre power sampling + WebSocket load | burst | clients=5 size_kb=1024 bursts=3 interval=0.5s
[0;35m[MEASURE][0m ws-erlang-yaws-28-4-3 | stopping Scaphandre + appending CSV …
[0;35m[MEASURE][0m ws-erlang-yaws-28-4-3 | [0;32m15/15 ok[0m | 1.8s | 8 msg/s | results/2026-05-07_142551/websocket/ws-erlang-yaws-28-4-3_payload.csv
  -> [SUCCESS] 15/15, Avg Latency: 86.50560460009729 ms, Throughput: 8.259967269741052 MB/s
[0;36m[PROGRESS][0m 400/406 (98%) | elapsed 8h45m | ETA ~7m | remaining 6 | WebSocket payload | ws-erlang-yaws-28-4-3 | payload 3/3 | clients=5 size_kb=65536
[0;35m[MEASURE][0m ws-erlang-yaws-28-4-3 | Docker start + WebSocket readiness wait …
[0;35m[MEASURE][0m ws-erlang-yaws-28-4-3 | Scaphandre power sampling + WebSocket load | burst | clients=5 size_kb=65536 bursts=3 interval=0.5s
[0;35m[MEASURE][0m ws-erlang-yaws-28-4-3 | stopping Scaphandre + appending CSV …
[0;35m[MEASURE][0m ws-erlang-yaws-28-4-3 | [0;32m15/15 ok[0m | 17.6s | 1 msg/s | results/2026-05-07_142551/websocket/ws-erlang-yaws-28-4-3_payload.csv
  -> [SUCCESS] 15/15, Avg Latency: 5163.73604246716 ms, Throughput: 54.62386128836952 MB/s
[0;32m[SUCCESS][0m Payload completed for ws-erlang-yaws-28-4-3 at Thu May  7 11:12:49 PM CEST 2026
[0;34m[INFO][0m Results saved to: results/2026-05-07_142551/websocket/ws-erlang-yaws-28-4-3_payload.csv

[0;34m=== WebSocket Concurrency: ws-erlang-cowboy-28-4-3 ===[0m
[0;36m[PROGRESS][0m 401/406 (98%) | elapsed 8h46m | ETA ~6m | remaining 5 | WebSocket concurrency | ws-erlang-cowboy-28-4-3 | concurrency 1/3 | clients=100 size_kb=8
[0;35m[MEASURE][0m ws-erlang-cowboy-28-4-3 | Docker start + WebSocket readiness wait …
[0;35m[MEASURE][0m ws-erlang-cowboy-28-4-3 | Scaphandre power sampling + WebSocket load | burst | clients=100 size_kb=8 bursts=3 interval=0.5s
[0;35m[MEASURE][0m ws-erlang-cowboy-28-4-3 | stopping Scaphandre + appending CSV …
[0;35m[MEASURE][0m ws-erlang-cowboy-28-4-3 | [0;32m300/300 ok[0m | 1.7s | 177 msg/s | results/2026-05-07_142551/websocket/ws-erlang-cowboy-28-4-3_concurrency.csv
  -> [SUCCESS] 300/300, Avg Latency: 7.008065596649733 ms, Throughput: 1.3850331210923366 MB/s
[0;36m[PROGRESS][0m 402/406 (99%) | elapsed 8h47m | ETA ~5m | remaining 4 | WebSocket concurrency | ws-erlang-cowboy-28-4-3 | concurrency 2/3 | clients=1000 size_kb=8
[0;35m[MEASURE][0m ws-erlang-cowboy-28-4-3 | Docker start + WebSocket readiness wait …
[0;35m[MEASURE][0m ws-erlang-cowboy-28-4-3 | Scaphandre power sampling + WebSocket load | burst | clients=1000 size_kb=8 bursts=3 interval=0.5s
[0;35m[MEASURE][0m ws-erlang-cowboy-28-4-3 | stopping Scaphandre + appending CSV …
[0;35m[MEASURE][0m ws-erlang-cowboy-28-4-3 | [0;32m3000/3000 ok[0m | 2.5s | 1189 msg/s | results/2026-05-07_142551/websocket/ws-erlang-cowboy-28-4-3_concurrency.csv
  -> [SUCCESS] 3000/3000, Avg Latency: 55.92375745871201 ms, Throughput: 9.28670256875045 MB/s
[0;36m[PROGRESS][0m 403/406 (99%) | elapsed 8h48m | ETA ~3m | remaining 3 | WebSocket concurrency | ws-erlang-cowboy-28-4-3 | concurrency 3/3 | clients=5000 size_kb=8
[0;35m[MEASURE][0m ws-erlang-cowboy-28-4-3 | Docker start + WebSocket readiness wait …
[0;35m[MEASURE][0m ws-erlang-cowboy-28-4-3 | Scaphandre power sampling + WebSocket load | burst | clients=5000 size_kb=8 bursts=3 interval=0.5s
[0;35m[MEASURE][0m ws-erlang-cowboy-28-4-3 | stopping Scaphandre + appending CSV …
[0;35m[MEASURE][0m ws-erlang-cowboy-28-4-3 | [0;32m15000/15000 ok[0m | 5.2s | 2910 msg/s | results/2026-05-07_142551/websocket/ws-erlang-cowboy-28-4-3_concurrency.csv
  -> [SUCCESS] 15000/15000, Avg Latency: 153.30894584275154 ms, Throughput: 22.732259199553642 MB/s
[0;32m[SUCCESS][0m Concurrency completed for ws-erlang-cowboy-28-4-3 at Thu May  7 11:15:40 PM CEST 2026
[0;34m[INFO][0m Results saved to: results/2026-05-07_142551/websocket/ws-erlang-cowboy-28-4-3_concurrency.csv

[0;34m=== WebSocket Payload: ws-erlang-cowboy-28-4-3 ===[0m
[0;36m[PROGRESS][0m 404/406 (99%) | elapsed 8h49m | ETA ~2m | remaining 2 | WebSocket payload | ws-erlang-cowboy-28-4-3 | payload 1/3 | clients=5 size_kb=8
[0;35m[MEASURE][0m ws-erlang-cowboy-28-4-3 | Docker start + WebSocket readiness wait …
[0;35m[MEASURE][0m ws-erlang-cowboy-28-4-3 | Scaphandre power sampling + WebSocket load | burst | clients=5 size_kb=8 bursts=3 interval=0.5s
[0;35m[MEASURE][0m ws-erlang-cowboy-28-4-3 | stopping Scaphandre + appending CSV …
[0;35m[MEASURE][0m ws-erlang-cowboy-28-4-3 | [0;32m15/15 ok[0m | 1.5s | 10 msg/s | results/2026-05-07_142551/websocket/ws-erlang-cowboy-28-4-3_payload.csv
  -> [SUCCESS] 15/15, Avg Latency: 0.9243362668106178 ms, Throughput: 0.07715075869150731 MB/s
[0;36m[PROGRESS][0m 405/406 (99%) | elapsed 8h50m | ETA ~1m | remaining 1 | WebSocket payload | ws-erlang-cowboy-28-4-3 | payload 2/3 | clients=5 size_kb=1024
[0;35m[MEASURE][0m ws-erlang-cowboy-28-4-3 | Docker start + WebSocket readiness wait …
[0;35m[MEASURE][0m ws-erlang-cowboy-28-4-3 | Scaphandre power sampling + WebSocket load | burst | clients=5 size_kb=1024 bursts=3 interval=0.5s
[0;35m[MEASURE][0m ws-erlang-cowboy-28-4-3 | stopping Scaphandre + appending CSV …
[0;35m[MEASURE][0m ws-erlang-cowboy-28-4-3 | [0;32m15/15 ok[0m | 1.6s | 10 msg/s | results/2026-05-07_142551/websocket/ws-erlang-cowboy-28-4-3_payload.csv
  -> [SUCCESS] 15/15, Avg Latency: 8.86621053335451 ms, Throughput: 9.63112598393857 MB/s
[0;36m[PROGRESS][0m 406/406 (100%) | elapsed 8h51m | ETA — | remaining 0 | WebSocket payload | ws-erlang-cowboy-28-4-3 | payload 3/3 | clients=5 size_kb=65536
[0;35m[MEASURE][0m ws-erlang-cowboy-28-4-3 | Docker start + WebSocket readiness wait …
[0;35m[MEASURE][0m ws-erlang-cowboy-28-4-3 | Scaphandre power sampling + WebSocket load | burst | clients=5 size_kb=65536 bursts=3 interval=0.5s
[0;35m[MEASURE][0m ws-erlang-cowboy-28-4-3 | stopping Scaphandre + appending CSV …
[0;35m[MEASURE][0m ws-erlang-cowboy-28-4-3 | [0;32m15/15 ok[0m | 3.3s | 5 msg/s | results/2026-05-07_142551/websocket/ws-erlang-cowboy-28-4-3_payload.csv
  -> [SUCCESS] 15/15, Avg Latency: 448.58729446665774 ms, Throughput: 289.47123409098015 MB/s
[0;32m[SUCCESS][0m Payload completed for ws-erlang-cowboy-28-4-3 at Thu May  7 11:18:26 PM CEST 2026
[0;34m[INFO][0m Results saved to: results/2026-05-07_142551/websocket/ws-erlang-cowboy-28-4-3_payload.csv

[0;34m[INFO][0m Measurement steps finished: 406/406 (total elapsed 8h52m)
[0;32m[SUCCESS][0m Benchmarks completed at Thu May  7 11:18:27 PM CEST 2026
[0;34m[INFO][0m Results saved to: results/2026-05-07_142551

[RUN SUMMARY] All containers ran successfully (no 100% failed requests).
